Season,Date,HomeTeam,AwayTeam,FTHG,FTAG,FTR,HS,AS,HST,AST,HC,AC,HY,AY,HR,AR,B365H,B365D,B365A,PSH,PSD,PSA,HomeElo,AwayElo,Form3Home,Form3Away,Form5Home,Form5Away
2223,2022-08-05,Eintracht Frankfurt,Bayern Munich,1,6,A,8.0,23.0,2.0,10.0,5.0,6.0,2.0,0.0,0.0,0.0,6.0,5.0,1.5,5.84,5.13,1.52,1737.03,1957.97,2.0,2.0,3.0,8.0
2223,2022-08-06,FC Augsburg,SC Freiburg,0,4,A,10.0,19.0,2.0,7.0,5.0,8.0,0.0,0.0,0.0,0.0,3.3,3.5,2.15,3.53,3.59,2.17,1616.25,1718.67,3.0,3.0,6.0,7.0
2223,2022-08-06,VfL Bochum,FSV Mainz 05,1,2,A,16.0,13.0,3.0,6.0,3.0,5.0,2.0,3.0,0.0,0.0,3.2,3.4,2.2,3.34,3.43,2.32,1613.3,1680.2,6.0,7.0,6.0,8.0
2223,2022-08-06,Union Berlin,Hertha,3,1,H,18.0,9.0,8.0,3.0,5.0,4.0,2.0,3.0,0.0,0.0,1.72,3.75,4.5,1.79,3.78,4.97,1730.74,1598.68,7.0,1.0,13.0,7.0
2223,2022-08-06,VfL Wolfsburg,Werder Bremen,2,2,D,13.0,10.0,3.0,5.0,2.0,5.0,2.0,2.0,0.0,0.0,1.85,3.8,3.8,1.93,3.7,4.29,1681.74,1596.97,5.0,6.0,8.0,10.0
2223,2022-08-06,Borussia Dortmund,Bayer Leverkusen,1,0,H,13.0,8.0,4.0,3.0,3.0,3.0,2.0,4.0,0.0,1.0,2.0,4.2,3.2,2.08,4.22,3.28,1799.7,1794.64,6.0,9.0,9.0,12.0
2223,2022-08-07,VfB Stuttgart,RB Leipzig,1,1,D,11.0,27.0,2.0,9.0,1.0,9.0,2.0,1.0,0.0,0.0,4.5,3.8,1.75,4.44,4.12,1.8,1620.82,1811.47,5.0,4.0,6.0,7.0
2223,2022-08-07,1. FC Koln,Schalke 04,3,1,H,30.0,6.0,10.0,2.0,9.0,1.0,0.0,1.0,0.0,1.0,1.7,4.0,4.5,1.75,4.28,4.58,1679.38,1578.8,3.0,9.0,9.0,12.0
2223,2022-08-12,SC Freiburg,Borussia Dortmund,1,3,A,16.0,16.0,7.0,7.0,9.0,2.0,1.0,3.0,0.0,0.0,3.0,3.75,2.2,3.15,3.83,2.26,1718.67,1799.7,3.0,9.0,7.0,9.0
2223,2022-08-13,Werder Bremen,VfB Stuttgart,2,2,D,5.0,14.0,3.0,7.0,2.0,5.0,4.0,2.0,0.0,0.0,2.25,3.6,3.0,2.36,3.62,3.1,1596.97,1620.82,7.0,5.0,10.0,6.0
2223,2022-08-13,RB Leipzig,1. FC Koln,2,2,D,9.0,12.0,5.0,3.0,2.0,7.0,1.0,4.0,1.0,0.0,1.44,4.75,7.0,1.44,4.91,7.76,1811.47,1679.38,5.0,3.0,5.0,9.0
2223,2022-08-13,Hertha,Eintracht Frankfurt,1,1,D,11.0,11.0,5.0,1.0,4.0,5.0,3.0,1.0,0.0,0.0,3.0,3.5,2.3,3.12,3.57,2.37,1598.68,1737.03,0.0,2.0,4.0,3.0
2223,2022-08-13,TSG Hoffenheim,VfL Bochum,3,2,H,24.0,11.0,13.0,5.0,8.0,2.0,1.0,1.0,0.0,0.0,1.57,4.5,5.25,1.61,4.5,5.48,1664.12,1613.3,0.0,3.0,1.0,6.0
2223,2022-08-13,Bayer Leverkusen,FC Augsburg,1,2,A,23.0,6.0,10.0,4.0,7.0,3.0,1.0,6.0,0.0,0.0,1.3,5.75,9.5,1.34,5.68,9.74,1794.64,1616.25,6.0,3.0,12.0,6.0
2223,2022-08-14,FSV Mainz 05,Union Berlin,0,0,D,10.0,10.0,5.0,2.0,4.0,4.0,1.0,0.0,0.0,0.0,2.2,3.25,3.4,2.3,3.23,3.6,1680.2,1730.74,7.0,9.0,10.0,13.0
2223,2022-08-14,Bayern Munich,VfL Wolfsburg,2,0,H,24.0,7.0,8.0,1.0,8.0,4.0,2.0,1.0,0.0,0.0,1.12,9.5,17.0,1.17,9.29,14.98,1957.97,1681.74,5.0,5.0,8.0,9.0
2223,2022-08-20,VfL Wolfsburg,Schalke 04,0,0,D,16.0,9.0,6.0,2.0,12.0,4.0,1.0,3.0,0.0,0.0,1.83,3.8,4.2,1.88,3.78,4.38,1675.8,1575.49,2.0,4.0,6.0,10.0
2223,2022-08-20,Union Berlin,RB Leipzig,2,1,H,9.0,16.0,4.0,2.0,1.0,13.0,2.0,1.0,0.0,0.0,3.6,3.5,2.05,3.7,3.63,2.1,1736.14,1803.08,7.0,3.0,11.0,6.0
2223,2022-08-20,VfB Stuttgart,SC Freiburg,0,1,A,18.0,9.0,5.0,3.0,3.0,1.0,4.0,2.0,0.0,0.0,2.62,3.6,2.55,2.67,3.66,2.67,1625.34,1721.7,5.0,3.0,7.0,6.0
2223,2022-08-20,FC Augsburg,FSV Mainz 05,1,2,A,6.0,14.0,2.0,7.0,3.0,3.0,2.0,2.0,0.0,0.0,3.5,3.5,2.1,3.66,3.58,2.13,1616.56,1687.81,6.0,5.0,6.0,11.0
2223,2022-08-20,Borussia Dortmund,Werder Bremen,2,3,A,5.0,14.0,3.0,7.0,3.0,5.0,4.0,1.0,0.0,0.0,1.36,5.25,7.5,1.41,5.41,7.64,1816.11,1599.96,9.0,5.0,12.0,8.0
2223,2022-08-20,Bayer Leverkusen,TSG Hoffenheim,0,3,A,14.0,10.0,3.0,5.0,3.0,1.0,1.0,4.0,0.0,0.0,1.66,4.33,4.5,1.72,4.42,4.6,1774.9,1661.93,3.0,3.0,9.0,3.0
2223,2022-08-21,Eintracht Frankfurt,1. FC Koln,1,1,D,10.0,6.0,3.0,2.0,5.0,9.0,0.0,1.0,0.0,0.0,1.95,3.75,3.6,2.06,3.84,3.61,1725.97,1690.0,2.0,4.0,3.0,7.0
2223,2022-08-21,VfL Bochum,Bayern Munich,0,7,A,13.0,22.0,7.0,12.0,5.0,5.0,1.0,0.0,0.0,0.0,13.0,8.0,1.18,13.39,8.03,1.2,1600.35,1968.84,0.0,7.0,6.0,8.0
2223,2022-08-26,SC Freiburg,VfL Bochum,1,0,H,28.0,15.0,12.0,5.0,2.0,5.0,2.0,2.0,0.0,0.0,1.5,4.5,6.0,1.53,4.81,6.12,1721.7,1600.35,6.0,0.0,6.0,3.0
2223,2022-08-27,Schalke 04,Union Berlin,1,6,A,12.0,12.0,4.0,7.0,8.0,2.0,1.0,0.0,0.0,0.0,3.1,3.4,2.3,3.16,3.48,2.39,1575.49,1736.14,2.0,7.0,8.0,13.0
2223,2022-08-27,RB Leipzig,VfL Wolfsburg,2,0,H,16.0,9.0,7.0,4.0,8.0,4.0,3.0,3.0,0.0,0.0,1.45,4.75,6.0,1.5,4.73,6.89,1803.08,1675.8,2.0,2.0,6.0,6.0
2223,2022-08-27,TSG Hoffenheim,FC Augsburg,1,0,H,24.0,12.0,6.0,1.0,4.0,6.0,1.0,1.0,0.0,0.0,1.45,4.5,7.0,1.49,4.99,6.52,1661.93,1616.56,6.0,3.0,6.0,6.0
2223,2022-08-27,Hertha,Borussia Dortmund,0,1,A,12.0,24.0,3.0,7.0,6.0,10.0,1.0,0.0,0.0,0.0,4.5,4.33,1.66,4.55,4.62,1.7,1595.72,1816.11,1.0,6.0,1.0,12.0
2223,2022-08-27,FSV Mainz 05,Bayer Leverkusen,0,3,A,17.0,7.0,3.0,5.0,3.0,4.0,1.0,6.0,0.0,2.0,2.75,3.75,2.37,2.75,3.82,2.52,1687.81,1774.9,7.0,0.0,11.0,6.0
2223,2022-08-28,1. FC Koln,VfB Stuttgart,0,0,D,6.0,13.0,2.0,5.0,6.0,8.0,2.0,2.0,0.0,1.0,2.05,3.75,3.4,2.16,3.67,3.48,1690.0,1625.34,5.0,2.0,5.0,6.0
2223,2022-08-28,Werder Bremen,Eintracht Frankfurt,3,4,A,10.0,12.0,4.0,7.0,5.0,7.0,1.0,3.0,0.0,0.0,2.45,3.5,2.8,2.58,3.55,2.83,1599.96,1725.97,5.0,2.0,11.0,4.0
2223,2022-09-02,Borussia Dortmund,TSG Hoffenheim,1,0,H,16.0,7.0,5.0,2.0,5.0,8.0,3.0,4.0,0.0,0.0,1.61,4.5,4.75,1.69,4.66,4.59,1806.69,1688.0,6.0,9.0,12.0,9.0
2223,2022-09-03,VfL Wolfsburg,1. FC Koln,2,4,A,9.0,18.0,3.0,5.0,5.0,4.0,2.0,1.0,0.0,0.0,2.05,3.4,3.75,2.16,3.58,3.57,1666.65,1691.32,1.0,3.0,3.0,6.0
2223,2022-09-03,Eintracht Frankfurt,RB Leipzig,4,0,H,14.0,5.0,9.0,0.0,4.0,3.0,1.0,1.0,0.0,0.0,3.5,3.75,2.0,3.68,3.78,2.06,1730.24,1800.84,5.0,4.0,6.0,6.0
2223,2022-09-03,Union Berlin,Bayern Munich,1,1,D,10.0,21.0,3.0,6.0,5.0,7.0,1.0,2.0,0.0,0.0,7.0,5.25,1.36,7.55,5.74,1.39,1756.06,1966.93,7.0,7.0,13.0,11.0
2223,2022-09-03,VfL Bochum,Werder Bremen,0,2,A,19.0,16.0,6.0,6.0,7.0,3.0,2.0,2.0,0.0,0.0,2.9,3.6,2.3,2.99,3.71,2.39,1592.57,1608.3,0.0,4.0,0.0,8.0
2223,2022-09-03,Bayer Leverkusen,SC Freiburg,2,3,A,15.0,5.0,6.0,3.0,8.0,4.0,2.0,2.0,0.0,0.0,1.9,3.75,3.8,1.92,4.01,3.97,1768.06,1732.8,3.0,6.0,6.0,9.0
2223,2022-09-03,VfB Stuttgart,Schalke 04,1,1,D,13.0,13.0,3.0,4.0,5.0,7.0,4.0,2.0,1.0,0.0,1.75,4.0,4.33,1.79,4.18,4.4,1622.42,1569.18,2.0,2.0,6.0,5.0
2223,2022-09-04,FC Augsburg,Hertha,0,2,A,8.0,16.0,2.0,6.0,5.0,1.0,2.0,1.0,0.0,0.0,2.45,3.3,2.87,2.59,3.4,2.94,1604.61,1588.46,3.0,1.0,6.0,1.0
2223,2022-09-09,Werder Bremen,FC Augsburg,0,1,A,11.0,14.0,6.0,5.0,3.0,7.0,4.0,5.0,0.0,0.0,1.53,4.5,5.5,1.56,4.71,5.9,1608.3,1604.61,6.0,0.0,8.0,3.0
2223,2022-09-10,Bayern Munich,VfB Stuttgart,2,2,D,18.0,8.0,7.0,3.0,3.0,0.0,2.0,5.0,0.0,0.0,1.14,8.0,17.0,1.17,8.98,16.13,1966.93,1622.42,5.0,2.0,11.0,4.0
2223,2022-09-10,Eintracht Frankfurt,VfL Wolfsburg,0,1,A,11.0,6.0,0.0,3.0,10.0,5.0,2.0,4.0,0.0,0.0,2.0,3.6,3.6,2.09,3.57,3.8,1730.24,1666.65,7.0,1.0,8.0,2.0
2223,2022-09-10,Hertha,Bayer Leverkusen,2,2,D,17.0,11.0,6.0,5.0,3.0,5.0,3.0,1.0,0.0,0.0,3.6,4.0,1.9,3.76,4.11,1.94,1588.46,1768.06,3.0,3.0,4.0,3.0
2223,2022-09-10,TSG Hoffenheim,FSV Mainz 05,4,1,H,21.0,10.0,9.0,2.0,7.0,5.0,3.0,2.0,0.0,1.0,2.25,3.75,2.9,2.36,3.58,3.14,1688.0,1682.74,6.0,6.0,9.0,10.0
2223,2022-09-10,RB Leipzig,Borussia Dortmund,3,0,H,14.0,4.0,5.0,0.0,5.0,8.0,2.0,1.0,0.0,0.0,2.3,3.9,2.75,2.39,3.94,2.86,1800.84,1806.69,3.0,6.0,5.0,12.0
2223,2022-09-10,Schalke 04,VfL Bochum,3,1,H,20.0,9.0,8.0,2.0,3.0,8.0,2.0,3.0,0.0,0.0,2.0,3.8,3.5,2.07,3.69,3.73,1569.18,1592.57,2.0,0.0,3.0,0.0
2223,2022-09-11,1. FC Koln,Union Berlin,0,1,A,7.0,12.0,2.0,3.0,7.0,8.0,4.0,1.0,1.0,0.0,2.37,3.4,2.9,2.54,3.53,2.89,1691.32,1756.06,5.0,7.0,9.0,11.0
2223,2022-09-16,FSV Mainz 05,Hertha,1,1,D,12.0,4.0,2.0,2.0,4.0,3.0,3.0,5.0,0.0,0.0,1.72,4.0,4.33,1.79,4.0,4.64,1673.63,1598.25,3.0,4.0,7.0,5.0
2223,2022-09-17,VfB Stuttgart,Eintracht Frankfurt,1,3,A,15.0,13.0,2.0,8.0,7.0,4.0,2.0,0.0,0.0,0.0,2.25,3.5,3.1,2.37,3.64,3.08,1621.15,1724.68,3.0,6.0,4.0,8.0
2223,2022-09-17,Bayer Leverkusen,Werder Bremen,1,1,D,19.0,19.0,7.0,7.0,9.0,6.0,2.0,3.0,0.0,0.0,1.61,4.33,5.0,1.67,4.6,4.83,1753.78,1604.17,4.0,3.0,4.0,7.0
2223,2022-09-17,FC Augsburg,Bayern Munich,1,0,H,9.0,21.0,4.0,7.0,2.0,8.0,3.0,1.0,0.0,0.0,17.0,8.0,1.16,14.69,9.0,1.18,1594.06,1964.85,3.0,3.0,6.0,9.0
2223,2022-09-17,Borussia Dortmund,Schalke 04,1,0,H,19.0,3.0,7.0,0.0,11.0,2.0,3.0,2.0,0.0,0.0,1.36,5.0,8.0,1.41,5.61,7.33,1791.14,1575.28,6.0,4.0,9.0,6.0
2223,2022-09-18,Union Berlin,VfL Wolfsburg,2,0,H,16.0,5.0,4.0,0.0,4.0,1.0,0.0,0.0,0.0,0.0,1.95,3.5,3.8,2.07,3.43,4.02,1747.2,1658.78,7.0,3.0,11.0,4.0
2223,2022-09-18,VfL Bochum,1. FC Koln,1,1,D,7.0,18.0,0.0,3.0,4.0,8.0,0.0,1.0,0.0,0.0,3.1,3.6,2.2,3.09,3.75,2.31,1563.49,1689.21,0.0,4.0,0.0,6.0
2223,2022-09-18,TSG Hoffenheim,SC Freiburg,0,0,D,10.0,14.0,3.0,4.0,5.0,3.0,1.0,2.0,0.0,0.0,2.15,3.6,3.2,2.24,3.71,3.27,1689.79,1736.53,6.0,7.0,12.0,10.0
2223,2022-09-30,Bayern Munich,Bayer Leverkusen,4,0,H,20.0,10.0,10.0,5.0,6.0,2.0,0.0,0.0,0.0,0.0,1.36,6.0,7.0,1.41,6.02,6.71,1964.85,1753.78,2.0,2.0,6.0,5.0
2223,2022-10-01,VfL Wolfsburg,VfB Stuttgart,3,2,H,20.0,15.0,7.0,7.0,8.0,5.0,3.0,5.0,0.0,0.0,2.4,3.4,2.9,2.41,3.53,3.08,1652.8,1613.48,3.0,2.0,4.0,3.0
2223,2022-10-01,RB Leipzig,VfL Bochum,4,0,H,17.0,2.0,9.0,1.0,7.0,2.0,0.0,2.0,0.0,0.0,1.22,6.5,12.0,1.25,7.21,11.05,1752.14,1567.21,3.0,1.0,6.0,1.0
2223,2022-10-01,SC Freiburg,FSV Mainz 05,2,1,H,13.0,17.0,6.0,7.0,5.0,5.0,2.0,4.0,0.0,0.0,2.1,3.6,3.4,2.13,3.66,3.57,1745.68,1671.72,5.0,4.0,11.0,7.0
2223,2022-10-01,Eintracht Frankfurt,Union Berlin,2,0,H,14.0,14.0,4.0,5.0,4.0,7.0,3.0,4.0,1.0,0.0,2.25,3.4,3.2,2.31,3.52,3.27,1734.89,1747.66,6.0,7.0,10.0,13.0
2223,2022-10-01,1. FC Koln,Borussia Dortmund,3,2,H,20.0,21.0,16.0,13.0,7.0,11.0,4.0,3.0,0.0,0.0,3.1,4.0,2.05,3.36,3.93,2.12,1691.55,1794.92,4.0,6.0,6.0,9.0
2223,2022-10-02,Hertha,TSG Hoffenheim,1,1,D,13.0,16.0,5.0,4.0,2.0,6.0,2.0,1.0,0.0,0.0,2.75,3.75,2.37,2.88,3.81,2.42,1602.69,1691.42,5.0,4.0,5.0,10.0
2223,2022-10-02,Schalke 04,FC Augsburg,2,3,A,16.0,11.0,5.0,5.0,8.0,4.0,2.0,6.0,0.0,1.0,1.95,3.8,3.6,1.99,3.75,3.95,1574.03,1610.52,4.0,6.0,5.0,6.0
2223,2022-10-07,TSG Hoffenheim,Werder Bremen,1,2,A,16.0,8.0,6.0,3.0,3.0,3.0,3.0,3.0,0.0,0.0,1.95,3.8,3.5,2.05,4.02,3.48,1691.42,1610.38,5.0,4.0,8.0,7.0
2223,2022-10-08,Borussia Dortmund,Bayern Munich,2,2,D,13.0,9.0,6.0,3.0,7.0,4.0,3.0,6.0,0.0,1.0,4.33,4.75,1.65,4.53,4.88,1.67,1794.92,1956.28,3.0,4.0,9.0,6.0
2223,2022-10-08,FSV Mainz 05,RB Leipzig,1,1,D,9.0,12.0,3.0,3.0,4.0,2.0,1.0,1.0,0.0,0.0,3.0,3.6,2.3,3.07,3.66,2.36,1671.72,1752.14,1.0,6.0,4.0,9.0
2223,2022-10-08,VfL Bochum,Eintracht Frankfurt,3,0,H,11.0,11.0,6.0,2.0,9.0,4.0,2.0,1.0,0.0,0.0,3.75,3.8,1.9,4.01,4.01,1.91,1567.21,1734.89,1.0,6.0,1.0,12.0
2223,2022-10-08,Bayer Leverkusen,Schalke 04,4,0,H,13.0,2.0,7.0,1.0,3.0,3.0,1.0,1.0,0.0,0.0,1.45,4.5,7.0,1.47,5.02,6.83,1744.75,1574.03,2.0,3.0,5.0,4.0
2223,2022-10-08,FC Augsburg,VfL Wolfsburg,1,1,D,18.0,12.0,5.0,7.0,11.0,5.0,5.0,3.0,0.0,0.0,2.9,3.4,2.4,3.04,3.43,2.49,1610.52,1652.8,9.0,6.0,9.0,6.0
2223,2022-10-09,Hertha,SC Freiburg,2,2,D,11.0,10.0,3.0,4.0,4.0,2.0,2.0,1.0,0.0,0.0,3.0,3.5,2.3,3.18,3.41,2.41,1602.69,1745.68,3.0,5.0,6.0,11.0
2223,2022-10-09,VfB Stuttgart,Union Berlin,0,1,A,9.0,7.0,3.0,4.0,2.0,5.0,3.0,3.0,1.0,0.0,2.55,3.1,2.9,2.65,3.25,2.97,1613.48,1747.66,1.0,6.0,3.0,10.0
2223,2022-10-14,Schalke 04,TSG Hoffenheim,0,3,A,14.0,18.0,2.0,7.0,4.0,5.0,2.0,2.0,0.0,0.0,3.6,3.8,1.95,3.72,3.87,2.02,1574.03,1691.42,0.0,2.0,4.0,5.0
2223,2022-10-15,RB Leipzig,Hertha,3,2,H,14.0,16.0,5.0,5.0,8.0,4.0,2.0,3.0,0.0,0.0,1.4,5.0,7.0,1.43,5.03,7.84,1770.51,1607.26,4.0,3.0,7.0,7.0
2223,2022-10-15,Werder Bremen,FSV Mainz 05,0,2,A,14.0,11.0,4.0,5.0,3.0,3.0,1.0,2.0,0.0,0.0,2.37,3.6,2.87,2.38,3.68,3.02,1641.48,1668.53,7.0,2.0,10.0,5.0
2223,2022-10-15,VfB Stuttgart,VfL Bochum,4,1,H,16.0,14.0,7.0,4.0,3.0,3.0,0.0,3.0,0.0,0.0,1.65,4.0,5.25,1.68,4.03,5.5,1602.3,1581.49,0.0,4.0,2.0,4.0
2223,2022-10-15,Eintracht Frankfurt,Bayer Leverkusen,5,1,H,20.0,5.0,11.0,2.0,7.0,1.0,0.0,4.0,0.0,1.0,2.75,3.6,2.45,2.84,3.62,2.54,1724.22,1730.19,6.0,4.0,9.0,5.0
2223,2022-10-16,1. FC Koln,FC Augsburg,3,2,H,14.0,7.0,6.0,3.0,5.0,3.0,2.0,4.0,0.0,0.0,1.66,4.0,5.0,1.71,4.27,4.84,1663.91,1619.3,4.0,7.0,7.0,10.0
2223,2022-10-16,Union Berlin,Borussia Dortmund,2,0,H,14.0,13.0,5.0,6.0,5.0,8.0,1.0,2.0,0.0,0.0,2.9,3.5,2.37,3.06,3.51,2.44,1748.81,1801.83,6.0,4.0,10.0,7.0
2223,2022-10-16,Bayern Munich,SC Freiburg,5,0,H,18.0,6.0,8.0,0.0,5.0,5.0,0.0,2.0,0.0,0.0,1.25,6.5,9.0,1.29,6.13,10.79,1959.34,1763.78,4.0,5.0,6.0,9.0
2223,2022-10-21,FSV Mainz 05,1. FC Koln,5,0,H,15.0,6.0,7.0,2.0,5.0,4.0,1.0,5.0,0.0,1.0,2.15,3.5,3.25,2.19,3.59,3.47,1668.53,1663.91,4.0,6.0,5.0,7.0
2223,2022-10-22,Bayer Leverkusen,VfL Wolfsburg,2,2,D,13.0,9.0,5.0,3.0,3.0,3.0,3.0,1.0,0.0,0.0,1.7,4.2,4.5,1.74,4.31,4.6,1730.19,1659.46,3.0,5.0,5.0,8.0
2223,2022-10-22,TSG Hoffenheim,Bayern Munich,0,2,A,7.0,23.0,3.0,10.0,7.0,5.0,3.0,2.0,0.0,0.0,5.5,5.0,1.5,5.89,4.97,1.53,1690.49,1959.34,4.0,7.0,8.0,8.0
2223,2022-10-22,SC Freiburg,Werder Bremen,2,0,H,25.0,10.0,7.0,2.0,6.0,2.0,2.0,2.0,0.0,1.0,1.9,3.75,3.8,1.94,3.86,4.0,1763.78,1641.48,4.0,6.0,6.0,7.0
2223,2022-10-22,Borussia Dortmund,VfB Stuttgart,5,0,H,19.0,10.0,10.0,1.0,9.0,2.0,1.0,0.0,0.0,0.0,1.53,4.75,5.5,1.57,4.44,6.06,1801.83,1602.3,1.0,3.0,4.0,4.0
2223,2022-10-22,FC Augsburg,RB Leipzig,3,3,D,11.0,19.0,3.0,8.0,3.0,6.0,7.0,1.0,1.0,0.0,5.5,4.33,1.57,5.75,4.4,1.6,1619.3,1770.51,4.0,7.0,10.0,10.0
2223,2022-10-23,VfL Bochum,Union Berlin,2,1,H,8.0,6.0,5.0,3.0,3.0,7.0,1.0,3.0,0.0,0.0,4.33,3.4,1.9,4.48,3.48,1.95,1581.49,1748.81,3.0,6.0,4.0,12.0
2223,2022-10-23,Hertha,Schalke 04,2,1,H,11.0,9.0,4.0,2.0,5.0,6.0,5.0,1.0,0.0,0.0,1.75,3.75,4.75,1.78,3.99,4.71,1607.26,1549.66,2.0,0.0,4.0,3.0
2223,2022-10-28,Werder Bremen,Hertha,1,0,H,15.0,9.0,4.0,1.0,4.0,5.0,2.0,3.0,0.0,0.0,2.0,3.8,3.4,2.06,3.99,3.49,1641.48,1607.26,3.0,4.0,7.0,6.0
2223,2022-10-29,Eintracht Frankfurt,Borussia Dortmund,1,2,A,20.0,8.0,8.0,2.0,4.0,3.0,5.0,5.0,0.0,0.0,2.75,3.75,2.4,2.88,3.7,2.47,1724.22,1801.83,6.0,4.0,12.0,7.0
2223,2022-10-29,VfB Stuttgart,FC Augsburg,2,1,H,31.0,12.0,8.0,6.0,10.0,3.0,1.0,2.0,0.0,0.0,1.8,3.8,4.33,1.81,3.98,4.51,1602.3,1619.3,3.0,2.0,3.0,8.0
2223,2022-10-29,VfL Wolfsburg,VfL Bochum,4,0,H,22.0,10.0,7.0,3.0,7.0,2.0,1.0,1.0,0.0,0.0,1.65,4.2,4.75,1.72,4.24,4.85,1659.46,1581.49,3.0,6.0,6.0,7.0
2223,2022-10-29,Bayern Munich,FSV Mainz 05,6,2,H,25.0,13.0,12.0,5.0,8.0,5.0,1.0,1.0,0.0,0.0,1.25,6.5,11.0,1.27,6.7,10.23,1959.34,1668.53,7.0,7.0,10.0,8.0
2223,2022-10-29,RB Leipzig,Bayer Leverkusen,2,0,H,10.0,4.0,6.0,1.0,3.0,3.0,3.0,3.0,0.0,0.0,1.8,4.0,4.1,1.83,4.12,4.27,1770.51,1730.19,5.0,4.0,8.0,5.0
2223,2022-10-30,Schalke 04,SC Freiburg,0,2,A,12.0,19.0,3.0,9.0,4.0,8.0,3.0,2.0,0.0,0.0,4.0,3.75,1.9,4.13,3.75,1.94,1549.66,1763.78,0.0,4.0,0.0,8.0
2223,2022-10-30,1. FC Koln,TSG Hoffenheim,1,1,D,11.0,9.0,3.0,4.0,5.0,4.0,1.0,2.0,0.0,1.0,2.9,3.5,2.37,3.06,3.66,2.37,1663.91,1690.49,3.0,3.0,7.0,5.0
2223,2022-11-05,FSV Mainz 05,VfL Wolfsburg,0,3,A,16.0,10.0,3.0,3.0,9.0,4.0,1.0,1.0,0.0,0.0,2.0,3.75,3.5,2.07,3.68,3.72,1705.32,1685.69,6.0,5.0,7.0,9.0
2223,2022-11-05,Werder Bremen,Schalke 04,2,1,H,11.0,19.0,5.0,3.0,3.0,3.0,3.0,2.0,0.0,0.0,1.65,4.33,4.5,1.66,4.42,5.11,1643.7,1552.03,3.0,0.0,9.0,0.0
2223,2022-11-05,TSG Hoffenheim,RB Leipzig,1,3,A,11.0,17.0,3.0,8.0,6.0,3.0,4.0,2.0,0.0,0.0,2.9,3.75,2.25,3.06,3.75,2.33,1700.58,1803.4,4.0,7.0,5.0,11.0
2223,2022-11-05,Hertha,Bayern Munich,2,3,A,7.0,14.0,5.0,4.0,2.0,7.0,0.0,0.0,0.0,0.0,10.0,6.5,1.25,11.21,6.52,1.27,1616.52,1999.01,3.0,9.0,5.0,13.0
2223,2022-11-05,Borussia Dortmund,VfL Bochum,3,0,H,6.0,7.0,3.0,1.0,2.0,5.0,1.0,1.0,0.0,0.0,1.22,7.0,11.0,1.25,6.51,12.47,1823.34,1586.29,6.0,3.0,7.0,6.0
2223,2022-11-05,FC Augsburg,Eintracht Frankfurt,1,2,A,9.0,12.0,5.0,7.0,3.0,6.0,0.0,1.0,0.0,0.0,4.33,4.0,1.72,4.52,4.16,1.78,1623.38,1760.99,1.0,6.0,5.0,9.0
2223,2022-11-06,Bayer Leverkusen,Union Berlin,5,0,H,11.0,6.0,8.0,1.0,1.0,5.0,1.0,4.0,0.0,0.0,2.15,3.4,3.4,2.2,3.48,3.57,1725.01,1772.34,1.0,6.0,4.0,9.0
2223,2022-11-06,SC Freiburg,1. FC Koln,2,0,H,13.0,6.0,5.0,2.0,5.0,3.0,0.0,1.0,0.0,0.0,1.7,4.0,4.75,1.72,4.06,5.1,1774.95,1671.81,6.0,4.0,10.0,7.0
2223,2022-11-08,VfL Wolfsburg,Borussia Dortmund,2,0,H,15.0,20.0,8.0,6.0,6.0,9.0,4.0,2.0,0.0,0.0,3.1,3.6,2.2,3.17,3.64,2.32,1685.69,1823.34,7.0,9.0,9.0,10.0
2223,2022-11-08,Bayern Munich,Werder Bremen,6,1,H,21.0,4.0,10.0,1.0,8.0,4.0,0.0,0.0,0.0,0.0,1.14,9.5,15.0,1.16,8.84,17.46,1999.01,1643.7,9.0,6.0,13.0,9.0
2223,2022-11-08,VfB Stuttgart,Hertha,2,1,H,16.0,11.0,7.0,4.0,8.0,5.0,3.0,2.0,0.0,0.0,1.95,3.8,3.75,1.97,3.76,3.99,1626.8,1616.52,3.0,3.0,6.0,4.0
2223,2022-11-09,1. FC Koln,Bayer Leverkusen,1,2,A,17.0,10.0,7.0,3.0,6.0,1.0,1.0,2.0,0.0,0.0,3.0,3.75,2.2,3.21,3.6,2.31,1671.81,1725.01,1.0,4.0,4.0,7.0
2223,2022-11-09,Eintracht Frankfurt,TSG Hoffenheim,4,2,H,15.0,12.0,8.0,3.0,4.0,5.0,0.0,3.0,0.0,0.0,1.9,3.8,3.75,1.96,3.84,3.95,1760.99,1700.58,6.0,1.0,9.0,4.0
2223,2022-11-09,RB Leipzig,SC Freiburg,3,1,H,18.0,4.0,8.0,2.0,6.0,2.0,1.0,4.0,0.0,0.0,1.72,4.0,4.5,1.8,4.2,4.36,1803.4,1774.95,7.0,9.0,11.0,10.0
2223,2022-11-09,Schalke 04,FSV Mainz 05,1,0,H,13.0,11.0,4.0,1.0,1.0,6.0,3.0,1.0,0.0,0.0,3.4,3.75,2.05,3.52,3.77,2.11,1552.03,1705.32,0.0,3.0,0.0,7.0
2223,2022-11-09,Union Berlin,FC Augsburg,2,2,D,18.0,7.0,6.0,2.0,6.0,3.0,1.0,4.0,0.0,0.0,1.55,4.2,6.0,1.57,4.21,6.65,1772.34,1623.38,3.0,1.0,9.0,2.0
2223,2022-11-12,Schalke 04,Bayern Munich,0,2,A,6.0,22.0,2.0,6.0,4.0,5.0,0.0,0.0,0.0,0.0,15.0,7.5,1.16,17.47,8.34,1.17,1552.03,1999.01,3.0,9.0,3.0,15.0
2223,2022-11-12,Werder Bremen,RB Leipzig,1,2,A,7.0,14.0,5.0,3.0,0.0,4.0,1.0,2.0,0.0,0.0,3.6,4.0,1.9,3.7,4.12,1.96,1643.7,1803.4,6.0,9.0,6.0,13.0
2223,2022-11-12,Bayer Leverkusen,VfB Stuttgart,2,0,H,11.0,7.0,3.0,1.0,4.0,2.0,2.0,3.0,0.0,0.0,1.72,4.2,4.33,1.73,4.21,4.78,1725.01,1626.8,6.0,6.0,7.0,9.0
2223,2022-11-12,Hertha,1. FC Koln,2,0,H,17.0,10.0,8.0,2.0,10.0,5.0,3.0,1.0,0.0,0.0,2.2,3.6,3.1,2.3,3.68,3.17,1616.52,1671.81,0.0,1.0,3.0,4.0
2223,2022-11-12,FC Augsburg,VfL Bochum,0,1,A,19.0,11.0,5.0,4.0,6.0,2.0,1.0,1.0,0.0,0.0,2.2,3.5,3.2,2.23,3.62,3.36,1623.38,1586.29,1.0,3.0,2.0,6.0
2223,2022-11-12,TSG Hoffenheim,VfL Wolfsburg,1,2,A,22.0,6.0,8.0,3.0,7.0,1.0,0.0,3.0,0.0,0.0,2.25,3.75,3.1,2.28,3.77,3.14,1700.58,1685.69,1.0,9.0,4.0,11.0
2223,2022-11-13,FSV Mainz 05,Eintracht Frankfurt,1,1,D,19.0,10.0,6.0,3.0,5.0,2.0,2.0,2.0,0.0,0.0,2.75,3.5,2.45,2.84,3.76,2.47,1705.32,1760.99,0.0,6.0,6.0,12.0
2223,2022-11-13,SC Freiburg,Union Berlin,4,1,H,7.0,4.0,5.0,2.0,2.0,1.0,0.0,1.0,0.0,1.0,2.0,3.3,4.0,2.06,3.32,4.25,1774.95,1772.34,6.0,4.0,9.0,7.0
2223,2023-01-20,RB Leipzig,Bayern Munich,1,1,D,10.0,7.0,3.0,2.0,3.0,2.0,2.0,3.0,0.0,0.0,3.6,4.33,1.85,3.93,4.24,1.88,1841.72,2014.21,9.0,9.0,13.0,15.0
2223,2023-01-21,VfB Stuttgart,FSV Mainz 05,1,1,D,16.0,12.0,4.0,2.0,3.0,5.0,1.0,3.0,0.0,0.0,2.4,3.5,2.88,2.44,3.54,3.03,1626.74,1684.75,3.0,1.0,6.0,4.0
2223,2023-01-21,VfL Bochum,Hertha,3,1,H,10.0,10.0,3.0,2.0,1.0,6.0,1.0,1.0,0.0,0.0,2.38,3.5,2.9,2.44,3.61,2.98,1607.93,1624.57,6.0,3.0,9.0,6.0
2223,2023-01-21,Eintracht Frankfurt,Schalke 04,3,0,H,11.0,18.0,3.0,4.0,5.0,4.0,2.0,3.0,0.0,0.0,1.36,5.0,8.5,1.4,5.34,8.09,1785.82,1561.36,7.0,3.0,10.0,3.0
2223,2023-01-21,Union Berlin,TSG Hoffenheim,3,1,H,23.0,10.0,5.0,5.0,9.0,4.0,2.0,1.0,0.0,0.0,2.25,3.4,3.2,2.29,3.45,3.38,1748.52,1681.81,1.0,0.0,4.0,1.0
2223,2023-01-21,VfL Wolfsburg,SC Freiburg,6,0,H,13.0,9.0,11.0,1.0,0.0,5.0,1.0,2.0,0.0,0.0,2.55,3.4,2.75,2.58,3.49,2.87,1729.85,1785.18,9.0,6.0,13.0,12.0
2223,2023-01-21,1. FC Koln,Werder Bremen,7,1,H,15.0,4.0,7.0,2.0,2.0,2.0,0.0,0.0,0.0,0.0,2.25,3.8,2.9,2.25,3.89,3.11,1649.37,1646.22,0.0,3.0,1.0,6.0
2223,2023-01-22,Borussia Dortmund,FC Augsburg,4,3,H,27.0,14.0,10.0,4.0,7.0,3.0,1.0,4.0,0.0,0.0,1.3,6.0,8.0,1.35,5.88,8.74,1801.28,1617.87,3.0,1.0,9.0,2.0
2223,2023-01-24,Bayern Munich,1. FC Koln,1,1,D,22.0,2.0,7.0,1.0,9.0,4.0,0.0,1.0,0.0,0.0,1.2,7.5,12.0,1.23,7.6,12.0,2014.21,1649.37,7.0,3.0,13.0,4.0
2223,2023-01-24,Hertha,VfL Wolfsburg,0,5,A,8.0,15.0,2.0,7.0,6.0,4.0,2.0,0.0,0.0,0.0,3.0,3.4,2.3,3.12,3.53,2.39,1624.57,1729.85,3.0,9.0,3.0,15.0
2223,2023-01-24,Schalke 04,RB Leipzig,1,6,A,9.0,21.0,1.0,14.0,1.0,6.0,1.0,1.0,0.0,0.0,5.75,4.33,1.53,5.91,4.41,1.59,1561.36,1841.72,3.0,7.0,3.0,13.0
2223,2023-01-24,TSG Hoffenheim,VfB Stuttgart,2,2,D,13.0,8.0,5.0,4.0,6.0,4.0,1.0,3.0,0.0,1.0,2.1,3.5,3.4,2.19,3.63,3.44,1681.81,1626.74,0.0,4.0,1.0,7.0
2223,2023-01-25,Werder Bremen,Union Berlin,1,2,A,8.0,11.0,3.0,5.0,5.0,7.0,0.0,0.0,0.0,0.0,2.8,3.2,2.63,2.94,3.33,2.62,1646.22,1748.52,0.0,4.0,6.0,7.0
2223,2023-01-25,Bayer Leverkusen,VfL Bochum,2,0,H,11.0,9.0,4.0,2.0,3.0,4.0,2.0,4.0,0.0,0.0,1.4,5.25,6.5,1.45,4.98,7.28,1758.0,1607.93,9.0,9.0,12.0,9.0
2223,2023-01-25,SC Freiburg,Eintracht Frankfurt,1,1,D,12.0,4.0,5.0,2.0,4.0,3.0,3.0,3.0,0.0,0.0,2.5,3.5,2.7,2.58,3.57,2.82,1785.18,1785.82,3.0,7.0,9.0,10.0
2223,2023-01-25,FSV Mainz 05,Borussia Dortmund,1,2,A,12.0,12.0,4.0,6.0,2.0,3.0,2.0,0.0,0.0,0.0,2.9,3.6,2.3,3.0,3.72,2.38,1684.75,1801.28,2.0,3.0,2.0,9.0
2223,2023-01-27,RB Leipzig,VfB Stuttgart,2,1,H,9.0,10.0,4.0,3.0,3.0,6.0,0.0,0.0,0.0,0.0,1.33,5.0,9.0,1.38,5.27,9.19,1841.72,1626.74,7.0,2.0,13.0,5.0
2223,2023-01-28,SC Freiburg,FC Augsburg,3,1,H,15.0,16.0,9.0,4.0,3.0,7.0,3.0,3.0,0.0,0.0,1.5,4.5,6.25,1.52,4.65,6.55,1785.18,1617.87,4.0,3.0,7.0,4.0
2223,2023-01-28,Hertha,Union Berlin,0,2,A,10.0,7.0,3.0,3.0,3.0,2.0,1.0,2.0,0.0,0.0,3.5,3.25,2.2,3.76,3.37,2.18,1624.57,1748.52,3.0,6.0,3.0,7.0
2223,2023-01-28,FSV Mainz 05,VfL Bochum,5,2,H,14.0,14.0,7.0,4.0,3.0,2.0,0.0,1.0,0.0,0.0,1.7,4.0,4.75,1.74,4.06,4.96,1684.75,1607.93,2.0,6.0,2.0,9.0
2223,2023-01-28,Werder Bremen,VfL Wolfsburg,2,1,H,14.0,7.0,5.0,3.0,2.0,6.0,3.0,3.0,0.0,0.0,3.2,3.6,2.15,3.41,3.75,2.16,1646.22,1729.85,0.0,9.0,3.0,15.0
2223,2023-01-28,Bayern Munich,Eintracht Frankfurt,1,1,D,14.0,7.0,6.0,1.0,7.0,6.0,3.0,1.0,0.0,0.0,1.33,6.0,7.5,1.35,6.36,7.74,2014.21,1785.82,5.0,5.0,11.0,11.0
2223,2023-01-29,Schalke 04,1. FC Koln,0,0,D,15.0,7.0,2.0,0.0,7.0,7.0,3.0,4.0,0.0,0.0,3.8,3.6,1.95,3.81,3.75,2.02,1561.36,1649.37,0.0,4.0,3.0,4.0
2223,2023-01-29,Bayer Leverkusen,Borussia Dortmund,0,2,A,20.0,6.0,7.0,2.0,8.0,4.0,2.0,4.0,0.0,0.0,2.45,3.8,2.63,2.5,3.89,2.74,1758.0,1801.28,9.0,6.0,15.0,9.0
2223,2023-02-03,FC Augsburg,Bayer Leverkusen,1,0,H,10.0,12.0,5.0,4.0,2.0,1.0,3.0,2.0,0.0,0.0,4.0,3.8,1.85,4.25,3.97,1.86,1619.36,1759.48,3.0,6.0,4.0,12.0
2223,2023-02-04,Union Berlin,FSV Mainz 05,2,1,H,9.0,9.0,5.0,2.0,5.0,5.0,1.0,1.0,0.0,0.0,1.95,3.5,4.0,1.99,3.42,4.36,1769.71,1687.2,9.0,4.0,10.0,5.0
2223,2023-02-04,1. FC Koln,RB Leipzig,0,0,D,9.0,7.0,0.0,2.0,5.0,1.0,3.0,4.0,0.0,0.0,4.2,3.6,1.91,4.11,3.79,1.93,1671.42,1853.7,5.0,7.0,5.0,13.0
2223,2023-02-04,Borussia Dortmund,SC Freiburg,5,1,H,24.0,6.0,8.0,3.0,14.0,0.0,3.0,4.0,0.0,1.0,1.67,4.0,5.0,1.71,4.18,4.99,1822.08,1769.52,9.0,4.0,9.0,7.0
2223,2023-02-04,VfL Bochum,TSG Hoffenheim,5,2,H,17.0,10.0,11.0,4.0,6.0,6.0,2.0,3.0,0.0,0.0,2.75,3.5,2.5,2.8,3.64,2.56,1604.4,1657.18,3.0,1.0,9.0,1.0
2223,2023-02-04,Eintracht Frankfurt,Hertha,3,0,H,10.0,13.0,4.0,3.0,7.0,1.0,1.0,2.0,0.0,0.0,1.45,4.5,6.5,1.51,4.63,6.77,1797.17,1593.41,5.0,0.0,9.0,3.0
2223,2023-02-05,VfB Stuttgart,Werder Bremen,0,2,A,16.0,9.0,5.0,4.0,8.0,4.0,2.0,5.0,0.0,0.0,2.0,3.6,3.6,2.09,3.77,3.57,1627.54,1634.29,2.0,3.0,5.0,3.0
2223,2023-02-05,VfL Wolfsburg,Bayern Munich,2,4,A,19.0,9.0,5.0,4.0,7.0,4.0,2.0,6.0,0.0,1.0,5.25,4.5,1.57,5.28,4.64,1.61,1752.98,1996.24,6.0,3.0,12.0,9.0
2223,2023-02-10,Schalke 04,VfL Wolfsburg,0,0,D,17.0,8.0,5.0,2.0,9.0,3.0,1.0,4.0,0.0,0.0,3.6,3.8,1.95,3.92,3.78,1.99,1552.84,1752.98,2.0,3.0,2.0,9.0
2223,2023-02-11,RB Leipzig,Union Berlin,1,2,A,9.0,6.0,1.0,5.0,3.0,4.0,4.0,4.0,0.0,0.0,1.7,3.75,5.0,1.75,3.76,5.31,1853.7,1769.71,7.0,9.0,11.0,12.0
2223,2023-02-11,FSV Mainz 05,FC Augsburg,3,1,H,13.0,11.0,7.0,3.0,4.0,12.0,1.0,1.0,0.0,0.0,1.8,4.0,4.2,1.87,3.9,4.3,1687.2,1619.36,3.0,6.0,5.0,6.0
2223,2023-02-11,Werder Bremen,Borussia Dortmund,0,2,A,8.0,17.0,3.0,9.0,3.0,7.0,1.0,0.0,0.0,0.0,4.0,4.0,1.8,4.06,4.37,1.83,1634.29,1822.08,6.0,9.0,6.0,12.0
2223,2023-02-11,SC Freiburg,VfB Stuttgart,2,1,H,9.0,14.0,5.0,3.0,4.0,3.0,3.0,3.0,0.0,0.0,1.8,3.8,4.33,1.88,3.74,4.45,1769.52,1627.54,4.0,1.0,7.0,2.0
2223,2023-02-11,Bayern Munich,VfL Bochum,3,0,H,25.0,7.0,12.0,1.0,6.0,3.0,1.0,1.0,0.0,0.0,1.11,10.0,17.0,1.15,9.98,16.58,1996.24,1604.4,5.0,3.0,9.0,9.0
2223,2023-02-11,TSG Hoffenheim,Bayer Leverkusen,1,3,A,11.0,12.0,6.0,5.0,5.0,8.0,3.0,1.0,0.0,0.0,2.88,3.6,2.38,2.98,3.75,2.38,1657.18,1759.48,1.0,3.0,1.0,9.0
2223,2023-02-12,1. FC Koln,Eintracht Frankfurt,3,0,H,9.0,7.0,4.0,1.0,3.0,9.0,3.0,2.0,0.0,0.0,2.7,3.5,2.5,2.71,3.66,2.63,1671.42,1797.17,3.0,5.0,6.0,9.0
2223,2023-02-17,FC Augsburg,TSG Hoffenheim,1,0,H,16.0,8.0,3.0,2.0,6.0,1.0,3.0,3.0,0.0,0.0,2.7,3.5,2.6,2.73,3.65,2.62,1623.21,1635.36,3.0,0.0,6.0,1.0
2223,2023-02-18,Eintracht Frankfurt,Werder Bremen,2,0,H,11.0,3.0,6.0,0.0,5.0,2.0,1.0,1.0,0.0,0.0,1.62,4.2,5.25,1.63,4.46,5.31,1785.89,1642.03,4.0,6.0,8.0,6.0
2223,2023-02-18,VfL Bochum,SC Freiburg,0,2,A,15.0,15.0,6.0,5.0,5.0,5.0,4.0,2.0,1.0,0.0,3.1,3.5,2.25,3.15,3.56,2.36,1617.68,1763.73,3.0,6.0,6.0,7.0
2223,2023-02-18,VfB Stuttgart,1. FC Koln,3,0,H,18.0,11.0,7.0,4.0,3.0,6.0,3.0,4.0,0.0,0.0,2.45,3.4,2.88,2.48,3.53,2.97,1612.2,1692.92,0.0,5.0,2.0,9.0
2223,2023-02-18,VfL Wolfsburg,RB Leipzig,0,3,A,7.0,17.0,2.0,5.0,2.0,5.0,1.0,1.0,0.0,0.0,3.3,3.6,2.15,3.34,3.68,2.22,1745.39,1839.89,1.0,4.0,7.0,8.0
2223,2023-02-19,Bayer Leverkusen,FSV Mainz 05,2,3,A,17.0,12.0,7.0,7.0,4.0,5.0,5.0,5.0,1.0,0.0,1.8,3.8,4.2,1.85,4.0,4.27,1759.89,1691.11,3.0,6.0,9.0,7.0
2223,2023-02-19,Borussia Dortmund,Hertha,4,1,H,12.0,15.0,5.0,8.0,3.0,4.0,1.0,2.0,0.0,0.0,1.33,5.5,8.5,1.36,5.89,8.41,1840.11,1607.14,9.0,3.0,15.0,3.0
2223,2023-02-19,Union Berlin,Schalke 04,0,0,D,9.0,6.0,4.0,2.0,6.0,4.0,2.0,1.0,0.0,0.0,1.6,3.8,6.0,1.61,3.97,6.65,1787.06,1563.38,9.0,3.0,15.0,3.0
2223,2023-02-25,1. FC Koln,VfL Wolfsburg,0,2,A,11.0,6.0,5.0,4.0,10.0,2.0,1.0,2.0,0.0,0.0,2.3,3.5,3.0,2.4,3.6,3.06,1692.92,1745.39,4.0,1.0,6.0,4.0
2223,2023-02-25,Hertha,FC Augsburg,2,0,H,11.0,9.0,3.0,2.0,1.0,6.0,1.0,3.0,0.0,0.0,2.1,3.6,3.25,2.16,3.73,3.43,1607.14,1623.21,3.0,6.0,3.0,9.0
2223,2023-02-25,TSG Hoffenheim,Borussia Dortmund,0,1,A,13.0,23.0,4.0,11.0,12.0,11.0,3.0,1.0,0.0,0.0,4.0,4.2,1.75,4.27,4.39,1.78,1635.36,1840.11,0.0,9.0,1.0,15.0
2223,2023-02-25,RB Leipzig,Eintracht Frankfurt,2,1,H,10.0,8.0,5.0,4.0,2.0,6.0,2.0,3.0,0.0,0.0,1.7,4.0,4.6,1.73,4.25,4.74,1839.89,1785.89,4.0,6.0,10.0,8.0
2223,2023-02-25,Werder Bremen,VfL Bochum,3,0,H,12.0,9.0,6.0,2.0,2.0,0.0,3.0,2.0,0.0,0.0,2.0,3.8,3.6,2.04,3.78,3.72,1642.03,1617.68,3.0,3.0,6.0,3.0
2223,2023-02-25,Schalke 04,VfB Stuttgart,2,1,H,11.0,17.0,6.0,5.0,6.0,9.0,2.0,2.0,0.0,0.0,3.0,3.4,2.45,3.05,3.46,2.47,1563.38,1612.2,3.0,3.0,4.0,4.0
2223,2023-02-26,Bayern Munich,Union Berlin,3,0,H,19.0,4.0,10.0,1.0,10.0,4.0,1.0,1.0,0.0,0.0,1.33,5.25,9.0,1.34,5.68,9.74,2007.55,1787.06,6.0,7.0,8.0,13.0
2223,2023-02-26,SC Freiburg,Bayer Leverkusen,1,1,D,9.0,16.0,4.0,4.0,1.0,3.0,2.0,1.0,0.0,0.0,2.15,3.5,3.25,2.24,3.66,3.3,1763.73,1759.89,6.0,3.0,10.0,6.0
2223,2023-03-03,Borussia Dortmund,RB Leipzig,2,1,H,8.0,14.0,3.0,6.0,4.0,6.0,2.0,5.0,0.0,0.0,2.2,3.5,3.2,2.23,3.71,3.23,1856.03,1860.9,9.0,6.0,15.0,10.0
2223,2023-03-04,FC Augsburg,Werder Bremen,2,1,H,9.0,17.0,5.0,8.0,3.0,7.0,2.0,2.0,0.0,0.0,2.3,3.5,3.0,2.37,3.61,3.04,1623.95,1651.34,3.0,3.0,6.0,9.0
2223,2023-03-04,VfL Bochum,Schalke 04,0,2,A,6.0,9.0,4.0,5.0,4.0,4.0,2.0,1.0,0.0,0.0,2.3,3.4,3.1,2.44,3.48,3.03,1604.02,1582.28,0.0,5.0,3.0,7.0
2223,2023-03-04,FSV Mainz 05,TSG Hoffenheim,1,0,H,16.0,15.0,6.0,4.0,11.0,3.0,1.0,4.0,0.0,0.0,1.91,3.6,4.0,1.93,3.85,3.97,1719.73,1628.9,9.0,0.0,12.0,0.0
2223,2023-03-04,Union Berlin,1. FC Koln,0,0,D,8.0,12.0,2.0,4.0,5.0,4.0,1.0,0.0,0.0,0.0,1.91,3.4,4.33,1.93,3.45,4.56,1794.62,1670.72,4.0,3.0,10.0,5.0
2223,2023-03-04,VfB Stuttgart,Bayern Munich,1,2,A,11.0,13.0,4.0,6.0,3.0,6.0,0.0,0.0,0.0,0.0,7.0,5.25,1.4,6.29,5.0,1.49,1623.18,2002.51,3.0,6.0,3.0,10.0
2223,2023-03-05,VfL Wolfsburg,Eintracht Frankfurt,2,2,D,13.0,10.0,8.0,2.0,4.0,5.0,3.0,3.0,0.0,0.0,2.45,3.5,2.8,2.49,3.57,2.9,1749.1,1784.14,4.0,3.0,4.0,7.0
2223,2023-03-05,Bayer Leverkusen,Hertha,4,1,H,18.0,7.0,9.0,2.0,9.0,2.0,1.0,2.0,0.0,0.0,1.53,4.2,6.0,1.58,4.36,5.95,1755.71,1617.89,4.0,6.0,4.0,6.0
2223,2023-03-10,1. FC Koln,VfL Bochum,0,2,A,11.0,9.0,5.0,3.0,10.0,1.0,2.0,2.0,0.0,0.0,1.73,3.75,4.75,1.78,3.87,4.92,1670.72,1604.02,1.0,0.0,5.0,3.0
2223,2023-03-11,Bayern Munich,FC Augsburg,5,3,H,24.0,13.0,9.0,6.0,8.0,5.0,2.0,1.0,0.0,0.0,1.13,9.0,19.0,1.14,10.07,16.64,2002.51,1623.95,6.0,6.0,12.0,9.0
2223,2023-03-11,Eintracht Frankfurt,VfB Stuttgart,1,1,D,10.0,9.0,1.0,5.0,3.0,2.0,4.0,1.0,0.0,0.0,1.8,4.0,4.2,1.86,3.88,4.26,1784.14,1623.18,4.0,3.0,7.0,3.0
2223,2023-03-11,Hertha,FSV Mainz 05,1,1,D,9.0,6.0,4.0,3.0,7.0,8.0,2.0,1.0,0.0,0.0,2.9,3.4,2.45,2.97,3.5,2.47,1617.89,1719.73,3.0,9.0,6.0,12.0
2223,2023-03-11,Schalke 04,Borussia Dortmund,2,2,D,10.0,20.0,5.0,8.0,3.0,6.0,1.0,1.0,0.0,0.0,4.5,4.0,1.73,4.56,4.21,1.74,1582.28,1856.03,7.0,9.0,9.0,15.0
2223,2023-03-12,VfL Wolfsburg,Union Berlin,1,1,D,15.0,11.0,6.0,2.0,3.0,5.0,1.0,4.0,0.0,0.0,2.25,3.25,3.3,2.28,3.22,3.59,1749.1,1794.62,4.0,2.0,5.0,8.0
2223,2023-03-12,SC Freiburg,TSG Hoffenheim,2,1,H,9.0,12.0,3.0,1.0,2.0,2.0,2.0,5.0,0.0,1.0,1.91,3.6,4.0,1.93,3.71,4.1,1773.52,1628.9,5.0,0.0,8.0,0.0
2223,2023-03-12,Werder Bremen,Bayer Leverkusen,2,3,A,12.0,13.0,6.0,5.0,2.0,3.0,2.0,1.0,0.0,0.0,3.3,3.75,2.1,3.32,3.82,2.15,1651.34,1755.71,3.0,4.0,6.0,7.0
2223,2023-03-18,FC Augsburg,Schalke 04,1,1,D,9.0,13.0,3.0,5.0,9.0,6.0,4.0,4.0,1.0,0.0,2.3,3.4,3.1,2.38,3.45,3.14,1622.01,1593.83,3.0,7.0,6.0,9.0
2223,2023-03-18,VfL Bochum,RB Leipzig,1,0,H,8.0,21.0,2.0,8.0,2.0,7.0,2.0,3.0,0.0,0.0,5.5,4.33,1.55,5.93,4.45,1.57,1598.71,1843.06,3.0,6.0,3.0,9.0
2223,2023-03-18,TSG Hoffenheim,Hertha,3,1,H,15.0,11.0,7.0,5.0,8.0,9.0,0.0,3.0,1.0,0.0,2.05,3.5,3.5,2.13,3.62,3.54,1613.7,1605.73,0.0,4.0,0.0,7.0
2223,2023-03-18,VfB Stuttgart,VfL Wolfsburg,0,1,A,12.0,9.0,2.0,3.0,3.0,8.0,1.0,0.0,0.0,0.0,2.38,3.4,2.9,2.46,3.47,3.0,1619.35,1739.84,1.0,5.0,4.0,6.0
2223,2023-03-18,Borussia Dortmund,1. FC Koln,6,1,H,11.0,11.0,8.0,5.0,1.0,6.0,1.0,0.0,0.0,0.0,1.45,4.75,6.5,1.47,4.99,6.61,1835.31,1651.18,7.0,1.0,13.0,4.0
2223,2023-03-19,Bayer Leverkusen,Bayern Munich,2,1,H,12.0,11.0,6.0,6.0,5.0,3.0,2.0,3.0,0.0,0.0,5.25,4.5,1.55,4.73,5.04,1.61,1762.37,2002.51,7.0,9.0,10.0,12.0
2223,2023-03-19,Union Berlin,Eintracht Frankfurt,2,0,H,14.0,19.0,3.0,4.0,3.0,7.0,3.0,2.0,0.0,0.0,2.38,3.2,3.2,2.44,3.22,3.25,1779.81,1771.51,2.0,2.0,6.0,5.0
2223,2023-03-19,FSV Mainz 05,SC Freiburg,1,1,D,10.0,11.0,6.0,5.0,3.0,5.0,2.0,3.0,0.0,0.0,2.1,3.5,3.3,2.17,3.51,3.55,1714.75,1765.18,7.0,5.0,13.0,11.0
2223,2023-03-31,Eintracht Frankfurt,VfL Bochum,1,1,D,18.0,8.0,7.0,2.0,15.0,2.0,3.0,2.0,0.0,0.0,1.5,4.33,6.5,1.52,4.55,6.59,1771.51,1598.71,2.0,6.0,5.0,6.0
2223,2023-04-01,SC Freiburg,Hertha,1,1,D,16.0,10.0,8.0,3.0,2.0,2.0,1.0,1.0,0.0,0.0,1.62,4.0,5.5,1.69,3.98,5.33,1741.2,1584.36,5.0,1.0,9.0,4.0
2223,2023-04-01,RB Leipzig,FSV Mainz 05,0,3,A,12.0,19.0,3.0,7.0,3.0,4.0,3.0,3.0,0.0,0.0,1.53,4.5,5.5,1.56,4.52,5.98,1817.89,1701.22,3.0,5.0,9.0,11.0
2223,2023-04-01,Schalke 04,Bayer Leverkusen,0,3,A,12.0,18.0,3.0,10.0,7.0,5.0,2.0,1.0,0.0,0.0,3.8,3.75,1.91,4.1,3.73,1.93,1583.66,1764.01,5.0,9.0,9.0,10.0
2223,2023-04-01,Union Berlin,VfB Stuttgart,3,0,H,13.0,17.0,5.0,8.0,3.0,5.0,1.0,1.0,0.0,0.0,2.05,3.2,3.9,2.12,3.28,3.98,1750.5,1600.11,5.0,1.0,6.0,4.0
2223,2023-04-01,VfL Wolfsburg,FC Augsburg,2,2,D,23.0,5.0,5.0,2.0,4.0,7.0,3.0,2.0,0.0,0.0,1.62,4.0,5.5,1.63,4.31,5.36,1733.61,1606.71,5.0,4.0,8.0,7.0
2223,2023-04-01,Bayern Munich,Borussia Dortmund,4,2,H,16.0,10.0,9.0,4.0,6.0,2.0,1.0,1.0,0.0,0.0,1.45,5.0,6.0,1.51,5.26,5.62,1977.7,1828.53,6.0,7.0,9.0,13.0
2223,2023-04-02,Werder Bremen,TSG Hoffenheim,1,2,A,12.0,8.0,5.0,2.0,1.0,6.0,3.0,4.0,0.0,0.0,2.3,3.5,3.0,2.37,3.74,2.95,1620.88,1609.59,1.0,3.0,4.0,3.0
2223,2023-04-08,Hertha,RB Leipzig,0,1,A,11.0,18.0,1.0,6.0,4.0,4.0,4.0,3.0,0.0,0.0,5.5,4.0,1.62,5.48,4.23,1.63,1584.36,1817.89,2.0,3.0,5.0,6.0
2223,2023-04-08,FSV Mainz 05,Werder Bremen,2,2,D,16.0,9.0,10.0,4.0,1.0,2.0,1.0,5.0,0.0,0.0,1.7,4.0,4.75,1.74,4.1,4.73,1701.22,1620.88,5.0,1.0,11.0,4.0
2223,2023-04-08,Bayer Leverkusen,Eintracht Frankfurt,3,1,H,13.0,9.0,8.0,3.0,2.0,5.0,1.0,5.0,0.0,0.0,1.8,4.0,4.0,1.85,4.08,4.1,1764.01,1740.18,9.0,2.0,13.0,3.0
2223,2023-04-08,Borussia Dortmund,Union Berlin,2,1,H,14.0,7.0,6.0,2.0,8.0,0.0,5.0,2.0,0.0,0.0,1.6,4.0,5.75,1.61,4.11,6.07,1828.53,1750.5,4.0,7.0,10.0,8.0
2223,2023-04-08,FC Augsburg,1. FC Koln,1,3,A,13.0,11.0,1.0,5.0,6.0,1.0,3.0,4.0,0.0,0.0,2.8,3.4,2.55,2.88,3.51,2.53,1606.71,1632.48,2.0,1.0,5.0,2.0
2223,2023-04-08,SC Freiburg,Bayern Munich,0,1,A,10.0,23.0,2.0,8.0,2.0,6.0,2.0,2.0,0.0,0.0,6.5,5.0,1.45,6.54,5.11,1.46,1741.2,1977.7,5.0,6.0,7.0,12.0
2223,2023-04-09,VfL Bochum,VfB Stuttgart,2,3,A,11.0,14.0,5.0,7.0,7.0,4.0,3.0,3.0,0.0,0.0,3.1,3.5,2.25,3.09,3.53,2.38,1603.87,1600.11,7.0,1.0,7.0,1.0
2223,2023-04-09,TSG Hoffenheim,Schalke 04,2,0,H,15.0,10.0,4.0,3.0,9.0,8.0,3.0,0.0,0.0,0.0,1.91,3.8,3.8,1.95,3.94,3.81,1609.59,1583.66,6.0,2.0,6.0,8.0
2223,2023-04-14,Schalke 04,Hertha,5,2,H,14.0,11.0,7.0,5.0,7.0,8.0,2.0,3.0,0.0,0.0,2.25,3.3,3.2,2.38,3.31,3.28,1583.66,1584.36,1.0,1.0,5.0,2.0
2223,2023-04-15,VfB Stuttgart,Borussia Dortmund,3,3,D,12.0,15.0,5.0,6.0,5.0,7.0,5.0,3.0,1.0,0.0,3.5,3.8,1.95,3.53,3.96,2.03,1600.34,1825.11,3.0,6.0,4.0,10.0
2223,2023-04-15,1. FC Koln,FSV Mainz 05,1,1,D,12.0,5.0,4.0,1.0,3.0,3.0,3.0,2.0,0.0,0.0,2.55,3.4,2.7,2.68,3.43,2.76,1641.09,1714.47,4.0,5.0,5.0,9.0
2223,2023-04-15,Bayern Munich,TSG Hoffenheim,1,1,D,22.0,4.0,7.0,3.0,13.0,4.0,2.0,1.0,0.0,0.0,1.22,7.5,11.0,1.22,7.89,10.9,1972.86,1622.83,6.0,9.0,12.0,9.0
2223,2023-04-15,RB Leipzig,FC Augsburg,3,2,H,13.0,14.0,6.0,3.0,3.0,5.0,2.0,3.0,0.0,0.0,1.25,6.5,10.0,1.26,6.63,10.84,1796.73,1594.88,3.0,2.0,6.0,5.0
2223,2023-04-16,Werder Bremen,SC Freiburg,1,2,A,13.0,6.0,5.0,3.0,5.0,2.0,2.0,3.0,0.0,0.0,2.7,3.5,2.55,2.71,3.58,2.64,1611.97,1728.0,2.0,2.0,2.0,6.0
2223,2023-04-16,Union Berlin,VfL Bochum,1,1,D,10.0,14.0,2.0,8.0,5.0,7.0,2.0,1.0,1.0,0.0,1.6,3.8,6.0,1.62,3.94,6.28,1747.5,1590.2,6.0,4.0,8.0,7.0
2223,2023-04-16,VfL Wolfsburg,Bayer Leverkusen,0,0,D,11.0,13.0,3.0,4.0,2.0,6.0,0.0,5.0,0.0,0.0,2.75,3.6,2.4,2.82,3.78,2.45,1714.03,1773.78,4.0,9.0,6.0,15.0
2223,2023-04-21,FC Augsburg,VfB Stuttgart,1,1,D,4.0,6.0,1.0,3.0,1.0,3.0,5.0,3.0,0.0,0.0,3.2,3.6,2.15,3.39,3.76,2.17,1594.88,1600.34,1.0,4.0,2.0,5.0
2223,2023-04-22,TSG Hoffenheim,1. FC Koln,1,3,A,11.0,14.0,4.0,7.0,2.0,5.0,1.0,2.0,0.0,0.0,2.2,3.5,3.2,2.21,3.69,3.28,1622.83,1641.09,7.0,5.0,10.0,5.0
2223,2023-04-22,VfL Bochum,VfL Wolfsburg,1,5,A,23.0,15.0,6.0,7.0,10.0,3.0,3.0,3.0,0.0,0.0,3.0,3.5,2.3,3.07,3.65,2.34,1590.2,1714.03,2.0,2.0,8.0,6.0
2223,2023-04-22,Hertha,Werder Bremen,2,4,A,13.0,11.0,5.0,4.0,8.0,4.0,2.0,2.0,0.0,0.0,2.25,3.5,3.1,2.31,3.58,3.16,1569.72,1611.97,1.0,1.0,2.0,2.0
2223,2023-04-22,FSV Mainz 05,Bayern Munich,3,1,H,13.0,11.0,4.0,2.0,2.0,7.0,2.0,0.0,0.0,0.0,5.25,4.5,1.57,5.23,4.7,1.6,1714.47,1972.86,5.0,7.0,7.0,10.0
2223,2023-04-22,Borussia Dortmund,Eintracht Frankfurt,4,0,H,14.0,9.0,7.0,2.0,5.0,2.0,2.0,3.0,0.0,0.0,1.62,4.5,4.75,1.62,4.67,5.03,1825.11,1728.52,4.0,2.0,8.0,3.0
2223,2023-04-23,SC Freiburg,Schalke 04,4,0,H,25.0,10.0,12.0,4.0,6.0,5.0,1.0,2.0,0.0,0.0,1.8,3.75,4.5,1.81,3.7,4.84,1728.0,1575.56,4.0,3.0,8.0,5.0
2223,2023-04-23,Bayer Leverkusen,RB Leipzig,2,0,H,8.0,26.0,6.0,8.0,0.0,9.0,3.0,5.0,0.0,1.0,2.5,3.6,2.63,2.55,3.74,2.72,1773.78,1796.73,7.0,6.0,13.0,9.0
2223,2023-04-28,VfL Bochum,Borussia Dortmund,1,1,D,10.0,21.0,4.0,6.0,4.0,11.0,1.0,2.0,0.0,0.0,6.0,5.25,1.44,6.55,5.26,1.47,1590.2,1825.11,1.0,7.0,5.0,10.0
2223,2023-04-29,Union Berlin,Bayer Leverkusen,0,0,D,7.0,8.0,1.0,2.0,6.0,4.0,1.0,1.0,0.0,0.0,2.8,3.4,2.45,2.91,3.39,2.58,1747.5,1773.78,4.0,7.0,10.0,13.0
2223,2023-04-29,Schalke 04,Werder Bremen,2,1,H,21.0,11.0,10.0,1.0,11.0,3.0,4.0,3.0,0.0,0.0,2.25,3.5,3.1,2.28,3.65,3.18,1575.56,1611.97,3.0,4.0,4.0,5.0
2223,2023-04-29,1. FC Koln,SC Freiburg,0,1,A,21.0,12.0,8.0,6.0,9.0,6.0,1.0,1.0,0.0,0.0,2.4,3.25,3.0,2.48,3.39,3.03,1641.09,1728.0,7.0,6.0,8.0,8.0
2223,2023-04-29,RB Leipzig,TSG Hoffenheim,1,0,H,16.0,5.0,2.0,2.0,7.0,1.0,0.0,2.0,0.0,0.0,1.44,5.0,6.5,1.44,5.2,6.89,1796.73,1622.83,6.0,4.0,6.0,10.0
2223,2023-04-29,Eintracht Frankfurt,FC Augsburg,1,1,D,7.0,9.0,1.0,3.0,5.0,7.0,2.0,2.0,0.0,0.0,1.53,4.5,5.5,1.57,4.6,5.63,1728.52,1594.88,1.0,1.0,2.0,3.0
2223,2023-04-30,Bayern Munich,Hertha,2,0,H,25.0,2.0,9.0,1.0,18.0,1.0,2.0,0.0,0.0,0.0,1.11,10.0,19.0,1.12,10.61,20.33,1972.86,1569.72,4.0,0.0,7.0,1.0
2223,2023-04-30,VfL Wolfsburg,FSV Mainz 05,3,0,H,10.0,10.0,4.0,2.0,3.0,5.0,1.0,3.0,0.0,0.0,2.2,3.5,3.1,2.35,3.48,3.17,1714.03,1714.47,4.0,5.0,8.0,9.0
2223,2023-05-05,Bayer Leverkusen,1. FC Koln,1,2,A,14.0,7.0,4.0,5.0,9.0,2.0,1.0,6.0,0.0,0.0,1.67,4.0,5.0,1.7,4.14,4.99,1800.53,1650.6,5.0,4.0,11.0,8.0
2223,2023-05-05,FSV Mainz 05,Schalke 04,2,3,A,9.0,15.0,4.0,10.0,7.0,6.0,4.0,1.0,0.0,0.0,1.62,4.0,5.25,1.65,4.13,5.52,1724.35,1580.37,4.0,6.0,8.0,6.0
2223,2023-05-06,Werder Bremen,Bayern Munich,1,2,A,12.0,12.0,2.0,4.0,1.0,11.0,2.0,1.0,0.0,0.0,8.5,6.0,1.3,7.8,6.23,1.33,1613.78,1949.08,3.0,4.0,4.0,10.0
2223,2023-05-06,TSG Hoffenheim,Eintracht Frankfurt,3,1,H,8.0,19.0,5.0,6.0,1.0,11.0,2.0,4.0,1.0,0.0,2.3,3.6,2.9,2.37,3.69,2.99,1618.75,1716.0,1.0,2.0,7.0,3.0
2223,2023-05-06,Hertha,VfB Stuttgart,2,1,H,7.0,16.0,3.0,4.0,3.0,5.0,4.0,1.0,0.0,0.0,3.1,3.5,2.25,3.16,3.59,2.31,1559.76,1617.94,0.0,5.0,1.0,8.0
2223,2023-05-06,SC Freiburg,RB Leipzig,0,1,A,5.0,13.0,2.0,6.0,3.0,3.0,2.0,4.0,0.0,0.0,4.0,3.75,1.85,4.05,3.69,1.95,1751.82,1796.25,9.0,6.0,10.0,9.0
2223,2023-05-06,FC Augsburg,Union Berlin,1,0,H,11.0,12.0,3.0,4.0,3.0,7.0,2.0,2.0,0.0,0.0,3.4,3.25,2.2,3.49,3.27,2.29,1599.5,1753.31,2.0,5.0,3.0,8.0
2223,2023-05-07,Borussia Dortmund,VfL Wolfsburg,6,0,H,20.0,10.0,10.0,3.0,10.0,6.0,0.0,1.0,0.0,0.0,1.44,5.25,5.75,1.54,5.16,5.32,1827.62,1741.73,5.0,7.0,8.0,8.0
2223,2023-05-12,1. FC Koln,Hertha,5,2,H,28.0,9.0,15.0,3.0,12.0,3.0,2.0,7.0,0.0,0.0,1.85,3.75,4.0,1.9,3.86,4.19,1650.6,1559.76,6.0,3.0,10.0,3.0
2223,2023-05-13,VfL Wolfsburg,TSG Hoffenheim,2,1,H,8.0,10.0,3.0,2.0,3.0,7.0,2.0,2.0,0.0,0.0,1.91,3.75,3.8,1.93,4.02,3.8,1741.73,1618.75,6.0,3.0,7.0,7.0
2223,2023-05-13,Union Berlin,SC Freiburg,4,2,H,10.0,13.0,4.0,8.0,1.0,7.0,3.0,1.0,0.0,0.0,2.2,3.2,3.5,2.23,3.19,3.76,1753.31,1751.82,4.0,6.0,5.0,9.0
2223,2023-05-13,VfL Bochum,FC Augsburg,3,2,H,15.0,12.0,8.0,2.0,7.0,7.0,3.0,2.0,0.0,0.0,2.1,3.6,3.3,2.19,3.61,3.39,1591.06,1599.5,1.0,5.0,2.0,5.0
2223,2023-05-13,Bayern Munich,Schalke 04,6,0,H,23.0,8.0,14.0,0.0,4.0,3.0,0.0,3.0,0.0,0.0,1.13,10.0,17.0,1.14,10.41,17.11,1949.08,1580.37,6.0,6.0,10.0,9.0
2223,2023-05-13,Eintracht Frankfurt,FSV Mainz 05,3,0,H,17.0,10.0,7.0,4.0,5.0,1.0,1.0,3.0,0.0,0.0,2.1,3.6,3.3,2.13,3.73,3.45,1716.0,1724.35,1.0,3.0,2.0,5.0
2223,2023-05-14,VfB Stuttgart,Bayer Leverkusen,1,1,D,9.0,12.0,1.0,3.0,7.0,3.0,3.0,4.0,0.0,0.0,2.5,3.4,2.75,2.51,3.71,2.78,1617.94,1800.53,4.0,4.0,8.0,8.0
2223,2023-05-14,RB Leipzig,Werder Bremen,2,1,H,20.0,6.0,7.0,2.0,3.0,2.0,2.0,5.0,0.0,0.0,1.25,6.5,10.0,1.26,6.76,10.27,1796.25,1613.78,6.0,3.0,12.0,4.0
2223,2023-05-19,SC Freiburg,VfL Wolfsburg,2,0,H,16.0,9.0,7.0,2.0,4.0,4.0,1.0,3.0,1.0,0.0,2.0,3.8,3.4,2.04,3.83,3.69,1732.84,1734.17,3.0,6.0,9.0,10.0
2223,2023-05-20,Hertha,VfL Bochum,1,1,D,14.0,17.0,4.0,6.0,9.0,5.0,1.0,1.0,0.0,0.0,2.2,3.6,3.1,2.26,3.81,3.1,1559.31,1590.63,3.0,4.0,3.0,5.0
2223,2023-05-20,TSG Hoffenheim,Union Berlin,4,2,H,10.0,20.0,5.0,4.0,1.0,5.0,4.0,5.0,0.0,0.0,2.5,3.4,2.8,2.56,3.54,2.82,1626.02,1750.73,3.0,4.0,4.0,8.0
2223,2023-05-20,Schalke 04,Eintracht Frankfurt,2,2,D,11.0,6.0,4.0,3.0,8.0,3.0,3.0,4.0,0.0,0.0,3.0,3.6,2.25,2.97,3.86,2.31,1589.76,1713.46,6.0,4.0,9.0,5.0
2223,2023-05-20,Werder Bremen,1. FC Koln,1,1,D,13.0,13.0,6.0,4.0,4.0,9.0,4.0,2.0,0.0,0.0,2.6,3.6,2.55,2.58,3.88,2.62,1607.74,1669.58,0.0,6.0,3.0,10.0
2223,2023-05-20,Bayern Munich,RB Leipzig,1,3,A,17.0,16.0,4.0,8.0,7.0,2.0,1.0,1.0,0.0,0.0,1.5,5.0,5.5,1.52,5.17,5.49,1952.53,1806.03,9.0,9.0,10.0,12.0
2223,2023-05-21,FSV Mainz 05,VfB Stuttgart,1,4,A,9.0,8.0,6.0,6.0,6.0,3.0,3.0,1.0,0.0,0.0,2.5,3.5,2.7,2.58,3.66,2.72,1698.82,1611.68,0.0,4.0,4.0,6.0
2223,2023-05-21,FC Augsburg,Borussia Dortmund,0,3,A,4.0,28.0,1.0,10.0,3.0,8.0,3.0,3.0,1.0,0.0,7.0,5.5,1.36,6.52,5.7,1.42,1601.79,1841.74,4.0,7.0,5.0,11.0
2223,2023-05-27,Union Berlin,Werder Bremen,1,0,H,16.0,7.0,4.0,4.0,15.0,1.0,1.0,3.0,0.0,0.0,1.44,4.75,7.0,1.43,4.82,7.44,1750.73,1607.74,3.0,1.0,7.0,4.0
2223,2023-05-27,RB Leipzig,Schalke 04,4,2,H,19.0,16.0,12.0,4.0,4.0,5.0,2.0,2.0,0.0,0.0,1.6,4.5,4.75,1.63,4.74,4.7,1806.03,1589.76,9.0,4.0,12.0,7.0
2223,2023-05-27,VfL Wolfsburg,Hertha,1,2,A,19.0,9.0,9.0,5.0,7.0,3.0,1.0,5.0,0.0,0.0,1.36,5.25,8.0,1.33,6.05,8.12,1734.17,1559.31,3.0,4.0,9.0,4.0
2223,2023-05-27,VfB Stuttgart,TSG Hoffenheim,1,1,D,19.0,8.0,4.0,2.0,9.0,2.0,0.0,0.0,0.0,0.0,1.57,4.75,5.0,1.61,4.68,4.92,1611.68,1626.02,4.0,6.0,8.0,6.0
2223,2023-05-27,Eintracht Frankfurt,SC Freiburg,2,1,H,14.0,13.0,8.0,7.0,3.0,6.0,4.0,2.0,0.0,0.0,2.4,3.75,2.7,2.41,3.91,2.76,1713.46,1732.84,4.0,3.0,5.0,9.0
2223,2023-05-27,VfL Bochum,Bayer Leverkusen,3,0,H,10.0,11.0,5.0,2.0,2.0,5.0,5.0,5.0,0.0,1.0,3.25,4.0,2.0,3.31,4.22,2.02,1590.63,1779.39,4.0,2.0,5.0,6.0
2223,2023-05-27,1. FC Koln,Bayern Munich,1,2,A,9.0,11.0,3.0,3.0,7.0,3.0,3.0,0.0,0.0,0.0,7.5,6.0,1.3,7.82,6.29,1.32,1669.58,1952.53,7.0,6.0,10.0,9.0
2223,2023-05-27,Borussia Dortmund,FSV Mainz 05,2,2,D,30.0,10.0,12.0,4.0,6.0,3.0,1.0,1.0,0.0,0.0,1.14,8.5,15.0,1.15,9.75,14.9,1841.74,1698.82,9.0,0.0,13.0,3.0
2324,2023-08-18,Werder Bremen,Bayern Munich,0,4,A,6.0,25.0,1.0,10.0,0.0,6.0,2.0,1.0,0.0,0.0,7.5,6.5,1.3,8.59,6.36,1.33,1602.03,1935.63,1.0,6.0,1.0,12.0
2324,2023-08-19,TSG Hoffenheim,SC Freiburg,1,2,A,24.0,17.0,5.0,8.0,4.0,2.0,0.0,1.0,0.0,0.0,2.3,3.6,2.9,2.43,3.67,2.92,1639.18,1732.67,4.0,3.0,7.0,6.0
2324,2023-08-19,Bayer Leverkusen,RB Leipzig,3,2,H,11.0,13.0,7.0,6.0,4.0,5.0,1.0,2.0,0.0,0.0,2.45,3.6,2.75,2.5,3.61,2.85,1748.23,1825.38,2.0,9.0,3.0,15.0
2324,2023-08-19,VfB Stuttgart,VfL Bochum,5,0,H,19.0,4.0,9.0,1.0,7.0,0.0,1.0,1.0,0.0,0.0,1.65,4.33,4.5,1.7,4.25,4.78,1628.82,1608.66,5.0,7.0,8.0,8.0
2324,2023-08-19,VfL Wolfsburg,1. FC Heidenheim,2,0,H,18.0,13.0,8.0,1.0,1.0,7.0,3.0,0.0,0.0,0.0,1.6,4.2,5.25,1.62,4.49,5.24,1710.01,1568.46,3.0,6.0,6.0,10.0
2324,2023-08-19,Borussia Dortmund,1. FC Koln,1,0,H,12.0,11.0,2.0,4.0,6.0,3.0,1.0,0.0,0.0,0.0,1.4,5.0,7.0,1.41,5.42,7.25,1840.54,1664.45,7.0,4.0,11.0,7.0
2324,2023-08-20,Eintracht Frankfurt,SV Darmstadt 98,1,0,H,10.0,11.0,4.0,2.0,7.0,3.0,2.0,3.0,0.0,0.0,1.36,5.25,7.5,1.4,5.42,7.44,1717.05,1552.38,7.0,3.0,8.0,6.0
2324,2023-08-20,Union Berlin,FSV Mainz 05,4,1,H,12.0,9.0,7.0,3.0,3.0,1.0,1.0,5.0,0.0,0.0,1.95,3.5,3.9,2.02,3.5,4.02,1738.94,1682.04,6.0,1.0,7.0,1.0
2324,2023-08-25,RB Leipzig,VfB Stuttgart,5,1,H,20.0,8.0,11.0,3.0,4.0,4.0,1.0,1.0,0.0,0.0,1.5,4.75,5.75,1.53,4.69,6.14,1825.38,1628.82,6.0,7.0,12.0,8.0
2324,2023-08-26,VfL Bochum,Borussia Dortmund,1,1,D,17.0,13.0,6.0,3.0,5.0,4.0,2.0,1.0,0.0,0.0,7.0,5.0,1.4,6.63,5.36,1.44,1608.66,1840.54,4.0,7.0,7.0,13.0
2324,2023-08-26,SV Darmstadt 98,Union Berlin,1,4,A,18.0,12.0,6.0,6.0,3.0,5.0,2.0,2.0,0.0,1.0,4.0,3.3,1.95,3.94,3.42,2.08,1552.38,1738.94,3.0,6.0,3.0,9.0
2324,2023-08-26,1. FC Koln,VfL Wolfsburg,1,2,A,14.0,9.0,2.0,6.0,6.0,1.0,1.0,5.0,0.0,0.0,2.3,3.4,3.0,2.41,3.53,3.04,1664.45,1710.01,1.0,3.0,7.0,6.0
2324,2023-08-26,SC Freiburg,Werder Bremen,1,0,H,23.0,16.0,6.0,2.0,5.0,5.0,2.0,2.0,0.0,0.0,1.7,3.75,4.75,1.72,4.15,4.76,1732.67,1602.03,6.0,1.0,6.0,1.0
2324,2023-08-26,1. FC Heidenheim,TSG Hoffenheim,2,3,A,19.0,16.0,9.0,6.0,10.0,6.0,1.0,5.0,0.0,0.0,3.0,3.6,2.25,2.96,3.81,2.34,1568.46,1639.18,6.0,4.0,7.0,7.0
2324,2023-08-27,Bayern Munich,FC Augsburg,3,1,H,19.0,11.0,6.0,2.0,10.0,4.0,1.0,2.0,0.0,0.0,1.08,12.0,19.0,1.09,14.24,22.48,1935.63,1587.16,6.0,1.0,12.0,4.0
2324,2023-08-27,FSV Mainz 05,Eintracht Frankfurt,1,1,D,13.0,8.0,7.0,2.0,5.0,4.0,3.0,4.0,0.0,1.0,2.38,3.5,2.88,2.39,3.74,2.92,1682.04,1717.05,1.0,7.0,1.0,10.0
2324,2023-09-01,Borussia Dortmund,1. FC Heidenheim,2,2,D,20.0,15.0,9.0,6.0,3.0,6.0,3.0,3.0,0.0,0.0,1.25,7.0,9.5,1.26,7.07,10.23,1839.04,1556.53,5.0,3.0,11.0,6.0
2324,2023-09-02,FC Augsburg,VfL Bochum,2,2,D,11.0,22.0,3.0,9.0,3.0,5.0,2.0,2.0,0.0,0.0,2.0,3.75,3.75,2.09,3.67,3.61,1587.17,1601.25,1.0,4.0,1.0,8.0
2324,2023-09-02,TSG Hoffenheim,VfL Wolfsburg,3,1,H,11.0,14.0,5.0,7.0,3.0,3.0,2.0,2.0,0.0,0.0,2.5,3.6,2.63,2.48,3.86,2.73,1640.42,1723.69,4.0,6.0,7.0,9.0
2324,2023-09-02,Bayer Leverkusen,SV Darmstadt 98,5,1,H,24.0,5.0,13.0,1.0,4.0,2.0,3.0,2.0,0.0,0.0,1.2,7.0,12.0,1.2,7.79,13.72,1770.34,1541.73,6.0,0.0,8.0,3.0
2324,2023-09-02,VfB Stuttgart,SC Freiburg,5,0,H,13.0,11.0,6.0,5.0,2.0,4.0,1.0,1.0,0.0,0.0,2.2,3.5,3.2,2.18,3.79,3.28,1636.78,1743.83,4.0,6.0,8.0,9.0
2324,2023-09-02,Werder Bremen,FSV Mainz 05,4,0,H,12.0,12.0,6.0,3.0,1.0,7.0,2.0,2.0,0.0,0.0,2.63,3.5,2.55,2.76,3.55,2.61,1594.6,1673.41,0.0,2.0,1.0,2.0
2324,2023-09-03,Union Berlin,RB Leipzig,0,3,A,4.0,15.0,1.0,8.0,3.0,7.0,3.0,1.0,1.0,0.0,3.4,3.25,2.2,3.24,3.48,2.31,1756.63,1823.25,9.0,6.0,12.0,12.0
2324,2023-09-03,Eintracht Frankfurt,1. FC Koln,1,1,D,12.0,6.0,4.0,2.0,8.0,1.0,1.0,3.0,0.0,0.0,2.1,3.4,3.5,2.18,3.49,3.54,1722.86,1653.97,7.0,0.0,11.0,4.0
2324,2023-09-15,Bayern Munich,Bayer Leverkusen,2,2,D,15.0,12.0,9.0,5.0,7.0,4.0,0.0,3.0,0.0,0.0,1.65,4.5,4.5,1.65,4.7,4.78,1945.68,1774.58,9.0,9.0,12.0,10.0
2324,2023-09-16,1. FC Koln,TSG Hoffenheim,1,3,A,17.0,17.0,7.0,5.0,13.0,4.0,4.0,4.0,1.0,0.0,2.25,3.6,3.1,2.26,3.87,3.06,1657.79,1652.23,1.0,6.0,2.0,10.0
2324,2023-09-16,SC Freiburg,Borussia Dortmund,2,4,A,14.0,14.0,4.0,6.0,6.0,8.0,2.0,3.0,1.0,0.0,3.1,3.8,2.1,3.16,3.86,2.21,1723.42,1831.42,6.0,5.0,9.0,9.0
2324,2023-09-16,FSV Mainz 05,VfB Stuttgart,1,3,A,15.0,16.0,3.0,6.0,6.0,4.0,1.0,2.0,0.0,0.0,2.63,3.4,2.7,2.57,3.71,2.71,1656.89,1657.18,1.0,6.0,2.0,10.0
2324,2023-09-16,RB Leipzig,FC Augsburg,3,0,H,9.0,16.0,6.0,4.0,1.0,6.0,0.0,0.0,0.0,0.0,1.25,7.0,10.0,1.24,7.19,11.19,1837.46,1585.71,6.0,2.0,12.0,2.0
2324,2023-09-16,VfL Wolfsburg,Union Berlin,2,1,H,8.0,17.0,3.0,5.0,3.0,7.0,1.0,0.0,0.0,0.0,2.25,3.4,3.2,2.27,3.55,3.27,1711.89,1742.42,6.0,6.0,6.0,9.0
2324,2023-09-16,VfL Bochum,Eintracht Frankfurt,1,1,D,24.0,8.0,10.0,6.0,8.0,2.0,3.0,2.0,0.0,0.0,2.88,3.6,2.38,2.95,3.63,2.42,1602.71,1719.04,2.0,5.0,6.0,9.0
2324,2023-09-17,1. FC Heidenheim,Werder Bremen,4,2,H,19.0,11.0,4.0,4.0,10.0,1.0,1.0,1.0,0.0,0.0,2.3,4.0,2.7,2.39,3.88,2.85,1564.14,1611.12,1.0,3.0,7.0,4.0
2324,2023-09-22,VfB Stuttgart,SV Darmstadt 98,3,1,H,18.0,3.0,11.0,0.0,5.0,4.0,1.0,6.0,0.0,0.0,1.36,4.5,8.0,1.4,5.24,8.18,1657.18,1537.49,6.0,1.0,10.0,1.0
2324,2023-09-23,FC Augsburg,FSV Mainz 05,2,1,H,6.0,13.0,3.0,3.0,3.0,4.0,2.0,3.0,1.0,0.0,2.55,3.5,2.63,2.61,3.7,2.68,1585.71,1656.89,1.0,1.0,2.0,2.0
2324,2023-09-23,Bayern Munich,VfL Bochum,7,0,H,26.0,4.0,16.0,1.0,8.0,1.0,0.0,1.0,0.0,0.0,1.11,10.0,19.0,1.1,12.85,20.11,1945.68,1602.71,7.0,3.0,13.0,6.0
2324,2023-09-23,Borussia Dortmund,VfL Wolfsburg,1,0,H,18.0,8.0,4.0,2.0,5.0,3.0,0.0,1.0,0.0,0.0,1.65,4.0,4.75,1.71,4.47,4.48,1831.42,1711.89,5.0,6.0,9.0,9.0
2324,2023-09-23,Union Berlin,TSG Hoffenheim,0,2,A,22.0,11.0,6.0,4.0,11.0,6.0,1.0,3.0,0.0,0.0,2.05,3.6,3.4,2.15,3.72,3.39,1742.42,1652.23,3.0,9.0,9.0,10.0
2324,2023-09-23,Werder Bremen,1. FC Koln,2,1,H,17.0,13.0,6.0,5.0,9.0,8.0,2.0,1.0,0.0,0.0,2.5,3.6,2.6,2.56,3.69,2.74,1611.12,1657.79,3.0,1.0,3.0,1.0
2324,2023-09-24,Bayer Leverkusen,1. FC Heidenheim,4,1,H,20.0,1.0,10.0,1.0,7.0,2.0,1.0,1.0,0.0,0.0,1.22,6.5,12.0,1.23,7.35,11.42,1774.58,1564.14,7.0,4.0,10.0,7.0
2324,2023-09-24,Eintracht Frankfurt,SC Freiburg,0,0,D,13.0,9.0,5.0,2.0,7.0,3.0,4.0,2.0,0.0,0.0,2.05,3.6,3.4,2.16,3.66,3.42,1719.04,1723.42,3.0,3.0,9.0,6.0
2324,2023-09-29,TSG Hoffenheim,Borussia Dortmund,1,3,A,15.0,6.0,5.0,5.0,4.0,3.0,3.0,4.0,0.0,1.0,3.1,4.0,2.05,3.15,4.16,2.12,1652.23,1831.42,9.0,7.0,12.0,11.0
2324,2023-09-30,1. FC Koln,VfB Stuttgart,0,2,A,14.0,18.0,5.0,4.0,8.0,4.0,2.0,1.0,0.0,0.0,2.88,3.5,2.38,2.89,3.64,2.46,1657.79,1657.18,1.0,9.0,1.0,12.0
2324,2023-09-30,1. FC Heidenheim,Union Berlin,1,0,H,9.0,19.0,4.0,8.0,5.0,7.0,1.0,2.0,0.0,0.0,3.0,3.6,2.25,3.05,3.72,2.32,1564.14,1742.42,4.0,0.0,4.0,6.0
2324,2023-09-30,FSV Mainz 05,Bayer Leverkusen,0,3,A,10.0,6.0,3.0,3.0,3.0,1.0,4.0,1.0,0.0,0.0,5.75,4.5,1.53,5.85,4.72,1.54,1656.89,1774.58,0.0,7.0,1.0,13.0
2324,2023-09-30,VfL Wolfsburg,Eintracht Frankfurt,2,0,H,19.0,7.0,7.0,3.0,7.0,4.0,1.0,6.0,0.0,1.0,2.05,3.5,3.5,2.11,3.53,3.68,1711.89,1719.04,3.0,3.0,9.0,7.0
2324,2023-09-30,RB Leipzig,Bayern Munich,2,2,D,7.0,11.0,2.0,5.0,5.0,1.0,2.0,5.0,0.0,0.0,3.4,4.2,1.91,3.73,4.2,1.91,1837.46,1945.68,9.0,7.0,12.0,13.0
2324,2023-10-01,SC Freiburg,FC Augsburg,2,0,H,7.0,13.0,3.0,4.0,2.0,3.0,2.0,2.0,0.0,0.0,1.73,4.0,4.75,1.73,4.19,4.68,1725.19,1592.97,1.0,4.0,7.0,5.0
2324,2023-10-01,SV Darmstadt 98,Werder Bremen,4,2,H,14.0,10.0,5.0,7.0,2.0,4.0,3.0,2.0,0.0,0.0,2.8,3.8,2.3,2.82,3.74,2.47,1537.23,1610.64,1.0,6.0,1.0,6.0
2324,2023-10-07,FC Augsburg,SV Darmstadt 98,1,2,A,17.0,17.0,3.0,5.0,4.0,4.0,4.0,2.0,0.0,0.0,1.85,3.75,4.0,1.92,3.9,3.98,1592.97,1537.23,3.0,4.0,4.0,4.0
2324,2023-10-07,Borussia Dortmund,Union Berlin,4,2,H,12.0,12.0,7.0,6.0,4.0,6.0,1.0,1.0,0.0,0.0,1.57,4.33,5.25,1.61,4.51,5.28,1845.56,1709.28,9.0,0.0,11.0,3.0
2324,2023-10-07,RB Leipzig,VfL Bochum,0,0,D,18.0,9.0,5.0,2.0,9.0,1.0,2.0,4.0,0.0,0.0,1.25,6.0,11.0,1.25,6.87,10.85,1855.61,1592.35,7.0,1.0,13.0,3.0
2324,2023-10-07,VfB Stuttgart,VfL Wolfsburg,3,1,H,13.0,12.0,7.0,5.0,5.0,6.0,1.0,3.0,0.0,0.0,2.0,3.5,3.75,2.01,3.8,3.73,1690.84,1726.87,9.0,6.0,12.0,9.0
2324,2023-10-07,Werder Bremen,TSG Hoffenheim,2,3,A,13.0,11.0,3.0,4.0,4.0,4.0,5.0,4.0,0.0,0.0,2.75,3.75,2.4,2.75,3.92,2.44,1610.64,1677.14,3.0,6.0,6.0,12.0
2324,2023-10-08,Bayern Munich,SC Freiburg,3,0,H,21.0,2.0,5.0,0.0,7.0,1.0,1.0,0.0,0.0,0.0,1.14,8.5,17.0,1.16,9.23,14.64,1948.58,1725.19,5.0,4.0,11.0,7.0
2324,2023-10-08,Bayer Leverkusen,1. FC Koln,3,0,H,21.0,7.0,10.0,3.0,11.0,4.0,3.0,0.0,0.0,0.0,1.33,5.5,8.0,1.34,5.68,9.07,1799.64,1626.9,7.0,0.0,13.0,1.0
2324,2023-10-08,Eintracht Frankfurt,1. FC Heidenheim,2,0,H,12.0,7.0,6.0,2.0,3.0,6.0,2.0,3.0,0.0,0.0,1.7,4.0,4.75,1.74,4.12,4.7,1710.36,1583.33,2.0,6.0,4.0,7.0
2324,2023-10-20,Borussia Dortmund,Werder Bremen,1,0,H,22.0,6.0,5.0,1.0,10.0,4.0,1.0,5.0,0.0,0.0,1.29,6.5,8.0,1.3,6.69,8.63,1837.65,1581.18,9.0,3.0,13.0,6.0
2324,2023-10-21,VfL Wolfsburg,Bayer Leverkusen,1,2,A,18.0,13.0,7.0,6.0,4.0,3.0,3.0,5.0,0.0,0.0,4.33,4.0,1.75,4.52,4.2,1.75,1706.31,1797.82,3.0,9.0,6.0,13.0
2324,2023-10-21,Union Berlin,VfB Stuttgart,0,3,A,10.0,10.0,2.0,5.0,4.0,2.0,2.0,1.0,0.0,0.0,2.5,3.5,2.7,2.56,3.58,2.79,1683.17,1690.37,0.0,9.0,0.0,15.0
2324,2023-10-21,FSV Mainz 05,Bayern Munich,1,3,A,14.0,12.0,3.0,5.0,2.0,7.0,3.0,2.0,0.0,0.0,9.0,6.0,1.29,9.99,6.69,1.27,1621.07,1944.26,1.0,7.0,1.0,11.0
2324,2023-10-21,SC Freiburg,VfL Bochum,2,1,H,15.0,13.0,5.0,5.0,5.0,2.0,3.0,4.0,0.0,0.0,1.7,3.75,5.0,1.76,4.02,4.73,1707.81,1589.2,4.0,1.0,4.0,3.0
2324,2023-10-21,SV Darmstadt 98,RB Leipzig,1,3,A,16.0,10.0,3.0,7.0,6.0,0.0,6.0,3.0,0.0,0.0,6.5,4.75,1.44,6.38,5.09,1.47,1548.87,1831.13,6.0,5.0,7.0,11.0
2324,2023-10-21,TSG Hoffenheim,Eintracht Frankfurt,1,3,A,14.0,13.0,5.0,5.0,6.0,3.0,3.0,0.0,0.0,0.0,2.1,3.5,3.4,2.15,3.72,3.4,1674.22,1694.99,6.0,4.0,12.0,6.0
2324,2023-10-22,1. FC Heidenheim,FC Augsburg,2,5,A,16.0,9.0,5.0,6.0,6.0,5.0,3.0,2.0,0.0,0.0,2.45,3.5,2.8,2.42,3.69,2.91,1567.59,1566.8,3.0,3.0,7.0,4.0
2324,2023-10-27,VfL Bochum,FSV Mainz 05,2,2,D,10.0,10.0,4.0,4.0,5.0,4.0,3.0,3.0,0.0,0.0,2.7,3.3,2.55,2.78,3.57,2.57,1589.2,1621.07,1.0,1.0,2.0,1.0
2324,2023-10-28,FC Augsburg,VfL Wolfsburg,3,2,H,9.0,13.0,5.0,6.0,5.0,5.0,6.0,4.0,1.0,0.0,2.9,3.5,2.38,2.91,3.67,2.4,1566.8,1706.31,3.0,3.0,6.0,6.0
2324,2023-10-28,Bayern Munich,SV Darmstadt 98,8,0,H,28.0,10.0,16.0,4.0,7.0,1.0,1.0,2.0,1.0,2.0,1.06,12.0,26.0,1.07,16.22,27.11,1944.26,1548.87,7.0,6.0,11.0,7.0
2324,2023-10-28,VfB Stuttgart,TSG Hoffenheim,2,3,A,23.0,7.0,10.0,5.0,6.0,0.0,2.0,1.0,0.0,0.0,1.85,4.0,3.8,1.88,4.15,3.82,1690.37,1674.22,9.0,3.0,15.0,9.0
2324,2023-10-28,Werder Bremen,Union Berlin,2,0,H,9.0,7.0,3.0,2.0,3.0,3.0,1.0,4.0,0.0,1.0,2.7,3.3,2.6,2.73,3.61,2.6,1581.18,1683.17,0.0,0.0,3.0,0.0
2324,2023-10-28,RB Leipzig,1. FC Koln,6,0,H,24.0,6.0,13.0,1.0,11.0,1.0,2.0,4.0,0.0,1.0,1.44,4.75,7.0,1.44,5.05,7.18,1831.13,1611.71,5.0,3.0,11.0,3.0
2324,2023-10-29,Eintracht Frankfurt,Borussia Dortmund,3,3,D,11.0,14.0,7.0,4.0,0.0,4.0,3.0,2.0,0.0,0.0,3.4,3.4,2.15,3.31,3.73,2.18,1694.99,1837.65,6.0,9.0,8.0,15.0
2324,2023-10-29,Bayer Leverkusen,SC Freiburg,2,1,H,19.0,10.0,4.0,4.0,11.0,4.0,0.0,2.0,0.0,0.0,1.29,5.5,11.0,1.29,6.08,10.27,1797.82,1707.81,9.0,6.0,13.0,7.0
2324,2023-11-03,SV Darmstadt 98,VfL Bochum,1,2,A,15.0,9.0,4.0,4.0,11.0,2.0,2.0,5.0,1.0,0.0,2.3,3.75,2.88,2.41,3.61,2.98,1550.28,1592.43,3.0,2.0,6.0,2.0
2324,2023-11-04,1. FC Koln,FC Augsburg,1,1,D,28.0,18.0,12.0,3.0,10.0,2.0,1.0,4.0,0.0,0.0,2.3,3.6,2.9,2.32,3.75,2.97,1624.66,1600.6,3.0,6.0,3.0,9.0
2324,2023-11-04,TSG Hoffenheim,Bayer Leverkusen,2,3,A,12.0,10.0,7.0,4.0,4.0,3.0,3.0,2.0,0.0,0.0,5.0,4.5,1.57,4.92,4.9,1.59,1679.75,1821.38,6.0,9.0,9.0,15.0
2324,2023-11-04,FSV Mainz 05,RB Leipzig,2,0,H,10.0,10.0,3.0,2.0,2.0,7.0,3.0,1.0,0.0,0.0,5.75,4.2,1.6,5.42,4.56,1.58,1626.39,1851.35,2.0,7.0,2.0,11.0
2324,2023-11-04,Union Berlin,Eintracht Frankfurt,0,3,A,10.0,4.0,3.0,3.0,9.0,1.0,0.0,1.0,0.0,0.0,2.55,3.1,2.9,2.57,3.21,3.01,1658.03,1719.77,0.0,7.0,0.0,8.0
2324,2023-11-04,Borussia Dortmund,Bayern Munich,0,4,A,15.0,14.0,1.0,8.0,3.0,2.0,3.0,2.0,0.0,0.0,4.0,4.33,1.75,3.77,4.42,1.84,1856.54,1963.99,7.0,9.0,13.0,13.0
2324,2023-11-05,1. FC Heidenheim,VfB Stuttgart,2,0,H,19.0,14.0,2.0,2.0,9.0,6.0,2.0,2.0,0.0,0.0,4.5,4.33,1.65,4.59,4.39,1.69,1554.83,1704.15,0.0,6.0,3.0,12.0
2324,2023-11-05,VfL Wolfsburg,Werder Bremen,2,2,D,15.0,13.0,5.0,4.0,5.0,2.0,4.0,1.0,1.0,0.0,1.7,4.33,4.33,1.74,4.29,4.37,1697.66,1599.18,0.0,3.0,3.0,6.0
2324,2023-11-11,FC Augsburg,TSG Hoffenheim,1,1,D,11.0,12.0,6.0,6.0,3.0,5.0,1.0,2.0,0.0,0.0,2.63,3.6,2.55,2.62,3.92,2.52,1600.6,1679.75,7.0,3.0,7.0,6.0
2324,2023-11-11,Bayern Munich,1. FC Heidenheim,4,2,H,18.0,7.0,8.0,2.0,7.0,2.0,1.0,0.0,0.0,0.0,1.06,17.0,21.0,1.06,18.13,28.2,1963.99,1554.83,9.0,3.0,13.0,6.0
2324,2023-11-11,SV Darmstadt 98,FSV Mainz 05,0,0,D,9.0,9.0,3.0,0.0,0.0,5.0,3.0,3.0,0.0,0.0,3.1,3.5,2.25,3.04,3.72,2.3,1550.28,1626.39,0.0,4.0,6.0,5.0
2324,2023-11-11,VfB Stuttgart,Borussia Dortmund,2,1,H,22.0,5.0,10.0,1.0,6.0,1.0,2.0,3.0,0.0,0.0,2.55,3.75,2.55,2.61,3.85,2.56,1704.15,1856.54,3.0,4.0,9.0,10.0
2324,2023-11-11,VfL Bochum,1. FC Koln,1,1,D,25.0,10.0,9.0,6.0,3.0,3.0,4.0,1.0,0.0,0.0,2.45,3.4,2.88,2.46,3.7,2.81,1592.43,1624.66,4.0,4.0,5.0,4.0
2324,2023-11-12,RB Leipzig,SC Freiburg,3,1,H,15.0,9.0,6.0,3.0,7.0,3.0,2.0,0.0,0.0,0.0,1.44,5.0,6.5,1.46,4.96,6.59,1851.35,1717.88,6.0,4.0,8.0,7.0
2324,2023-11-12,Werder Bremen,Eintracht Frankfurt,2,2,D,14.0,14.0,5.0,3.0,3.0,7.0,1.0,3.0,0.0,0.0,3.1,3.4,2.3,3.01,3.6,2.36,1599.18,1719.77,4.0,7.0,4.0,10.0
2324,2023-11-12,Bayer Leverkusen,Union Berlin,4,0,H,19.0,2.0,10.0,2.0,10.0,1.0,0.0,1.0,0.0,0.0,1.29,6.0,9.0,1.29,6.09,10.4,1821.38,1658.03,9.0,0.0,15.0,0.0
2324,2023-11-24,1. FC Koln,Bayern Munich,0,1,A,6.0,19.0,2.0,5.0,3.0,12.0,0.0,1.0,0.0,0.0,9.0,7.0,1.25,10.64,6.78,1.25,1633.08,1989.7,2.0,9.0,5.0,15.0
2324,2023-11-25,SC Freiburg,SV Darmstadt 98,1,1,D,16.0,7.0,3.0,1.0,11.0,2.0,2.0,0.0,0.0,0.0,1.55,4.33,5.75,1.57,4.42,5.65,1720.77,1552.36,1.0,1.0,4.0,4.0
2324,2023-11-25,Union Berlin,FC Augsburg,1,1,D,16.0,11.0,6.0,2.0,3.0,4.0,2.0,2.0,0.0,0.0,1.95,3.6,3.8,2.01,3.65,3.79,1655.1,1613.1,0.0,5.0,0.0,8.0
2324,2023-11-25,Werder Bremen,Bayer Leverkusen,0,3,A,2.0,13.0,1.0,4.0,1.0,6.0,3.0,1.0,0.0,0.0,6.5,5.0,1.45,6.3,5.25,1.45,1615.2,1846.45,5.0,9.0,5.0,15.0
2324,2023-11-25,VfL Wolfsburg,RB Leipzig,2,1,H,10.0,26.0,4.0,10.0,1.0,12.0,4.0,2.0,0.0,0.0,3.6,4.0,1.91,3.79,3.97,1.93,1689.18,1852.87,1.0,6.0,1.0,10.0
2324,2023-11-25,Eintracht Frankfurt,VfB Stuttgart,1,2,A,14.0,11.0,1.0,5.0,4.0,2.0,0.0,1.0,0.0,0.0,2.6,3.6,2.6,2.65,3.7,2.6,1743.45,1710.07,5.0,3.0,11.0,9.0
2324,2023-11-26,1. FC Heidenheim,VfL Bochum,0,0,D,9.0,9.0,3.0,2.0,6.0,5.0,4.0,3.0,0.0,0.0,2.2,3.6,3.1,2.23,3.81,3.09,1577.84,1609.63,3.0,5.0,3.0,6.0
2324,2023-11-26,TSG Hoffenheim,FSV Mainz 05,1,1,D,15.0,15.0,6.0,6.0,4.0,5.0,4.0,4.0,0.0,0.0,1.85,3.8,3.8,1.85,4.08,4.01,1683.45,1651.89,4.0,5.0,7.0,6.0
2324,2023-12-01,SV Darmstadt 98,1. FC Koln,0,1,A,11.0,11.0,1.0,6.0,1.0,6.0,1.0,3.0,0.0,0.0,2.63,3.4,2.6,2.66,3.54,2.71,1558.64,1631.36,2.0,2.0,2.0,5.0
2324,2023-12-02,VfL Bochum,VfL Wolfsburg,3,1,H,19.0,15.0,9.0,6.0,6.0,6.0,6.0,2.0,0.0,0.0,2.63,3.6,2.55,2.67,3.6,2.62,1611.0,1700.03,5.0,4.0,6.0,4.0
2324,2023-12-02,RB Leipzig,1. FC Heidenheim,2,1,H,23.0,7.0,8.0,1.0,5.0,3.0,2.0,2.0,0.0,0.0,1.25,7.0,9.0,1.24,7.2,10.19,1840.77,1577.21,3.0,4.0,9.0,4.0
2324,2023-12-02,VfB Stuttgart,Werder Bremen,2,0,H,17.0,11.0,6.0,3.0,6.0,7.0,1.0,0.0,0.0,0.0,1.4,5.25,6.5,1.4,5.24,7.66,1721.09,1608.69,6.0,2.0,9.0,5.0
2324,2023-12-03,FSV Mainz 05,SC Freiburg,0,1,A,19.0,13.0,6.0,5.0,14.0,3.0,1.0,1.0,0.0,0.0,2.3,3.4,3.1,2.29,3.56,3.16,1655.02,1722.87,5.0,2.0,6.0,5.0
2324,2023-12-03,Bayer Leverkusen,Borussia Dortmund,1,1,D,22.0,6.0,6.0,2.0,16.0,1.0,3.0,2.0,0.0,0.0,1.62,4.5,4.75,1.68,4.46,4.59,1855.63,1870.36,9.0,3.0,15.0,7.0
2324,2023-12-03,FC Augsburg,Eintracht Frankfurt,2,1,H,9.0,12.0,4.0,6.0,2.0,4.0,1.0,1.0,0.0,0.0,2.63,3.6,2.55,2.69,3.6,2.61,1616.51,1719.33,3.0,4.0,9.0,8.0
2324,2023-12-08,TSG Hoffenheim,VfL Bochum,3,1,H,18.0,22.0,7.0,5.0,4.0,5.0,3.0,2.0,0.0,0.0,1.67,4.2,4.75,1.73,4.32,4.52,1681.07,1611.0,2.0,5.0,5.0,9.0
2324,2023-12-09,Borussia Dortmund,RB Leipzig,2,3,A,18.0,24.0,6.0,8.0,6.0,6.0,1.0,3.0,1.0,0.0,2.6,3.6,2.55,2.59,3.87,2.57,1870.36,1840.77,4.0,6.0,5.0,9.0
2324,2023-12-09,VfL Wolfsburg,SC Freiburg,0,1,A,10.0,4.0,3.0,1.0,5.0,3.0,1.0,4.0,0.0,0.0,2.25,3.5,3.1,2.29,3.78,3.0,1700.03,1722.87,3.0,4.0,4.0,5.0
2324,2023-12-09,Werder Bremen,FC Augsburg,2,0,H,12.0,11.0,5.0,1.0,5.0,2.0,1.0,2.0,0.0,0.0,2.38,3.6,2.8,2.45,3.71,2.81,1608.69,1616.51,1.0,5.0,5.0,9.0
2324,2023-12-09,1. FC Heidenheim,SV Darmstadt 98,3,2,H,16.0,20.0,7.0,7.0,8.0,3.0,2.0,2.0,0.0,0.0,2.05,3.5,3.5,2.07,3.73,3.53,1577.21,1558.64,1.0,2.0,4.0,2.0
2324,2023-12-09,Eintracht Frankfurt,Bayern Munich,5,1,H,14.0,17.0,6.0,6.0,1.0,9.0,1.0,2.0,0.0,0.0,9.0,5.5,1.3,8.96,6.05,1.31,1719.33,1983.59,1.0,9.0,5.0,15.0
2324,2023-12-10,VfB Stuttgart,Bayer Leverkusen,1,1,D,22.0,20.0,12.0,6.0,8.0,8.0,1.0,1.0,0.0,0.0,2.9,3.6,2.3,2.84,3.82,2.38,1721.09,1855.63,9.0,7.0,9.0,13.0
2324,2023-12-10,1. FC Koln,FSV Mainz 05,0,0,D,7.0,13.0,3.0,5.0,1.0,7.0,2.0,4.0,0.0,0.0,2.3,3.5,3.0,2.48,3.44,2.95,1631.36,1655.02,4.0,2.0,5.0,6.0
2324,2023-12-16,RB Leipzig,TSG Hoffenheim,3,1,H,23.0,10.0,11.0,4.0,9.0,2.0,3.0,2.0,0.0,0.0,1.45,5.0,6.0,1.45,5.3,6.22,1847.08,1674.37,6.0,4.0,9.0,5.0
2324,2023-12-16,FSV Mainz 05,1. FC Heidenheim,0,1,A,16.0,5.0,4.0,2.0,8.0,1.0,3.0,3.0,0.0,0.0,1.67,4.2,4.75,1.67,4.23,4.93,1641.03,1573.35,2.0,4.0,6.0,7.0
2324,2023-12-16,VfL Bochum,Union Berlin,3,0,H,21.0,10.0,7.0,2.0,6.0,4.0,2.0,2.0,0.0,0.0,2.7,3.4,2.6,2.68,3.48,2.68,1608.28,1654.23,4.0,4.0,8.0,4.0
2324,2023-12-16,FC Augsburg,Borussia Dortmund,1,1,D,20.0,24.0,4.0,6.0,4.0,7.0,2.0,1.0,0.0,0.0,3.5,4.2,1.91,3.64,4.24,1.91,1608.13,1851.9,4.0,4.0,6.0,4.0
2324,2023-12-16,SV Darmstadt 98,VfL Wolfsburg,0,1,A,14.0,11.0,4.0,3.0,7.0,7.0,2.0,0.0,0.0,1.0,3.1,3.6,2.2,3.29,3.61,2.21,1537.49,1671.61,1.0,3.0,2.0,4.0
2324,2023-12-17,SC Freiburg,1. FC Koln,2,0,H,23.0,7.0,7.0,1.0,5.0,2.0,1.0,4.0,0.0,1.0,1.8,3.8,4.2,1.82,3.75,4.57,1724.15,1629.68,7.0,4.0,8.0,6.0
2324,2023-12-17,Bayer Leverkusen,Eintracht Frankfurt,3,0,H,14.0,4.0,6.0,2.0,5.0,5.0,1.0,1.0,0.0,0.0,1.36,5.0,8.5,1.36,5.67,7.93,1847.01,1706.78,5.0,3.0,11.0,7.0
2324,2023-12-17,Bayern Munich,VfB Stuttgart,3,0,H,17.0,5.0,8.0,2.0,6.0,2.0,0.0,3.0,0.0,0.0,1.45,5.25,5.5,1.44,5.56,6.06,1955.94,1720.34,6.0,7.0,12.0,10.0
2324,2023-12-19,Werder Bremen,RB Leipzig,1,1,D,11.0,18.0,3.0,9.0,1.0,4.0,4.0,2.0,0.0,0.0,5.0,4.5,1.57,5.13,4.76,1.6,1605.2,1847.08,4.0,9.0,5.0,12.0
2324,2023-12-19,Borussia Dortmund,FSV Mainz 05,1,1,D,21.0,11.0,8.0,6.0,6.0,1.0,0.0,4.0,0.0,0.0,1.55,4.75,5.25,1.57,4.84,5.33,1851.9,1641.03,2.0,1.0,5.0,3.0
2324,2023-12-19,TSG Hoffenheim,SV Darmstadt 98,3,3,D,13.0,14.0,4.0,3.0,8.0,3.0,2.0,4.0,0.0,0.0,1.44,5.0,6.5,1.45,5.14,6.78,1674.37,1537.49,3.0,0.0,5.0,2.0
2324,2023-12-20,Union Berlin,1. FC Koln,2,0,H,12.0,15.0,8.0,7.0,4.0,5.0,0.0,0.0,0.0,0.0,1.95,3.6,3.8,1.95,3.59,4.09,1654.23,1629.68,4.0,4.0,4.0,5.0
2324,2023-12-20,1. FC Heidenheim,SC Freiburg,3,2,H,14.0,10.0,3.0,4.0,7.0,4.0,3.0,4.0,0.0,0.0,2.8,3.6,2.38,2.9,3.58,2.44,1573.35,1724.15,6.0,9.0,7.0,10.0
2324,2023-12-20,Bayer Leverkusen,VfL Bochum,4,0,H,15.0,6.0,8.0,1.0,4.0,3.0,0.0,2.0,0.0,0.0,1.17,8.0,15.0,1.18,8.42,13.23,1847.01,1608.28,5.0,6.0,11.0,8.0
2324,2023-12-20,VfB Stuttgart,FC Augsburg,3,0,H,17.0,6.0,7.0,5.0,4.0,4.0,0.0,4.0,0.0,0.0,1.36,5.25,7.5,1.37,5.46,7.98,1720.34,1608.13,4.0,4.0,10.0,6.0
2324,2023-12-20,VfL Wolfsburg,Bayern Munich,1,2,A,5.0,20.0,4.0,7.0,0.0,6.0,4.0,2.0,0.0,0.0,6.5,5.75,1.36,7.64,5.7,1.37,1671.61,1955.94,3.0,6.0,6.0,12.0
2324,2024-01-12,Bayern Munich,TSG Hoffenheim,3,0,H,27.0,12.0,12.0,4.0,11.0,2.0,1.0,3.0,0.0,1.0,1.14,9.0,12.0,1.15,9.94,16.13,1962.54,1665.17,6.0,4.0,12.0,5.0
2324,2024-01-13,SV Darmstadt 98,Borussia Dortmund,0,3,A,10.0,17.0,2.0,8.0,3.0,4.0,1.0,3.0,0.0,0.0,5.25,4.5,1.53,5.5,4.91,1.53,1536.66,1840.45,1.0,2.0,2.0,6.0
2324,2024-01-13,FSV Mainz 05,VfL Wolfsburg,1,1,D,12.0,9.0,4.0,4.0,7.0,3.0,3.0,4.0,0.0,0.0,2.2,3.4,3.25,2.25,3.47,3.33,1636.33,1674.63,2.0,3.0,3.0,6.0
2324,2024-01-13,RB Leipzig,Eintracht Frankfurt,0,1,A,26.0,5.0,7.0,1.0,15.0,4.0,0.0,2.0,0.0,0.0,1.45,4.5,7.5,1.45,4.99,6.78,1846.3,1706.44,7.0,6.0,10.0,6.0
2324,2024-01-13,1. FC Koln,1. FC Heidenheim,1,1,D,13.0,10.0,6.0,2.0,9.0,6.0,2.0,1.0,0.0,0.0,2.05,3.6,3.4,2.1,3.67,3.51,1615.33,1594.82,1.0,9.0,4.0,10.0
2324,2024-01-13,SC Freiburg,Union Berlin,0,0,D,14.0,8.0,4.0,4.0,4.0,3.0,0.0,2.0,0.0,0.0,2.05,3.6,3.5,2.1,3.62,3.54,1720.07,1649.7,6.0,6.0,10.0,7.0
2324,2024-01-13,FC Augsburg,Bayer Leverkusen,0,1,A,2.0,25.0,0.0,6.0,0.0,12.0,3.0,1.0,0.0,0.0,5.25,4.75,1.5,5.74,4.65,1.54,1605.97,1856.9,1.0,7.0,5.0,11.0
2324,2024-01-14,VfL Bochum,Werder Bremen,1,1,D,13.0,15.0,4.0,4.0,3.0,4.0,6.0,5.0,0.0,0.0,2.15,3.6,3.1,2.21,3.78,3.16,1617.08,1613.56,3.0,5.0,7.0,5.0
2324,2024-01-20,VfL Bochum,VfB Stuttgart,1,0,H,6.0,17.0,1.0,4.0,1.0,7.0,5.0,3.0,0.0,0.0,3.6,3.8,1.95,3.66,3.9,1.98,1615.08,1712.92,4.0,3.0,7.0,7.0
2324,2024-01-20,SV Darmstadt 98,Eintracht Frankfurt,2,2,D,13.0,7.0,3.0,4.0,4.0,1.0,1.0,1.0,0.0,0.0,3.8,3.75,1.91,3.91,3.71,1.96,1531.83,1719.47,1.0,6.0,1.0,9.0
2324,2024-01-20,1. FC Koln,Borussia Dortmund,0,4,A,16.0,11.0,5.0,7.0,13.0,4.0,2.0,2.0,0.0,0.0,4.5,4.0,1.73,4.27,4.29,1.76,1612.8,1845.28,1.0,5.0,5.0,6.0
2324,2024-01-20,SC Freiburg,TSG Hoffenheim,3,2,H,16.0,16.0,8.0,4.0,2.0,2.0,3.0,3.0,1.0,0.0,2.0,3.8,3.4,2.07,3.83,3.44,1716.25,1662.83,4.0,1.0,10.0,4.0
2324,2024-01-20,1. FC Heidenheim,VfL Wolfsburg,1,1,D,12.0,12.0,3.0,3.0,4.0,2.0,0.0,1.0,0.0,0.0,2.7,3.5,2.55,2.78,3.5,2.58,1597.35,1675.52,7.0,4.0,10.0,4.0
2324,2024-01-20,RB Leipzig,Bayer Leverkusen,2,3,A,11.0,18.0,6.0,5.0,1.0,9.0,2.0,3.0,0.0,0.0,2.4,3.8,2.7,2.44,3.78,2.79,1833.27,1860.62,4.0,9.0,10.0,11.0
2324,2024-01-21,Bayern Munich,Werder Bremen,0,1,A,21.0,8.0,6.0,3.0,10.0,2.0,2.0,1.0,0.0,0.0,1.09,11.0,21.0,1.08,11.78,20.98,1964.89,1615.56,9.0,3.0,12.0,6.0
2324,2024-01-24,Bayern Munich,Union Berlin,1,0,H,24.0,4.0,10.0,1.0,12.0,1.0,2.0,4.0,0.0,0.0,1.18,7.0,17.0,1.15,8.7,17.25,1964.89,1653.52,6.0,4.0,9.0,8.0
2324,2024-01-26,Eintracht Frankfurt,FSV Mainz 05,1,0,H,13.0,7.0,4.0,0.0,2.0,1.0,2.0,1.0,0.0,0.0,2.15,3.4,3.5,2.17,3.44,3.54,1719.47,1635.45,7.0,2.0,10.0,3.0
2324,2024-01-27,VfL Wolfsburg,1. FC Koln,1,1,D,12.0,6.0,5.0,2.0,6.0,3.0,5.0,3.0,0.0,0.0,1.83,3.75,4.2,1.83,3.83,4.41,1675.52,1612.8,2.0,1.0,5.0,2.0
2324,2024-01-27,Werder Bremen,SC Freiburg,3,1,H,14.0,7.0,4.0,4.0,5.0,5.0,2.0,1.0,0.0,0.0,2.4,3.5,2.88,2.45,3.52,2.94,1615.56,1716.25,5.0,4.0,9.0,10.0
2324,2024-01-27,TSG Hoffenheim,1. FC Heidenheim,1,1,D,20.0,15.0,8.0,3.0,9.0,5.0,4.0,0.0,0.0,0.0,1.67,4.5,4.33,1.7,4.28,4.64,1662.83,1597.35,1.0,5.0,4.0,11.0
2324,2024-01-27,FC Augsburg,Bayern Munich,2,3,A,14.0,13.0,7.0,4.0,4.0,5.0,2.0,6.0,0.0,0.0,8.5,5.75,1.3,8.77,5.99,1.31,1602.25,1964.89,3.0,6.0,4.0,12.0
2324,2024-01-27,VfB Stuttgart,RB Leipzig,5,2,H,19.0,4.0,11.0,2.0,9.0,3.0,1.0,4.0,0.0,0.0,2.63,3.8,2.4,2.75,3.82,2.45,1712.92,1833.27,3.0,1.0,4.0,7.0
2324,2024-01-28,Union Berlin,SV Darmstadt 98,1,0,H,19.0,15.0,6.0,1.0,4.0,3.0,3.0,2.0,0.0,0.0,1.62,3.8,5.75,1.64,3.92,5.85,1653.52,1531.83,4.0,2.0,7.0,2.0
2324,2024-01-28,Borussia Dortmund,VfL Bochum,3,1,H,15.0,10.0,6.0,4.0,8.0,4.0,1.0,3.0,0.0,0.0,1.36,5.5,7.5,1.38,5.7,7.32,1845.28,1615.08,7.0,4.0,8.0,7.0
2324,2024-02-02,1. FC Heidenheim,Borussia Dortmund,0,0,D,11.0,13.0,0.0,5.0,4.0,6.0,0.0,2.0,0.0,0.0,3.75,4.5,1.8,3.99,4.34,1.82,1601.17,1856.2,3.0,9.0,9.0,11.0
2324,2024-02-03,SV Darmstadt 98,Bayer Leverkusen,0,2,A,8.0,18.0,6.0,7.0,4.0,3.0,2.0,2.0,0.0,0.0,9.5,6.5,1.25,9.27,6.36,1.28,1531.42,1863.05,1.0,7.0,2.0,13.0
2324,2024-02-03,VfL Bochum,FC Augsburg,1,1,D,9.0,12.0,4.0,6.0,3.0,5.0,3.0,1.0,0.0,0.0,2.15,3.4,3.4,2.21,3.65,3.25,1620.99,1611.36,4.0,3.0,7.0,4.0
2324,2024-02-03,SC Freiburg,VfB Stuttgart,1,3,A,7.0,17.0,4.0,9.0,1.0,6.0,4.0,2.0,1.0,0.0,3.1,3.6,2.2,3.15,3.79,2.21,1709.17,1720.01,4.0,3.0,7.0,6.0
2324,2024-02-03,FSV Mainz 05,Werder Bremen,0,1,A,20.0,6.0,5.0,1.0,11.0,1.0,4.0,3.0,0.0,0.0,2.1,3.5,3.5,2.12,3.52,3.59,1630.95,1643.95,2.0,7.0,3.0,9.0
2324,2024-02-03,1. FC Koln,Eintracht Frankfurt,2,0,H,14.0,11.0,4.0,4.0,7.0,7.0,1.0,4.0,0.0,2.0,3.25,3.4,2.2,3.31,3.47,2.26,1608.52,1720.62,2.0,7.0,2.0,10.0
2324,2024-02-04,VfL Wolfsburg,TSG Hoffenheim,2,2,D,14.0,17.0,8.0,7.0,7.0,2.0,2.0,3.0,0.0,0.0,2.1,3.75,3.2,2.14,3.83,3.28,1671.44,1654.34,3.0,1.0,6.0,2.0
2324,2024-02-04,RB Leipzig,Union Berlin,2,0,H,16.0,10.0,6.0,2.0,5.0,4.0,1.0,2.0,0.0,1.0,1.4,5.0,7.5,1.4,4.98,7.93,1808.41,1655.79,0.0,4.0,4.0,7.0
2324,2024-02-07,FSV Mainz 05,Union Berlin,1,1,D,16.0,15.0,7.0,4.0,8.0,3.0,2.0,4.0,0.0,0.0,2.15,3.3,3.5,2.22,3.29,3.58,1630.95,1655.79,1.0,3.0,2.0,7.0
2324,2024-02-09,Borussia Dortmund,SC Freiburg,3,0,H,17.0,6.0,8.0,3.0,5.0,3.0,2.0,0.0,0.0,0.0,1.45,4.75,6.5,1.47,5.13,6.36,1856.2,1709.17,7.0,3.0,11.0,4.0
2324,2024-02-10,Bayer Leverkusen,Bayern Munich,3,0,H,14.0,8.0,8.0,1.0,4.0,6.0,3.0,2.0,0.0,0.0,2.63,3.8,2.4,2.68,3.9,2.47,1863.05,1952.44,7.0,9.0,13.0,12.0
2324,2024-02-10,Werder Bremen,1. FC Heidenheim,1,2,A,14.0,10.0,3.0,3.0,5.0,10.0,1.0,2.0,0.0,0.0,1.8,3.8,4.33,1.86,3.79,4.25,1643.95,1601.17,9.0,3.0,11.0,7.0
2324,2024-02-10,Union Berlin,VfL Wolfsburg,1,0,H,7.0,15.0,2.0,5.0,6.0,10.0,1.0,2.0,0.0,0.0,2.25,3.4,3.2,2.35,3.37,3.22,1655.79,1671.44,4.0,3.0,5.0,4.0
2324,2024-02-10,Eintracht Frankfurt,VfL Bochum,1,1,D,8.0,14.0,2.0,5.0,8.0,3.0,2.0,2.0,0.0,0.0,1.73,3.8,4.75,1.76,3.82,4.86,1720.62,1620.99,4.0,4.0,10.0,5.0
2324,2024-02-10,FC Augsburg,RB Leipzig,2,2,D,11.0,9.0,4.0,6.0,1.0,3.0,5.0,1.0,0.0,0.0,4.0,4.2,1.75,4.19,4.26,1.78,1611.36,1808.41,4.0,3.0,4.0,4.0
2324,2024-02-11,VfB Stuttgart,FSV Mainz 05,3,1,H,10.0,16.0,7.0,6.0,4.0,5.0,1.0,1.0,0.0,0.0,1.44,4.5,7.5,1.44,4.77,7.45,1720.01,1630.95,6.0,1.0,9.0,3.0
2324,2024-02-11,TSG Hoffenheim,1. FC Koln,1,1,D,10.0,5.0,4.0,1.0,10.0,3.0,3.0,4.0,0.0,0.0,1.8,3.8,4.33,1.86,3.9,4.12,1654.34,1608.52,2.0,4.0,3.0,5.0
2324,2024-02-16,1. FC Koln,Werder Bremen,0,1,A,10.0,13.0,2.0,4.0,5.0,3.0,4.0,4.0,0.0,0.0,2.4,3.4,2.88,2.57,3.38,2.92,1622.02,1640.11,5.0,6.0,6.0,10.0
2324,2024-02-17,TSG Hoffenheim,Union Berlin,0,1,A,16.0,10.0,4.0,3.0,6.0,2.0,3.0,4.0,1.0,1.0,2.0,3.6,3.6,2.06,3.71,3.58,1651.38,1656.84,3.0,4.0,3.0,7.0
2324,2024-02-17,SV Darmstadt 98,VfB Stuttgart,1,2,A,21.0,13.0,9.0,4.0,5.0,3.0,4.0,5.0,0.0,1.0,6.5,4.75,1.44,6.88,4.89,1.45,1530.86,1736.34,1.0,9.0,2.0,9.0
2324,2024-02-17,1. FC Heidenheim,Bayer Leverkusen,1,2,A,6.0,17.0,3.0,4.0,4.0,5.0,2.0,1.0,0.0,0.0,8.0,5.75,1.33,8.03,5.8,1.35,1614.53,1878.68,5.0,7.0,7.0,13.0
2324,2024-02-17,FSV Mainz 05,FC Augsburg,1,0,H,19.0,10.0,4.0,4.0,7.0,7.0,3.0,2.0,0.0,1.0,2.0,3.5,3.8,2.03,3.66,3.72,1612.57,1614.76,1.0,2.0,2.0,5.0
2324,2024-02-17,VfL Wolfsburg,Borussia Dortmund,1,1,D,9.0,12.0,4.0,5.0,5.0,3.0,3.0,1.0,0.0,0.0,3.2,3.8,2.1,3.32,3.79,2.13,1659.84,1854.05,2.0,7.0,4.0,13.0
2324,2024-02-18,SC Freiburg,Eintracht Frankfurt,3,3,D,13.0,10.0,8.0,6.0,6.0,1.0,0.0,0.0,0.0,0.0,2.3,3.4,3.1,2.33,3.38,3.24,1688.15,1700.96,0.0,4.0,4.0,8.0
2324,2024-02-18,VfL Bochum,Bayern Munich,3,2,H,14.0,26.0,5.0,10.0,4.0,9.0,2.0,4.0,0.0,1.0,8.0,5.75,1.33,8.13,5.93,1.34,1620.58,1933.4,2.0,6.0,6.0,9.0
2324,2024-02-23,Bayer Leverkusen,FSV Mainz 05,2,1,H,18.0,13.0,7.0,4.0,11.0,2.0,3.0,5.0,0.0,1.0,1.22,6.5,13.0,1.26,6.53,12.14,1878.68,1612.57,9.0,4.0,13.0,4.0
2324,2024-02-24,Bayern Munich,RB Leipzig,2,1,H,16.0,11.0,4.0,5.0,6.0,4.0,3.0,3.0,0.0,0.0,1.67,4.33,4.5,1.7,4.4,4.53,1933.4,1803.68,3.0,7.0,9.0,7.0
2324,2024-02-24,Werder Bremen,SV Darmstadt 98,1,1,D,13.0,11.0,4.0,3.0,4.0,6.0,3.0,4.0,0.0,0.0,1.65,4.2,5.0,1.69,3.94,5.22,1640.11,1530.86,6.0,1.0,12.0,2.0
2324,2024-02-24,Union Berlin,1. FC Heidenheim,2,2,D,12.0,9.0,3.0,4.0,4.0,2.0,2.0,1.0,0.0,0.0,2.0,3.5,3.75,2.04,3.49,3.89,1656.84,1614.53,7.0,4.0,10.0,6.0
2324,2024-02-24,VfB Stuttgart,1. FC Koln,1,1,D,13.0,12.0,5.0,6.0,9.0,4.0,1.0,0.0,0.0,0.0,1.3,5.25,10.0,1.32,5.75,9.52,1736.34,1622.02,9.0,4.0,12.0,5.0
2324,2024-02-25,Eintracht Frankfurt,VfL Wolfsburg,2,2,D,12.0,14.0,5.0,8.0,5.0,3.0,2.0,1.0,0.0,0.0,2.25,3.4,3.2,2.29,3.48,3.24,1700.96,1659.84,2.0,2.0,6.0,4.0
2324,2024-02-25,Borussia Dortmund,TSG Hoffenheim,2,3,A,19.0,7.0,7.0,5.0,10.0,3.0,2.0,3.0,0.0,0.0,1.5,5.0,5.5,1.51,5.16,5.52,1854.05,1651.38,5.0,2.0,11.0,3.0
2324,2024-02-25,FC Augsburg,SC Freiburg,2,1,H,21.0,5.0,8.0,1.0,10.0,2.0,3.0,1.0,0.0,0.0,2.2,3.6,3.1,2.28,3.66,3.11,1614.76,1688.15,2.0,1.0,5.0,4.0
2324,2024-03-01,SC Freiburg,Bayern Munich,2,2,D,17.0,21.0,5.0,9.0,3.0,6.0,1.0,2.0,0.0,0.0,5.75,4.75,1.5,6.11,4.86,1.51,1693.16,1925.15,1.0,3.0,1.0,9.0
2324,2024-03-02,VfL Wolfsburg,VfB Stuttgart,2,3,A,12.0,7.0,2.0,3.0,5.0,4.0,3.0,2.0,0.0,0.0,3.3,3.5,2.15,3.34,3.56,2.2,1667.88,1737.63,2.0,7.0,4.0,13.0
2324,2024-03-02,Union Berlin,Borussia Dortmund,0,2,A,13.0,12.0,5.0,7.0,8.0,7.0,2.0,1.0,0.0,0.0,3.4,3.6,2.05,3.44,3.62,2.14,1664.92,1840.24,7.0,4.0,8.0,8.0
2324,2024-03-02,1. FC Heidenheim,Eintracht Frankfurt,1,2,A,16.0,11.0,3.0,6.0,7.0,3.0,1.0,4.0,0.0,0.0,2.8,3.3,2.5,2.84,3.39,2.59,1616.25,1691.7,4.0,3.0,6.0,6.0
2324,2024-03-02,SV Darmstadt 98,FC Augsburg,0,6,A,10.0,21.0,5.0,6.0,3.0,6.0,2.0,0.0,0.0,0.0,2.9,3.3,2.4,2.93,3.47,2.48,1533.1,1618.76,2.0,4.0,2.0,5.0
2324,2024-03-02,VfL Bochum,RB Leipzig,1,4,A,15.0,10.0,4.0,4.0,2.0,5.0,3.0,2.0,1.0,0.0,5.0,4.2,1.62,4.76,4.44,1.66,1626.47,1806.18,4.0,4.0,5.0,7.0
2324,2024-03-03,1. FC Koln,Bayer Leverkusen,0,2,A,6.0,17.0,0.0,6.0,1.0,9.0,2.0,2.0,1.0,0.0,9.0,4.75,1.36,8.08,5.15,1.39,1619.56,1885.77,2.0,9.0,6.0,13.0
2324,2024-03-03,TSG Hoffenheim,Werder Bremen,2,1,H,14.0,18.0,7.0,8.0,3.0,3.0,5.0,1.0,1.0,0.0,1.91,4.0,3.6,1.97,3.87,3.72,1657.79,1646.31,4.0,4.0,6.0,10.0
2324,2024-03-08,VfB Stuttgart,Union Berlin,2,0,H,14.0,10.0,5.0,4.0,4.0,3.0,1.0,2.0,0.0,1.0,1.45,4.5,7.0,1.48,4.62,7.08,1737.63,1664.92,7.0,4.0,13.0,8.0
2324,2024-03-09,RB Leipzig,SV Darmstadt 98,2,0,H,28.0,9.0,8.0,4.0,8.0,4.0,0.0,3.0,0.0,0.0,1.14,8.5,15.0,1.15,8.79,16.82,1806.18,1533.1,6.0,1.0,10.0,2.0
2324,2024-03-09,Werder Bremen,Borussia Dortmund,1,2,A,15.0,13.0,5.0,6.0,10.0,4.0,1.0,2.0,0.0,1.0,3.5,4.33,1.85,3.87,4.06,1.88,1646.31,1840.24,4.0,4.0,7.0,8.0
2324,2024-03-09,FC Augsburg,1. FC Heidenheim,1,0,H,8.0,6.0,4.0,1.0,5.0,2.0,1.0,3.0,0.0,0.0,1.85,4.2,3.5,1.88,3.89,4.07,1618.76,1616.25,6.0,1.0,8.0,5.0
2324,2024-03-09,Bayern Munich,FSV Mainz 05,8,1,H,25.0,13.0,12.0,3.0,6.0,7.0,1.0,1.0,0.0,0.0,1.25,7.0,10.0,1.23,6.97,11.21,1925.15,1619.0,4.0,4.0,7.0,5.0
2324,2024-03-10,Bayer Leverkusen,VfL Wolfsburg,2,0,H,19.0,2.0,7.0,1.0,9.0,2.0,1.0,3.0,0.0,1.0,1.33,5.75,8.5,1.32,5.89,9.05,1885.77,1667.88,9.0,2.0,15.0,3.0
2324,2024-03-10,Eintracht Frankfurt,TSG Hoffenheim,3,1,H,17.0,6.0,7.0,2.0,5.0,1.0,2.0,3.0,0.0,2.0,2.0,4.0,3.3,2.06,3.9,3.43,1691.7,1657.79,5.0,6.0,6.0,8.0
2324,2024-03-10,VfL Bochum,SC Freiburg,1,2,A,18.0,9.0,6.0,5.0,12.0,5.0,3.0,7.0,0.0,0.0,2.2,3.75,3.0,2.27,3.65,3.13,1626.47,1693.16,3.0,2.0,5.0,2.0
2324,2024-03-15,1. FC Koln,RB Leipzig,1,5,A,9.0,23.0,2.0,7.0,3.0,6.0,2.0,2.0,0.0,0.0,6.5,4.75,1.45,6.61,4.86,1.48,1619.62,1817.92,2.0,6.0,3.0,10.0
2324,2024-03-16,SV Darmstadt 98,Bayern Munich,2,5,A,7.0,26.0,3.0,6.0,2.0,9.0,1.0,0.0,0.0,0.0,17.0,8.0,1.14,17.12,9.56,1.14,1514.14,1936.07,1.0,7.0,2.0,7.0
2324,2024-03-16,FSV Mainz 05,VfL Bochum,2,0,H,13.0,11.0,4.0,4.0,7.0,6.0,4.0,3.0,0.0,0.0,1.8,3.8,4.33,1.79,3.88,4.58,1616.57,1611.68,1.0,0.0,4.0,4.0
2324,2024-03-16,Union Berlin,Werder Bremen,2,1,H,11.0,10.0,5.0,2.0,4.0,3.0,3.0,5.0,0.0,0.0,2.05,3.4,3.8,2.02,3.64,3.79,1652.81,1637.69,1.0,1.0,7.0,4.0
2324,2024-03-16,VfL Wolfsburg,FC Augsburg,1,3,A,15.0,14.0,4.0,5.0,8.0,6.0,1.0,3.0,1.0,0.0,2.05,3.5,3.5,2.12,3.65,3.46,1658.57,1644.78,1.0,9.0,2.0,10.0
2324,2024-03-16,TSG Hoffenheim,VfB Stuttgart,0,3,A,8.0,25.0,1.0,12.0,5.0,6.0,1.0,0.0,0.0,0.0,3.8,4.0,1.83,3.77,4.23,1.88,1657.81,1753.57,6.0,7.0,7.0,13.0
2324,2024-03-17,Borussia Dortmund,Eintracht Frankfurt,3,1,H,16.0,8.0,6.0,6.0,8.0,3.0,1.0,2.0,0.0,0.0,1.62,4.2,5.0,1.63,4.47,5.01,1863.6,1708.95,6.0,7.0,10.0,9.0
2324,2024-03-17,SC Freiburg,Bayer Leverkusen,2,3,A,9.0,18.0,3.0,7.0,2.0,8.0,1.0,0.0,0.0,0.0,6.0,4.33,1.53,5.92,4.39,1.56,1691.91,1896.93,4.0,9.0,5.0,15.0
2324,2024-03-30,Eintracht Frankfurt,Union Berlin,0,0,D,18.0,10.0,4.0,2.0,6.0,2.0,3.0,1.0,0.0,0.0,2.0,3.5,3.8,2.07,3.41,3.88,1708.95,1652.81,6.0,3.0,8.0,7.0
2324,2024-03-30,Bayer Leverkusen,TSG Hoffenheim,2,1,H,36.0,6.0,12.0,2.0,9.0,2.0,0.0,1.0,0.0,0.0,1.2,7.5,12.0,1.21,7.55,11.72,1896.93,1657.81,9.0,3.0,15.0,6.0
2324,2024-03-30,RB Leipzig,FSV Mainz 05,0,0,D,23.0,8.0,10.0,2.0,12.0,2.0,2.0,5.0,0.0,0.0,1.4,5.25,7.5,1.39,5.34,7.66,1817.92,1616.57,9.0,4.0,12.0,7.0
2324,2024-03-30,Werder Bremen,VfL Wolfsburg,0,2,A,6.0,15.0,1.0,5.0,3.0,6.0,4.0,4.0,1.0,1.0,2.88,3.5,2.4,2.88,3.61,2.44,1637.69,1658.57,0.0,0.0,4.0,2.0
2324,2024-03-30,Bayern Munich,Borussia Dortmund,0,2,A,16.0,11.0,3.0,5.0,7.0,4.0,0.0,0.0,0.0,0.0,1.4,5.75,6.0,1.39,5.92,6.7,1936.07,1863.6,7.0,9.0,10.0,10.0
2324,2024-03-31,VfB Stuttgart,1. FC Heidenheim,3,3,D,20.0,6.0,6.0,3.0,6.0,7.0,1.0,0.0,0.0,1.0,1.25,6.0,10.0,1.26,6.51,10.08,1753.57,1604.48,9.0,1.0,13.0,2.0
2324,2024-03-31,FC Augsburg,1. FC Koln,1,1,D,24.0,12.0,6.0,2.0,12.0,6.0,0.0,3.0,0.0,0.0,1.75,4.0,4.5,1.81,3.84,4.51,1644.78,1619.62,9.0,1.0,12.0,2.0
2324,2024-03-31,VfL Bochum,SV Darmstadt 98,2,2,D,20.0,13.0,7.0,3.0,6.0,5.0,2.0,2.0,0.0,0.0,1.62,4.0,5.25,1.63,4.3,5.25,1611.68,1514.14,0.0,0.0,3.0,1.0
2324,2024-04-05,Eintracht Frankfurt,Werder Bremen,1,1,D,19.0,10.0,5.0,7.0,9.0,0.0,3.0,2.0,1.0,1.0,1.75,3.8,4.5,1.78,4.02,4.56,1701.48,1618.35,4.0,0.0,8.0,1.0
2324,2024-04-06,1. FC Koln,VfL Bochum,2,1,H,17.0,8.0,6.0,2.0,9.0,4.0,3.0,3.0,0.0,0.0,2.25,3.5,3.1,2.33,3.63,3.05,1613.22,1598.64,2.0,1.0,3.0,1.0
2324,2024-04-06,SC Freiburg,RB Leipzig,1,4,A,15.0,15.0,4.0,6.0,8.0,4.0,3.0,4.0,0.0,0.0,4.75,4.33,1.65,4.79,4.31,1.68,1703.04,1820.92,6.0,7.0,7.0,10.0
2324,2024-04-06,1. FC Heidenheim,Bayern Munich,3,2,H,9.0,15.0,4.0,8.0,3.0,3.0,2.0,0.0,0.0,0.0,6.5,6.0,1.36,7.05,6.07,1.37,1610.1,1922.68,2.0,6.0,3.0,10.0
2324,2024-04-06,FSV Mainz 05,SV Darmstadt 98,4,0,H,18.0,14.0,9.0,2.0,5.0,1.0,2.0,3.0,0.0,0.0,1.4,5.0,7.5,1.41,4.97,7.93,1631.95,1515.77,4.0,1.0,5.0,2.0
2324,2024-04-06,Union Berlin,Bayer Leverkusen,0,1,A,8.0,19.0,1.0,8.0,7.0,10.0,3.0,2.0,1.0,0.0,5.75,4.33,1.55,6.19,4.31,1.55,1661.98,1903.19,4.0,9.0,5.0,15.0
2324,2024-04-06,Borussia Dortmund,VfB Stuttgart,0,1,A,14.0,10.0,7.0,2.0,8.0,3.0,2.0,4.0,0.0,0.0,2.25,4.0,2.8,2.31,3.95,2.88,1883.89,1759.98,9.0,7.0,12.0,11.0
2324,2024-04-07,TSG Hoffenheim,FC Augsburg,3,1,H,17.0,14.0,6.0,7.0,11.0,6.0,3.0,1.0,0.0,0.0,2.2,4.0,2.9,2.29,3.94,2.92,1643.97,1655.84,0.0,7.0,6.0,13.0
2324,2024-04-12,FC Augsburg,Union Berlin,2,0,H,12.0,17.0,4.0,4.0,5.0,4.0,1.0,1.0,0.0,0.0,2.1,3.4,3.4,2.15,3.52,3.59,1655.84,1661.98,4.0,4.0,10.0,4.0
2324,2024-04-13,Bayern Munich,1. FC Koln,2,0,H,17.0,11.0,7.0,5.0,5.0,5.0,0.0,3.0,0.0,0.0,1.22,7.5,11.0,1.18,8.25,13.01,1922.68,1613.22,3.0,4.0,7.0,5.0
2324,2024-04-13,VfL Bochum,1. FC Heidenheim,1,1,D,24.0,10.0,5.0,3.0,6.0,2.0,4.0,1.0,0.0,0.0,2.05,3.75,3.3,2.1,3.71,3.47,1598.64,1610.1,1.0,5.0,1.0,5.0
2324,2024-04-13,FSV Mainz 05,TSG Hoffenheim,4,1,H,23.0,5.0,8.0,1.0,9.0,3.0,0.0,2.0,0.0,0.0,1.95,4.0,3.4,2.0,3.91,3.58,1631.95,1643.97,7.0,3.0,8.0,6.0
2324,2024-04-13,RB Leipzig,VfL Wolfsburg,3,0,H,15.0,10.0,6.0,3.0,6.0,4.0,2.0,4.0,0.0,0.0,1.36,5.0,8.0,1.36,5.66,7.8,1820.92,1657.68,7.0,3.0,13.0,3.0
2324,2024-04-13,VfB Stuttgart,Eintracht Frankfurt,3,0,H,9.0,10.0,6.0,3.0,4.0,5.0,1.0,3.0,0.0,0.0,1.53,4.5,5.5,1.51,4.76,6.01,1759.98,1701.48,7.0,2.0,13.0,8.0
2324,2024-04-14,Bayer Leverkusen,Werder Bremen,5,0,H,19.0,7.0,10.0,3.0,7.0,0.0,2.0,1.0,0.0,0.0,1.2,7.0,13.0,1.2,7.49,12.7,1903.19,1618.35,9.0,1.0,15.0,1.0
2324,2024-04-14,SV Darmstadt 98,SC Freiburg,0,1,A,16.0,9.0,4.0,3.0,2.0,2.0,0.0,1.0,0.0,0.0,4.0,3.8,1.83,3.98,3.98,1.88,1515.77,1703.04,1.0,3.0,1.0,7.0
2324,2024-04-19,Eintracht Frankfurt,FC Augsburg,3,1,H,12.0,6.0,7.0,1.0,6.0,5.0,3.0,3.0,0.0,0.0,2.0,3.75,3.5,2.06,3.76,3.6,1691.07,1657.69,2.0,4.0,5.0,10.0
2324,2024-04-20,Union Berlin,Bayern Munich,1,5,A,15.0,18.0,4.0,9.0,5.0,3.0,0.0,0.0,0.0,0.0,4.75,4.5,1.62,4.94,4.62,1.62,1649.93,1915.84,1.0,3.0,4.0,9.0
2324,2024-04-20,VfL Wolfsburg,VfL Bochum,1,0,H,10.0,9.0,5.0,1.0,5.0,8.0,4.0,3.0,0.0,0.0,1.75,4.0,4.33,1.81,3.88,4.43,1641.17,1593.16,3.0,2.0,3.0,2.0
2324,2024-04-20,1. FC Koln,SV Darmstadt 98,0,2,A,18.0,12.0,4.0,6.0,4.0,3.0,0.0,1.0,0.0,0.0,1.5,4.75,5.75,1.49,4.61,6.76,1618.86,1504.58,4.0,1.0,5.0,1.0
2324,2024-04-20,1. FC Heidenheim,RB Leipzig,1,2,A,9.0,11.0,5.0,4.0,2.0,6.0,3.0,1.0,0.0,0.0,5.75,5.25,1.45,6.19,5.19,1.46,1626.31,1838.1,5.0,7.0,6.0,13.0
2324,2024-04-21,Werder Bremen,VfB Stuttgart,2,1,H,9.0,14.0,2.0,5.0,1.0,7.0,3.0,3.0,0.0,0.0,4.75,4.75,1.57,5.11,4.66,1.6,1620.28,1782.14,1.0,7.0,1.0,13.0
2324,2024-04-21,Borussia Dortmund,Bayer Leverkusen,1,1,D,9.0,13.0,2.0,5.0,2.0,6.0,4.0,3.0,0.0,0.0,2.55,3.8,2.55,2.56,3.84,2.5,1873.96,1916.91,6.0,9.0,12.0,15.0
2324,2024-04-21,SC Freiburg,FSV Mainz 05,1,1,D,7.0,17.0,3.0,4.0,2.0,4.0,3.0,4.0,0.0,0.0,2.6,3.5,2.6,2.58,3.59,2.72,1698.46,1653.21,6.0,7.0,9.0,10.0
2324,2024-04-26,VfL Bochum,TSG Hoffenheim,3,2,H,35.0,12.0,13.0,4.0,10.0,4.0,1.0,1.0,0.0,0.0,2.15,4.0,2.9,2.21,4.0,3.06,1593.16,1643.33,1.0,6.0,2.0,6.0
2324,2024-04-27,FC Augsburg,Werder Bremen,0,3,A,14.0,16.0,1.0,8.0,6.0,4.0,1.0,2.0,0.0,0.0,1.8,4.0,4.0,1.8,4.19,4.13,1657.69,1620.28,3.0,4.0,7.0,4.0
2324,2024-04-27,Bayern Munich,Eintracht Frankfurt,2,1,H,19.0,10.0,9.0,3.0,4.0,2.0,0.0,3.0,0.0,0.0,1.4,5.25,7.0,1.42,5.46,6.65,1915.84,1691.07,6.0,4.0,9.0,5.0
2324,2024-04-27,RB Leipzig,Borussia Dortmund,4,1,H,21.0,12.0,7.0,5.0,5.0,8.0,1.0,2.0,0.0,0.0,1.67,4.33,4.5,1.68,4.45,4.61,1838.1,1873.96,9.0,4.0,13.0,10.0
2324,2024-04-27,Bayer Leverkusen,VfB Stuttgart,2,2,D,14.0,11.0,6.0,4.0,5.0,2.0,4.0,3.0,0.0,0.0,1.75,4.2,4.33,1.76,4.31,4.25,1916.91,1782.14,7.0,6.0,13.0,10.0
2324,2024-04-27,SC Freiburg,VfL Wolfsburg,1,2,A,16.0,13.0,3.0,5.0,3.0,6.0,4.0,2.0,1.0,0.0,2.3,3.6,2.88,2.37,3.58,3.01,1698.46,1641.17,4.0,3.0,7.0,6.0
2324,2024-04-28,FSV Mainz 05,1. FC Koln,1,1,D,16.0,16.0,4.0,6.0,6.0,6.0,4.0,4.0,1.0,0.0,1.55,4.33,6.0,1.54,4.37,6.2,1653.21,1618.86,7.0,3.0,11.0,4.0
2324,2024-04-28,SV Darmstadt 98,1. FC Heidenheim,0,1,A,12.0,19.0,4.0,6.0,3.0,8.0,2.0,1.0,0.0,0.0,3.3,3.75,2.1,3.42,3.71,2.12,1504.58,1626.31,3.0,4.0,4.0,6.0
2324,2024-05-03,TSG Hoffenheim,RB Leipzig,1,1,D,18.0,8.0,8.0,5.0,4.0,4.0,1.0,3.0,0.0,1.0,5.25,5.0,1.5,5.44,5.24,1.52,1648.88,1862.26,3.0,9.0,6.0,13.0
2324,2024-05-04,VfL Wolfsburg,SV Darmstadt 98,3,0,H,18.0,6.0,6.0,1.0,9.0,2.0,0.0,3.0,0.0,0.0,1.4,5.0,8.0,1.4,5.13,7.8,1664.02,1522.18,6.0,3.0,9.0,4.0
2324,2024-05-04,1. FC Koln,SC Freiburg,0,0,D,20.0,4.0,7.0,0.0,7.0,1.0,1.0,1.0,0.0,0.0,2.3,3.75,2.88,2.37,3.66,2.95,1611.08,1691.6,1.0,4.0,5.0,7.0
2324,2024-05-04,VfB Stuttgart,Bayern Munich,3,1,H,24.0,10.0,11.0,3.0,3.0,1.0,1.0,2.0,0.0,0.0,2.1,4.0,3.1,2.13,4.14,3.09,1783.54,1937.83,4.0,9.0,8.0,9.0
2324,2024-05-04,Borussia Dortmund,FC Augsburg,5,1,H,21.0,20.0,10.0,4.0,6.0,9.0,0.0,1.0,0.0,0.0,1.85,4.33,3.6,1.86,4.37,3.7,1879.29,1639.28,4.0,3.0,7.0,4.0
2324,2024-05-05,Union Berlin,VfL Bochum,3,4,A,12.0,17.0,6.0,5.0,6.0,4.0,0.0,1.0,0.0,0.0,1.95,3.5,4.0,1.97,3.51,4.12,1652.08,1602.64,1.0,4.0,2.0,5.0
2324,2024-05-05,Eintracht Frankfurt,Bayer Leverkusen,1,5,A,16.0,10.0,5.0,6.0,10.0,5.0,0.0,0.0,0.0,0.0,3.2,3.5,2.2,3.27,3.68,2.19,1703.7,1921.0,3.0,5.0,5.0,11.0
2324,2024-05-05,1. FC Heidenheim,FSV Mainz 05,1,1,D,16.0,10.0,6.0,4.0,6.0,3.0,2.0,3.0,0.0,0.0,3.0,3.5,2.3,3.03,3.58,2.36,1635.6,1659.82,4.0,5.0,8.0,9.0
2324,2024-05-10,FC Augsburg,VfB Stuttgart,0,1,A,9.0,19.0,1.0,7.0,5.0,5.0,4.0,2.0,0.0,0.0,4.0,4.2,1.75,3.92,4.45,1.82,1639.28,1783.54,0.0,4.0,3.0,10.0
2324,2024-05-11,1. FC Koln,Union Berlin,3,2,H,18.0,14.0,5.0,6.0,6.0,8.0,3.0,2.0,0.0,0.0,2.8,3.3,2.55,2.79,3.39,2.63,1611.08,1652.08,2.0,1.0,5.0,1.0
2324,2024-05-11,SC Freiburg,1. FC Heidenheim,1,1,D,19.0,9.0,3.0,3.0,2.0,4.0,1.0,1.0,0.0,0.0,1.7,4.0,4.5,1.72,4.07,4.78,1691.6,1635.6,2.0,4.0,5.0,8.0
2324,2024-05-11,RB Leipzig,Werder Bremen,1,1,D,13.0,10.0,5.0,1.0,4.0,3.0,1.0,0.0,0.0,0.0,1.29,6.5,8.0,1.29,6.72,8.41,1862.26,1654.93,7.0,7.0,13.0,8.0
2324,2024-05-11,FSV Mainz 05,Borussia Dortmund,3,0,H,14.0,10.0,6.0,2.0,4.0,2.0,2.0,2.0,0.0,0.0,2.2,3.6,3.1,2.19,3.97,3.08,1659.82,1879.29,3.0,4.0,9.0,7.0
2324,2024-05-12,VfL Bochum,Bayer Leverkusen,0,5,A,2.0,28.0,0.0,10.0,2.0,6.0,2.0,1.0,1.0,0.0,4.2,4.33,1.7,4.42,4.35,1.72,1602.64,1921.0,6.0,5.0,7.0,11.0
2324,2024-05-12,SV Darmstadt 98,TSG Hoffenheim,0,6,A,9.0,12.0,1.0,7.0,2.0,3.0,3.0,0.0,0.0,0.0,4.75,4.5,1.62,4.67,4.73,1.64,1522.18,1648.88,3.0,4.0,3.0,7.0
2324,2024-05-12,Bayern Munich,VfL Wolfsburg,2,0,H,5.0,5.0,3.0,2.0,4.0,0.0,0.0,2.0,0.0,0.0,1.33,6.0,7.5,1.34,6.36,7.4,1937.83,1664.02,6.0,9.0,9.0,9.0
2324,2024-05-18,Union Berlin,SC Freiburg,2,1,H,14.0,11.0,5.0,5.0,3.0,7.0,7.0,4.0,0.0,0.0,2.1,3.4,3.5,2.15,3.39,3.57,1639.61,1693.67,1.0,2.0,1.0,6.0
2324,2024-05-18,Werder Bremen,VfL Bochum,4,1,H,25.0,26.0,12.0,8.0,8.0,8.0,1.0,1.0,0.0,0.0,2.38,3.6,2.8,2.37,3.61,2.94,1665.83,1614.08,5.0,6.0,8.0,7.0
2324,2024-05-18,Bayer Leverkusen,FC Augsburg,2,1,H,19.0,8.0,8.0,2.0,5.0,4.0,0.0,1.0,0.0,0.0,1.3,6.0,9.0,1.3,6.65,7.63,1949.09,1635.88,7.0,0.0,11.0,3.0
2324,2024-05-18,VfL Wolfsburg,FSV Mainz 05,1,3,A,12.0,12.0,4.0,6.0,1.0,3.0,2.0,3.0,0.0,0.0,3.2,3.5,2.2,3.28,3.54,2.21,1673.3,1688.53,6.0,5.0,9.0,9.0
2324,2024-05-18,1. FC Heidenheim,1. FC Koln,4,1,H,13.0,19.0,7.0,9.0,5.0,12.0,1.0,3.0,0.0,0.0,2.3,4.0,2.7,2.35,4.0,2.74,1643.72,1625.35,5.0,5.0,6.0,5.0
2324,2024-05-18,Eintracht Frankfurt,RB Leipzig,2,2,D,19.0,9.0,6.0,5.0,8.0,3.0,2.0,2.0,0.0,0.0,2.8,3.8,2.3,2.78,3.75,2.43,1702.25,1857.54,1.0,5.0,4.0,11.0
2324,2024-05-18,Borussia Dortmund,SV Darmstadt 98,4,0,H,21.0,7.0,10.0,1.0,7.0,3.0,0.0,3.0,0.0,0.0,1.17,8.5,13.0,1.15,9.67,14.01,1882.78,1507.82,3.0,0.0,7.0,3.0
2324,2024-05-18,TSG Hoffenheim,Bayern Munich,4,2,H,17.0,12.0,9.0,4.0,6.0,5.0,3.0,1.0,0.0,0.0,2.88,4.5,2.0,3.07,4.34,2.07,1673.32,1925.9,4.0,6.0,7.0,12.0
2425,2024-08-24,FC Augsburg,Werder Bremen,2,2,D,10.0,12.0,3.0,6.0,4.0,2.0,3.0,1.0,0.0,0.0,2.2,3.6,3.1,2.32,3.55,3.11,1626.44,1666.81,0.0,5.0,0.0,11.0
2425,2024-08-24,SC Freiburg,VfB Stuttgart,3,1,H,15.0,9.0,4.0,2.0,6.0,3.0,2.0,1.0,0.0,0.0,3.5,3.6,2.05,3.5,3.7,2.09,1677.57,1808.24,2.0,9.0,3.0,10.0
2425,2024-08-24,TSG Hoffenheim,Holstein Kiel,3,2,H,20.0,15.0,8.0,6.0,8.0,6.0,2.0,3.0,0.0,1.0,1.65,4.5,4.5,1.64,4.38,5.07,1683.04,1573.52,7.0,7.0,10.0,10.0
2425,2024-08-24,FSV Mainz 05,Union Berlin,1,1,D,15.0,15.0,3.0,4.0,8.0,9.0,1.0,3.0,0.0,0.0,2.0,3.4,3.9,2.08,3.24,4.1,1693.45,1639.59,7.0,3.0,9.0,4.0
2425,2024-08-24,RB Leipzig,VfL Bochum,1,0,H,12.0,10.0,3.0,4.0,9.0,3.0,1.0,3.0,1.0,0.0,1.25,7.0,9.0,1.25,6.71,10.65,1846.69,1596.98,3.0,3.0,9.0,6.0
2425,2024-08-24,Borussia Dortmund,Eintracht Frankfurt,2,0,H,17.0,7.0,5.0,2.0,7.0,7.0,0.0,1.0,0.0,0.0,1.7,4.1,4.5,1.71,4.4,4.48,1869.19,1696.99,6.0,2.0,7.0,5.0
2425,2024-08-25,VfL Wolfsburg,Bayern Munich,2,3,A,11.0,14.0,2.0,8.0,1.0,7.0,2.0,3.0,0.0,0.0,6.25,4.75,1.45,6.33,5.0,1.47,1652.27,1900.07,3.0,3.0,9.0,9.0
2425,2024-08-25,FC St. Pauli,1. FC Heidenheim,0,2,A,11.0,6.0,3.0,3.0,4.0,2.0,2.0,3.0,0.0,0.0,2.1,3.5,3.4,2.13,3.5,3.59,1598.64,1646.4,6.0,5.0,12.0,8.0
2425,2024-08-30,Union Berlin,FC St. Pauli,1,0,H,10.0,8.0,5.0,2.0,5.0,4.0,3.0,1.0,0.0,0.0,1.91,3.5,4.1,1.96,3.5,4.29,1639.59,1598.64,4.0,6.0,5.0,9.0
2425,2024-08-31,Bayer Leverkusen,RB Leipzig,2,3,A,27.0,10.0,10.0,4.0,18.0,2.0,3.0,1.0,0.0,0.0,1.75,4.2,4.1,1.8,4.22,4.1,1925.04,1846.69,9.0,5.0,13.0,9.0
2425,2024-08-31,VfB Stuttgart,FSV Mainz 05,3,3,D,28.0,9.0,13.0,7.0,11.0,2.0,4.0,2.0,0.0,0.0,1.62,4.33,5.25,1.66,4.23,5.09,1808.24,1693.45,6.0,7.0,10.0,9.0
2425,2024-08-31,Werder Bremen,Borussia Dortmund,0,0,D,5.0,9.0,1.0,4.0,5.0,6.0,2.0,7.0,0.0,1.0,4.1,4.0,1.8,4.05,4.14,1.83,1666.81,1869.19,5.0,6.0,9.0,9.0
2425,2024-08-31,Eintracht Frankfurt,TSG Hoffenheim,3,1,H,17.0,10.0,7.0,3.0,1.0,4.0,0.0,3.0,0.0,0.0,1.8,4.2,3.9,1.8,4.2,4.12,1696.99,1683.04,2.0,9.0,2.0,10.0
2425,2024-08-31,Holstein Kiel,VfL Wolfsburg,0,2,A,12.0,12.0,5.0,4.0,1.0,7.0,4.0,7.0,0.0,0.0,3.2,3.7,2.15,3.26,3.69,2.19,1573.52,1652.27,4.0,0.0,7.0,6.0
2425,2024-09-01,1. FC Heidenheim,FC Augsburg,4,0,H,17.0,15.0,9.0,1.0,5.0,6.0,0.0,3.0,0.0,0.0,2.38,3.5,2.9,2.42,3.47,3.02,1662.52,1626.92,7.0,1.0,11.0,1.0
2425,2024-09-01,Bayern Munich,SC Freiburg,2,0,H,11.0,8.0,4.0,4.0,2.0,4.0,1.0,0.0,0.0,0.0,1.2,8.0,11.0,1.21,7.89,11.45,1904.78,1692.27,6.0,4.0,9.0,5.0
2425,2024-09-13,Borussia Dortmund,1. FC Heidenheim,4,2,H,13.0,11.0,7.0,4.0,8.0,1.0,2.0,2.0,0.0,0.0,1.4,5.5,6.5,1.39,5.35,7.83,1870.38,1662.52,7.0,9.0,10.0,11.0
2425,2024-09-14,Holstein Kiel,Bayern Munich,1,6,A,5.0,23.0,1.0,13.0,2.0,10.0,0.0,1.0,0.0,0.0,11.0,7.0,1.22,11.8,7.52,1.21,1560.27,1904.78,3.0,6.0,7.0,9.0
2425,2024-09-14,RB Leipzig,Union Berlin,0,0,D,16.0,11.0,3.0,3.0,6.0,5.0,2.0,3.0,0.0,0.0,1.48,4.5,6.5,1.48,4.69,6.64,1861.05,1649.06,7.0,7.0,9.0,7.0
2425,2024-09-14,VfL Wolfsburg,Eintracht Frankfurt,1,2,A,17.0,15.0,4.0,7.0,5.0,4.0,1.0,2.0,0.0,0.0,2.63,3.6,2.5,2.72,3.45,2.63,1660.19,1702.81,3.0,4.0,6.0,5.0
2425,2024-09-14,TSG Hoffenheim,Bayer Leverkusen,1,4,A,14.0,20.0,5.0,8.0,4.0,12.0,2.0,2.0,0.0,0.0,5.75,4.5,1.48,5.95,4.96,1.49,1679.07,1917.84,6.0,6.0,10.0,12.0
2425,2024-09-14,SC Freiburg,VfL Bochum,2,1,H,27.0,13.0,9.0,2.0,5.0,6.0,0.0,3.0,0.0,0.0,1.7,3.9,5.0,1.69,4.08,4.9,1692.27,1584.68,3.0,0.0,5.0,3.0
2425,2024-09-15,FC Augsburg,FC St. Pauli,3,1,H,18.0,12.0,10.0,3.0,7.0,7.0,4.0,3.0,0.0,0.0,2.1,3.6,3.4,2.09,3.61,3.52,1615.73,1582.58,1.0,3.0,1.0,6.0
2425,2024-09-15,FSV Mainz 05,Werder Bremen,1,2,A,11.0,11.0,5.0,5.0,10.0,4.0,3.0,1.0,0.0,1.0,2.0,3.7,3.5,2.04,3.66,3.61,1695.74,1672.42,5.0,5.0,9.0,7.0
2425,2024-09-20,FC Augsburg,FSV Mainz 05,2,3,A,30.0,5.0,9.0,3.0,14.0,1.0,3.0,5.0,1.0,1.0,2.38,3.5,2.9,2.42,3.6,2.97,1615.73,1695.74,4.0,2.0,4.0,8.0
2425,2024-09-21,VfL Bochum,Holstein Kiel,2,2,D,14.0,13.0,3.0,4.0,2.0,5.0,4.0,1.0,0.0,0.0,1.91,3.5,4.0,1.99,3.8,3.7,1580.6,1555.67,0.0,0.0,0.0,4.0
2425,2024-09-21,1. FC Heidenheim,SC Freiburg,0,3,A,7.0,14.0,2.0,5.0,3.0,9.0,1.0,1.0,0.0,0.0,2.7,3.5,2.55,2.75,3.4,2.66,1670.02,1693.01,6.0,6.0,10.0,7.0
2425,2024-09-21,Union Berlin,TSG Hoffenheim,2,1,H,12.0,6.0,2.0,3.0,5.0,5.0,3.0,3.0,0.0,0.0,2.0,3.6,3.7,2.04,3.72,3.65,1655.58,1672.75,5.0,3.0,8.0,9.0
2425,2024-09-21,Werder Bremen,Bayern Munich,0,5,A,0.0,25.0,0.0,7.0,1.0,4.0,0.0,3.0,0.0,0.0,8.0,5.5,1.36,7.92,5.6,1.36,1672.42,1912.72,5.0,9.0,9.0,12.0
2425,2024-09-22,FC St. Pauli,RB Leipzig,0,0,D,15.0,10.0,4.0,5.0,3.0,1.0,2.0,1.0,0.0,0.0,5.75,3.9,1.62,5.19,4.25,1.64,1582.58,1854.54,0.0,7.0,6.0,9.0
2425,2024-09-22,Bayer Leverkusen,VfL Wolfsburg,4,3,H,20.0,8.0,7.0,4.0,6.0,2.0,4.0,5.0,0.0,1.0,1.3,5.75,8.0,1.31,5.91,9.23,1924.16,1651.71,6.0,3.0,12.0,3.0
2425,2024-09-22,VfB Stuttgart,Borussia Dortmund,5,1,H,16.0,6.0,9.0,3.0,6.0,4.0,1.0,3.0,0.0,0.0,2.3,3.75,2.9,2.32,3.8,2.94,1799.68,1874.08,4.0,7.0,10.0,10.0
2425,2024-09-27,Borussia Dortmund,VfL Bochum,4,2,H,23.0,10.0,8.0,6.0,11.0,0.0,2.0,0.0,0.0,0.0,1.25,7.0,9.0,1.24,7.21,11.22,1874.08,1580.6,4.0,1.0,10.0,1.0
2425,2024-09-28,SC Freiburg,FC St. Pauli,0,3,A,6.0,10.0,2.0,4.0,4.0,2.0,3.0,3.0,0.0,0.0,1.62,4.0,5.5,1.62,4.15,5.59,1693.01,1582.58,6.0,1.0,9.0,4.0
2425,2024-09-28,FSV Mainz 05,1. FC Heidenheim,0,2,A,7.0,14.0,2.0,7.0,7.0,6.0,4.0,4.0,1.0,1.0,1.83,3.75,4.2,1.86,3.82,4.21,1695.74,1670.02,4.0,3.0,8.0,9.0
2425,2024-09-28,RB Leipzig,FC Augsburg,4,0,H,14.0,7.0,7.0,1.0,8.0,5.0,1.0,2.0,0.0,0.0,1.4,5.25,6.5,1.4,5.4,7.14,1854.54,1615.73,5.0,3.0,9.0,4.0
2425,2024-09-28,VfL Wolfsburg,VfB Stuttgart,2,2,D,5.0,17.0,2.0,5.0,1.0,3.0,5.0,2.0,0.0,1.0,3.2,3.9,2.05,3.35,3.89,2.09,1651.71,1799.68,3.0,7.0,3.0,10.0
2425,2024-09-28,Bayern Munich,Bayer Leverkusen,1,1,D,18.0,3.0,3.0,3.0,6.0,1.0,1.0,3.0,0.0,0.0,1.73,4.33,4.2,1.74,4.34,4.36,1912.72,1924.16,9.0,6.0,12.0,12.0
2425,2024-09-29,TSG Hoffenheim,Werder Bremen,3,4,A,10.0,18.0,5.0,10.0,2.0,6.0,3.0,3.0,1.0,0.0,2.38,3.8,2.7,2.4,3.78,2.84,1672.75,1672.42,0.0,4.0,6.0,8.0
2425,2024-09-29,Holstein Kiel,Eintracht Frankfurt,2,4,A,10.0,18.0,5.0,10.0,4.0,9.0,1.0,3.0,0.0,0.0,4.2,4.2,1.73,4.5,4.22,1.73,1555.67,1711.3,1.0,9.0,4.0,10.0
2425,2024-10-05,VfL Bochum,VfL Wolfsburg,1,3,A,17.0,15.0,5.0,5.0,7.0,6.0,1.0,2.0,0.0,0.0,3.0,3.7,2.2,3.07,3.78,2.25,1579.44,1656.46,1.0,1.0,1.0,4.0
2425,2024-10-05,Bayer Leverkusen,Holstein Kiel,2,2,D,24.0,8.0,7.0,4.0,12.0,3.0,2.0,2.0,0.0,0.0,1.09,11.0,21.0,1.08,13.45,25.93,1940.88,1553.77,7.0,1.0,10.0,1.0
2425,2024-10-05,Union Berlin,Borussia Dortmund,2,1,H,13.0,9.0,5.0,5.0,3.0,3.0,4.0,4.0,0.0,0.0,3.3,3.5,2.15,3.43,3.52,2.18,1658.86,1872.05,4.0,6.0,8.0,10.0
2425,2024-10-05,Werder Bremen,SC Freiburg,0,1,A,11.0,13.0,3.0,3.0,7.0,5.0,1.0,2.0,0.0,0.0,2.6,3.5,2.6,2.67,3.61,2.62,1686.42,1689.77,6.0,6.0,8.0,9.0
2425,2024-10-05,FC St. Pauli,FSV Mainz 05,0,3,A,17.0,8.0,4.0,4.0,2.0,2.0,0.0,3.0,0.0,0.0,2.4,3.3,2.9,2.46,3.42,2.99,1605.21,1682.1,4.0,3.0,4.0,5.0
2425,2024-10-06,VfB Stuttgart,TSG Hoffenheim,1,1,D,18.0,7.0,7.0,5.0,10.0,5.0,1.0,4.0,0.0,0.0,1.3,6.0,8.0,1.3,6.4,8.25,1814.59,1660.88,7.0,0.0,8.0,3.0
2425,2024-10-06,1. FC Heidenheim,RB Leipzig,0,1,A,15.0,12.0,4.0,2.0,3.0,2.0,2.0,2.0,0.0,0.0,4.5,4.33,1.67,4.77,4.18,1.7,1672.9,1850.53,3.0,5.0,9.0,11.0
2425,2024-10-06,Eintracht Frankfurt,Bayern Munich,3,3,D,5.0,22.0,4.0,13.0,0.0,11.0,1.0,1.0,0.0,0.0,5.5,4.5,1.53,5.72,4.85,1.52,1724.32,1925.75,9.0,7.0,12.0,13.0
2425,2024-10-18,Borussia Dortmund,FC St. Pauli,2,1,H,20.0,10.0,7.0,3.0,7.0,1.0,2.0,1.0,0.0,0.0,1.3,5.25,9.5,1.31,5.95,10.18,1864.24,1591.98,3.0,4.0,7.0,4.0
2425,2024-10-19,SC Freiburg,FC Augsburg,3,1,H,15.0,9.0,6.0,3.0,5.0,4.0,1.0,1.0,0.0,0.0,1.73,3.75,4.75,1.74,3.87,4.93,1698.25,1621.83,6.0,3.0,9.0,6.0
2425,2024-10-19,TSG Hoffenheim,VfL Bochum,3,1,H,12.0,13.0,7.0,4.0,4.0,2.0,1.0,1.0,0.0,0.0,1.7,4.5,4.2,1.7,4.47,4.45,1669.96,1568.7,1.0,1.0,1.0,1.0
2425,2024-10-19,Bayer Leverkusen,Eintracht Frankfurt,2,1,H,27.0,9.0,9.0,2.0,8.0,3.0,2.0,1.0,0.0,0.0,1.44,4.75,6.5,1.45,5.18,6.35,1935.1,1734.64,5.0,7.0,8.0,13.0
2425,2024-10-19,FSV Mainz 05,RB Leipzig,0,2,A,16.0,11.0,2.0,5.0,5.0,3.0,1.0,3.0,0.0,0.0,3.9,3.8,1.85,4.27,3.71,1.88,1693.99,1844.11,6.0,7.0,7.0,11.0
2425,2024-10-19,Bayern Munich,VfB Stuttgart,4,0,H,22.0,4.0,10.0,1.0,7.0,3.0,0.0,2.0,0.0,0.0,1.36,5.25,7.5,1.36,5.88,7.55,1912.3,1804.37,5.0,5.0,11.0,9.0
2425,2024-10-20,Holstein Kiel,Union Berlin,0,2,A,12.0,14.0,5.0,4.0,7.0,3.0,2.0,1.0,0.0,0.0,3.5,3.3,2.15,3.48,3.43,2.2,1561.62,1670.61,2.0,6.0,2.0,10.0
2425,2024-10-20,VfL Wolfsburg,Werder Bremen,2,4,A,14.0,15.0,6.0,7.0,4.0,4.0,1.0,1.0,1.0,0.0,2.1,3.6,3.3,2.09,3.66,3.55,1665.87,1676.62,4.0,3.0,7.0,7.0
2425,2024-10-26,VfB Stuttgart,Holstein Kiel,2,1,H,16.0,9.0,6.0,3.0,9.0,5.0,3.0,6.0,1.0,1.0,1.22,7.5,9.5,1.23,7.21,11.08,1804.37,1561.62,2.0,1.0,8.0,2.0
2425,2024-10-26,FC Augsburg,Borussia Dortmund,2,1,H,12.0,11.0,4.0,4.0,3.0,5.0,3.0,3.0,0.0,1.0,3.6,4.0,1.9,3.83,3.92,1.93,1621.83,1864.24,3.0,6.0,6.0,9.0
2425,2024-10-26,RB Leipzig,SC Freiburg,3,1,H,12.0,15.0,9.0,5.0,3.0,3.0,3.0,2.0,0.0,0.0,1.73,4.1,4.5,1.75,4.11,4.55,1844.11,1698.25,9.0,6.0,11.0,12.0
2425,2024-10-26,FC St. Pauli,VfL Wolfsburg,0,0,D,14.0,10.0,5.0,4.0,7.0,6.0,0.0,3.0,0.0,0.0,2.55,3.5,2.63,2.66,3.47,2.71,1591.98,1665.87,3.0,4.0,4.0,4.0
2425,2024-10-26,Werder Bremen,Bayer Leverkusen,2,2,D,13.0,15.0,8.0,6.0,3.0,5.0,1.0,1.0,0.0,0.0,5.25,5.0,1.5,5.84,4.9,1.51,1676.62,1935.1,6.0,5.0,9.0,11.0
2425,2024-10-27,Union Berlin,Eintracht Frankfurt,1,1,D,13.0,17.0,4.0,5.0,4.0,5.0,5.0,3.0,0.0,1.0,2.55,3.3,2.75,2.63,3.32,2.84,1670.61,1734.64,6.0,4.0,10.0,10.0
2425,2024-10-27,VfL Bochum,Bayern Munich,0,5,A,6.0,17.0,2.0,9.0,2.0,5.0,1.0,1.0,0.0,0.0,12.0,9.5,1.17,14.33,9.86,1.15,1568.7,1912.3,0.0,5.0,1.0,11.0
2425,2024-10-27,1. FC Heidenheim,TSG Hoffenheim,0,0,D,17.0,12.0,3.0,4.0,7.0,3.0,1.0,2.0,0.0,0.0,2.25,3.5,3.1,2.32,3.68,3.03,1669.02,1669.96,3.0,4.0,3.0,4.0
2425,2024-11-01,Bayer Leverkusen,VfB Stuttgart,0,0,D,19.0,4.0,5.0,1.0,10.0,2.0,3.0,4.0,0.0,0.0,1.55,4.75,5.25,1.57,4.87,5.29,1923.26,1804.45,5.0,4.0,9.0,8.0
2425,2024-11-02,Bayern Munich,Union Berlin,3,0,H,16.0,8.0,7.0,1.0,7.0,4.0,0.0,2.0,0.0,0.0,1.18,7.5,13.0,1.17,8.24,15.58,1908.25,1674.53,7.0,7.0,11.0,10.0
2425,2024-11-02,Eintracht Frankfurt,VfL Bochum,7,2,H,18.0,11.0,9.0,8.0,5.0,2.0,1.0,2.0,0.0,0.0,1.33,5.75,7.5,1.34,6.0,7.96,1726.86,1553.04,2.0,0.0,8.0,1.0
2425,2024-11-02,TSG Hoffenheim,FC St. Pauli,0,2,A,12.0,7.0,6.0,3.0,7.0,2.0,0.0,2.0,0.0,0.0,1.83,3.8,4.0,1.88,3.9,4.02,1666.82,1585.14,5.0,1.0,5.0,5.0
2425,2024-11-02,Holstein Kiel,1. FC Heidenheim,1,0,H,11.0,17.0,6.0,4.0,5.0,6.0,4.0,5.0,0.0,0.0,2.7,3.5,2.45,2.82,3.52,2.54,1545.0,1660.11,1.0,1.0,2.0,4.0
2425,2024-11-02,VfL Wolfsburg,FC Augsburg,1,1,D,18.0,3.0,6.0,1.0,8.0,1.0,1.0,3.0,0.0,0.0,2.0,3.75,3.5,2.01,3.86,3.59,1647.22,1622.08,4.0,6.0,5.0,6.0
2425,2024-11-02,Borussia Dortmund,RB Leipzig,2,1,H,19.0,7.0,7.0,3.0,4.0,0.0,3.0,4.0,0.0,0.0,2.2,3.8,3.0,2.25,3.69,3.15,1841.71,1843.91,3.0,9.0,6.0,13.0
2425,2024-11-03,SC Freiburg,FSV Mainz 05,0,0,D,10.0,9.0,2.0,2.0,8.0,4.0,1.0,2.0,0.0,0.0,1.7,3.9,4.75,1.7,3.9,5.21,1694.6,1678.66,6.0,4.0,9.0,7.0
2425,2024-11-08,Union Berlin,SC Freiburg,0,0,D,12.0,14.0,6.0,4.0,4.0,1.0,2.0,0.0,0.0,0.0,2.45,3.25,2.9,2.55,3.19,3.11,1674.53,1694.6,4.0,4.0,7.0,7.0
2425,2024-11-09,Werder Bremen,Holstein Kiel,2,1,H,16.0,12.0,5.0,5.0,6.0,3.0,3.0,2.0,0.0,0.0,1.62,4.33,4.75,1.64,4.29,5.15,1689.08,1545.0,4.0,3.0,7.0,4.0
2425,2024-11-09,FSV Mainz 05,Borussia Dortmund,3,1,H,13.0,2.0,9.0,1.0,8.0,0.0,3.0,1.0,0.0,1.0,3.5,3.6,2.0,3.48,3.74,2.08,1678.66,1841.71,2.0,6.0,5.0,9.0
2425,2024-11-09,VfL Bochum,Bayer Leverkusen,1,1,D,15.0,11.0,3.0,3.0,6.0,4.0,0.0,1.0,0.0,0.0,9.5,6.5,1.27,10.94,6.8,1.24,1553.04,1923.26,0.0,5.0,0.0,7.0
2425,2024-11-09,FC St. Pauli,Bayern Munich,0,1,A,3.0,13.0,0.0,6.0,5.0,10.0,2.0,2.0,0.0,0.0,9.0,7.0,1.25,12.45,7.14,1.22,1585.14,1908.25,4.0,9.0,7.0,11.0
2425,2024-11-10,FC Augsburg,TSG Hoffenheim,0,0,D,16.0,11.0,4.0,2.0,10.0,6.0,2.0,3.0,0.0,0.0,2.05,3.75,3.25,2.11,3.85,3.33,1622.08,1666.82,4.0,4.0,7.0,5.0
2425,2024-11-10,VfB Stuttgart,Eintracht Frankfurt,2,3,A,22.0,8.0,11.0,5.0,8.0,3.0,2.0,3.0,0.0,0.0,1.9,4.0,3.7,1.93,4.05,3.72,1804.45,1726.86,4.0,4.0,6.0,8.0
2425,2024-11-10,1. FC Heidenheim,VfL Wolfsburg,1,3,A,19.0,13.0,4.0,6.0,5.0,5.0,1.0,6.0,0.0,0.0,2.75,3.4,2.45,2.91,3.27,2.61,1660.11,1647.22,1.0,2.0,4.0,6.0
2425,2024-11-22,Bayern Munich,FC Augsburg,3,0,H,33.0,2.0,14.0,1.0,8.0,0.0,0.0,2.0,0.0,1.0,1.13,10.0,15.0,1.12,11.15,21.63,1912.21,1617.74,9.0,5.0,13.0,8.0
2425,2024-11-23,VfL Wolfsburg,Union Berlin,1,0,H,10.0,11.0,5.0,4.0,8.0,5.0,1.0,2.0,0.0,0.0,2.3,3.3,3.2,2.37,3.28,3.27,1653.07,1664.13,5.0,2.0,8.0,8.0
2425,2024-11-23,Eintracht Frankfurt,Werder Bremen,1,0,H,15.0,8.0,5.0,1.0,5.0,6.0,2.0,2.0,0.0,0.0,1.7,4.1,4.5,1.71,4.24,4.59,1745.12,1674.11,7.0,4.0,8.0,7.0
2425,2024-11-23,VfB Stuttgart,VfL Bochum,2,0,H,15.0,9.0,5.0,2.0,7.0,4.0,2.0,3.0,0.0,0.0,1.29,6.0,9.0,1.33,6.24,7.44,1781.3,1547.71,4.0,1.0,5.0,1.0
2425,2024-11-23,TSG Hoffenheim,RB Leipzig,4,3,H,20.0,14.0,7.0,6.0,4.0,3.0,2.0,1.0,0.0,0.0,3.4,3.5,2.1,3.49,3.7,2.09,1646.15,1812.09,2.0,4.0,6.0,10.0
2425,2024-11-23,Borussia Dortmund,SC Freiburg,4,0,H,19.0,7.0,7.0,3.0,7.0,0.0,1.0,2.0,0.0,2.0,1.67,4.2,4.5,1.69,4.18,4.86,1828.54,1687.78,3.0,2.0,6.0,8.0
2425,2024-11-23,Bayer Leverkusen,1. FC Heidenheim,5,2,H,20.0,6.0,10.0,3.0,6.0,0.0,0.0,0.0,0.0,0.0,1.2,6.5,15.0,1.19,8.07,13.4,1896.3,1637.09,3.0,1.0,7.0,1.0
2425,2024-11-24,Holstein Kiel,FSV Mainz 05,0,3,A,7.0,18.0,2.0,7.0,2.0,6.0,1.0,0.0,0.0,0.0,3.1,3.4,2.3,3.15,3.49,2.33,1544.9,1690.33,3.0,5.0,4.0,8.0
2425,2024-11-29,FC St. Pauli,Holstein Kiel,3,1,H,11.0,10.0,4.0,3.0,4.0,4.0,2.0,5.0,0.0,0.0,1.67,3.75,5.25,1.71,3.83,5.22,1592.78,1544.9,3.0,3.0,4.0,3.0
2425,2024-11-30,Union Berlin,Bayer Leverkusen,1,2,A,8.0,8.0,2.0,3.0,1.0,3.0,4.0,2.0,0.0,0.0,4.75,3.7,1.75,4.72,3.84,1.78,1664.13,1896.3,1.0,5.0,5.0,9.0
2425,2024-11-30,FC Augsburg,VfL Bochum,1,0,H,16.0,7.0,4.0,1.0,6.0,1.0,3.0,3.0,0.0,0.0,1.73,4.0,4.5,1.72,3.99,4.88,1617.74,1547.71,2.0,1.0,5.0,1.0
2425,2024-11-30,RB Leipzig,VfL Wolfsburg,1,5,A,9.0,13.0,4.0,8.0,7.0,3.0,2.0,1.0,0.0,0.0,1.7,4.0,4.75,1.7,4.17,4.8,1812.09,1653.07,1.0,7.0,7.0,8.0
2425,2024-11-30,Werder Bremen,VfB Stuttgart,2,2,D,20.0,10.0,6.0,4.0,11.0,2.0,1.0,1.0,0.0,0.0,3.0,3.75,2.2,3.02,3.75,2.3,1674.11,1781.3,3.0,4.0,7.0,7.0
2425,2024-11-30,Borussia Dortmund,Bayern Munich,1,1,D,7.0,14.0,2.0,5.0,2.0,3.0,2.0,2.0,0.0,0.0,4.75,4.1,1.67,4.67,4.38,1.68,1828.54,1912.21,6.0,9.0,9.0,15.0
2425,2024-12-01,FSV Mainz 05,TSG Hoffenheim,2,0,H,18.0,10.0,8.0,2.0,8.0,3.0,1.0,3.0,0.0,0.0,2.1,3.4,3.5,2.08,3.7,3.53,1692.69,1639.14,7.0,4.0,8.0,8.0
2425,2024-12-01,1. FC Heidenheim,Eintracht Frankfurt,0,4,A,8.0,14.0,1.0,8.0,6.0,5.0,0.0,2.0,0.0,0.0,3.7,3.7,1.95,3.85,3.73,1.97,1620.4,1748.56,0.0,9.0,1.0,10.0
2425,2024-12-06,VfB Stuttgart,Union Berlin,3,2,H,7.0,14.0,5.0,3.0,1.0,6.0,1.0,6.0,0.0,0.0,1.8,3.6,4.5,1.84,3.61,4.78,1753.37,1646.29,4.0,1.0,8.0,2.0
2425,2024-12-07,Bayer Leverkusen,FC St. Pauli,2,1,H,6.0,12.0,2.0,4.0,7.0,4.0,1.0,3.0,0.0,0.0,1.25,6.5,10.0,1.24,6.76,11.47,1898.46,1586.29,7.0,3.0,9.0,7.0
2425,2024-12-07,Holstein Kiel,RB Leipzig,0,2,A,17.0,9.0,5.0,5.0,6.0,1.0,4.0,3.0,0.0,0.0,5.75,4.2,1.57,5.49,4.42,1.59,1520.45,1766.22,0.0,1.0,3.0,4.0
2425,2024-12-07,Eintracht Frankfurt,FC Augsburg,2,2,D,16.0,8.0,4.0,3.0,4.0,0.0,2.0,2.0,0.0,0.0,1.53,4.1,6.25,1.56,4.43,5.91,1748.56,1612.91,9.0,4.0,13.0,8.0
2425,2024-12-07,VfL Bochum,Werder Bremen,0,1,A,12.0,9.0,2.0,1.0,9.0,5.0,1.0,1.0,0.0,0.0,3.2,3.5,2.2,3.21,3.59,2.25,1532.41,1663.28,1.0,4.0,1.0,5.0
2425,2024-12-07,Bayern Munich,1. FC Heidenheim,4,2,H,21.0,2.0,10.0,2.0,8.0,0.0,1.0,0.0,0.0,0.0,1.1,11.0,19.0,1.09,14.33,22.78,1912.29,1620.4,7.0,0.0,13.0,1.0
2425,2024-12-08,VfL Wolfsburg,FSV Mainz 05,4,3,H,10.0,12.0,5.0,5.0,3.0,5.0,3.0,4.0,0.0,0.0,2.15,3.3,3.5,2.15,3.34,3.5,1678.34,1692.69,9.0,9.0,11.0,11.0
2425,2024-12-08,TSG Hoffenheim,SC Freiburg,1,1,D,15.0,11.0,5.0,4.0,6.0,1.0,1.0,1.0,0.0,0.0,2.7,3.4,2.55,2.73,3.45,2.54,1639.14,1682.63,4.0,4.0,5.0,5.0
2425,2024-12-13,SC Freiburg,VfL Wolfsburg,3,2,H,18.0,20.0,9.0,5.0,5.0,6.0,4.0,1.0,0.0,0.0,2.2,3.3,3.3,2.26,3.45,3.38,1682.63,1678.34,4.0,9.0,6.0,13.0
2425,2024-12-14,FC Augsburg,Bayer Leverkusen,0,2,A,8.0,14.0,4.0,3.0,4.0,9.0,3.0,0.0,0.0,0.0,5.75,4.0,1.57,5.59,4.28,1.6,1612.91,1898.46,4.0,9.0,6.0,11.0
2425,2024-12-14,FSV Mainz 05,Bayern Munich,2,1,H,8.0,13.0,4.0,1.0,3.0,2.0,3.0,2.0,0.0,0.0,6.5,4.5,1.48,6.86,4.87,1.46,1692.69,1912.29,6.0,7.0,10.0,13.0
2425,2024-12-14,Union Berlin,VfL Bochum,0,2,A,,,,,,,,,,,1.6,3.8,6.0,1.6,4.01,6.13,1646.29,1532.41,0.0,0.0,1.0,1.0
2425,2024-12-14,FC St. Pauli,Werder Bremen,0,2,A,15.0,8.0,4.0,4.0,4.0,5.0,2.0,3.0,0.0,0.0,2.63,3.4,2.63,2.69,3.36,2.75,1586.29,1663.28,3.0,4.0,6.0,7.0
2425,2024-12-15,1. FC Heidenheim,VfB Stuttgart,1,3,A,9.0,18.0,2.0,7.0,9.0,6.0,4.0,3.0,0.0,0.0,4.0,4.0,1.8,4.27,3.93,1.83,1584.23,1752.47,0.0,7.0,0.0,8.0
2425,2024-12-15,Borussia Dortmund,TSG Hoffenheim,1,1,D,6.0,12.0,2.0,1.0,3.0,9.0,5.0,2.0,0.0,0.0,1.44,5.0,6.0,1.45,5.13,6.46,1815.27,1617.26,5.0,4.0,8.0,5.0
2425,2024-12-15,RB Leipzig,Eintracht Frankfurt,2,1,H,19.0,16.0,9.0,3.0,6.0,7.0,1.0,3.0,0.0,0.0,2.05,4.0,3.2,2.11,3.92,3.29,1753.0,1740.61,3.0,7.0,4.0,13.0
2425,2024-12-20,Bayern Munich,RB Leipzig,5,1,H,22.0,4.0,9.0,1.0,8.0,1.0,5.0,2.0,0.0,0.0,1.2,7.5,11.0,1.21,7.48,13.15,1898.07,1753.0,4.0,6.0,10.0,7.0
2425,2024-12-21,Bayer Leverkusen,SC Freiburg,5,1,H,20.0,8.0,12.0,2.0,4.0,2.0,1.0,2.0,0.0,0.0,1.38,5.0,7.5,1.37,5.33,8.23,1903.22,1680.74,9.0,7.0,13.0,8.0
2425,2024-12-21,VfB Stuttgart,FC St. Pauli,0,1,A,25.0,11.0,5.0,5.0,9.0,1.0,2.0,2.0,0.0,0.0,1.45,4.75,6.5,1.47,4.73,6.93,1752.47,1566.36,7.0,3.0,10.0,3.0
2425,2024-12-21,Werder Bremen,Union Berlin,4,1,H,11.0,16.0,6.0,4.0,4.0,9.0,2.0,2.0,0.0,0.0,2.05,3.3,3.75,2.11,3.38,3.78,1670.16,1629.0,7.0,1.0,10.0,2.0
2425,2024-12-21,Eintracht Frankfurt,FSV Mainz 05,1,3,A,34.0,9.0,9.0,3.0,17.0,2.0,1.0,1.0,0.0,1.0,1.83,4.0,3.9,1.85,4.02,4.05,1740.61,1696.92,4.0,6.0,10.0,12.0
2425,2024-12-21,Holstein Kiel,FC Augsburg,5,1,H,8.0,17.0,6.0,4.0,3.0,8.0,0.0,4.0,0.0,0.0,3.0,3.4,2.35,3.17,3.25,2.44,1501.03,1605.5,0.0,4.0,0.0,5.0
2425,2024-12-22,VfL Bochum,1. FC Heidenheim,2,0,H,14.0,10.0,4.0,2.0,5.0,2.0,2.0,7.0,0.0,0.0,2.3,3.5,3.0,2.35,3.55,3.07,1522.53,1584.23,1.0,0.0,2.0,0.0
2425,2024-12-22,VfL Wolfsburg,Borussia Dortmund,1,3,A,14.0,12.0,5.0,4.0,10.0,4.0,3.0,2.0,0.0,1.0,3.1,3.6,2.2,3.09,3.65,2.29,1670.33,1815.27,6.0,3.0,12.0,6.0
2425,2025-01-10,Borussia Dortmund,Bayer Leverkusen,2,3,A,12.0,7.0,5.0,5.0,6.0,1.0,1.0,2.0,0.0,0.0,2.7,3.6,2.45,2.92,3.6,2.43,1815.07,1906.35,5.0,9.0,9.0,15.0
2425,2025-01-11,Borussia Monchengladbach,Bayern Munich,0,1,A,5.0,23.0,0.0,10.0,4.0,10.0,3.0,1.0,0.0,0.0,7.0,5.0,1.4,7.2,5.47,1.4,1663.32,1903.54,0.0,6.0,0.0,10.0
2425,2025-01-11,FC St. Pauli,Eintracht Frankfurt,0,1,A,18.0,14.0,4.0,6.0,3.0,3.0,0.0,3.0,0.0,0.0,3.7,3.5,2.05,3.8,3.4,2.1,1578.02,1718.17,3.0,1.0,6.0,7.0
2425,2025-01-11,FSV Mainz 05,VfL Bochum,2,0,H,10.0,11.0,5.0,2.0,5.0,6.0,0.0,2.0,0.0,0.0,1.53,4.33,5.75,1.57,4.38,5.81,1709.3,1532.22,6.0,4.0,12.0,4.0
2425,2025-01-11,1. FC Heidenheim,Union Berlin,2,0,H,16.0,10.0,9.0,6.0,5.0,4.0,0.0,1.0,0.0,1.0,3.1,3.3,2.3,3.24,3.29,2.38,1558.4,1616.83,0.0,1.0,0.0,1.0
2425,2025-01-11,SC Freiburg,Holstein Kiel,3,2,H,14.0,14.0,5.0,7.0,7.0,1.0,2.0,3.0,0.0,0.0,1.4,4.75,7.5,1.4,5.21,7.67,1673.99,1517.86,4.0,3.0,7.0,3.0
2425,2025-01-11,TSG Hoffenheim,VfL Wolfsburg,0,1,A,15.0,12.0,2.0,3.0,4.0,8.0,1.0,2.0,0.0,0.0,2.35,3.6,2.88,2.44,3.45,3.0,1613.28,1660.86,2.0,3.0,5.0,9.0
2425,2025-01-12,RB Leipzig,Werder Bremen,4,2,H,18.0,7.0,7.0,2.0,4.0,1.0,1.0,1.0,0.0,0.0,1.75,4.0,4.2,1.76,4.18,4.34,1750.37,1678.71,6.0,9.0,6.0,10.0
2425,2025-01-12,FC Augsburg,VfB Stuttgart,0,1,A,8.0,13.0,2.0,5.0,3.0,9.0,5.0,1.0,0.0,0.0,3.6,3.6,2.0,3.76,3.71,2.0,1585.06,1743.98,1.0,6.0,4.0,10.0
2425,2025-01-14,Holstein Kiel,Borussia Dortmund,4,2,H,11.0,16.0,7.0,4.0,1.0,9.0,2.0,2.0,1.0,0.0,5.25,4.5,1.55,5.52,4.77,1.56,1517.86,1815.07,3.0,4.0,3.0,6.0
2425,2025-01-14,Eintracht Frankfurt,SC Freiburg,4,1,H,23.0,7.0,8.0,5.0,8.0,1.0,1.0,1.0,0.0,0.0,1.7,4.2,4.33,1.72,4.19,4.77,1718.17,1673.99,3.0,6.0,7.0,10.0
2425,2025-01-14,Bayer Leverkusen,FSV Mainz 05,1,0,H,20.0,7.0,9.0,4.0,8.0,4.0,2.0,3.0,0.0,0.0,1.36,5.25,7.5,1.38,5.26,8.51,1906.35,1709.3,9.0,9.0,15.0,12.0
2425,2025-01-14,VfL Wolfsburg,Borussia Monchengladbach,5,1,H,16.0,9.0,5.0,5.0,4.0,7.0,1.0,0.0,0.0,0.0,1.91,3.8,3.75,1.95,3.86,3.87,1660.86,1663.32,3.0,0.0,9.0,0.0
2425,2025-01-15,Werder Bremen,1. FC Heidenheim,3,3,D,12.0,14.0,5.0,5.0,4.0,2.0,5.0,3.0,0.0,0.0,1.6,4.2,4.75,1.64,4.42,4.97,1671.5,1570.54,6.0,3.0,10.0,3.0
2425,2025-01-15,Union Berlin,FC Augsburg,0,2,A,13.0,11.0,2.0,5.0,7.0,4.0,1.0,2.0,0.0,0.0,1.83,3.5,4.5,1.84,3.56,4.74,1604.69,1580.07,1.0,0.0,1.0,4.0
2425,2025-01-15,VfL Bochum,FC St. Pauli,1,0,H,13.0,12.0,5.0,1.0,6.0,7.0,1.0,3.0,0.0,1.0,2.6,3.25,2.75,2.64,3.28,2.87,1527.85,1572.48,4.0,3.0,4.0,6.0
2425,2025-01-15,Bayern Munich,TSG Hoffenheim,5,0,H,25.0,5.0,10.0,2.0,13.0,1.0,1.0,1.0,0.0,0.0,1.13,9.0,17.0,1.12,11.23,17.9,1906.89,1605.47,6.0,1.0,10.0,2.0
2425,2025-01-15,VfB Stuttgart,RB Leipzig,2,1,H,14.0,6.0,6.0,3.0,5.0,0.0,2.0,7.0,0.0,2.0,1.95,3.9,3.4,2.01,3.81,3.63,1748.97,1757.58,6.0,6.0,10.0,9.0
2425,2025-01-17,Eintracht Frankfurt,Borussia Dortmund,2,0,H,13.0,12.0,5.0,3.0,5.0,7.0,0.0,2.0,0.0,0.0,2.55,3.6,2.63,2.61,3.64,2.71,1733.56,1788.9,6.0,3.0,7.0,5.0
2425,2025-01-18,Bayern Munich,VfL Wolfsburg,3,2,H,25.0,7.0,10.0,3.0,6.0,2.0,2.0,3.0,0.0,0.0,1.17,7.5,15.0,1.17,8.66,14.14,1906.89,1681.71,9.0,6.0,12.0,9.0
2425,2025-01-18,VfL Bochum,RB Leipzig,3,3,D,14.0,11.0,3.0,3.0,6.0,3.0,4.0,0.0,0.0,0.0,3.7,3.6,2.0,3.71,3.75,2.01,1527.85,1757.58,6.0,3.0,7.0,9.0
2425,2025-01-18,1. FC Heidenheim,FC St. Pauli,0,2,A,8.0,7.0,1.0,4.0,4.0,4.0,1.0,2.0,0.0,0.0,2.38,3.5,2.8,2.43,3.5,2.97,1570.54,1572.48,4.0,3.0,4.0,3.0
2425,2025-01-18,Holstein Kiel,TSG Hoffenheim,1,3,A,12.0,11.0,3.0,6.0,4.0,3.0,2.0,1.0,0.0,0.0,3.0,3.4,2.35,2.94,3.63,2.39,1533.96,1605.47,6.0,0.0,6.0,2.0
2425,2025-01-18,VfB Stuttgart,SC Freiburg,4,0,H,12.0,4.0,7.0,0.0,4.0,1.0,5.0,3.0,0.0,0.0,1.65,4.5,4.5,1.67,4.39,4.78,1748.97,1667.52,6.0,3.0,12.0,7.0
2425,2025-01-18,Bayer Leverkusen,Borussia Monchengladbach,3,1,H,10.0,7.0,5.0,4.0,7.0,6.0,0.0,2.0,0.0,0.0,1.27,5.75,11.0,1.27,6.29,9.26,1915.81,1646.91,9.0,0.0,15.0,0.0
2425,2025-01-19,Werder Bremen,FC Augsburg,0,2,A,20.0,9.0,2.0,4.0,6.0,2.0,1.0,2.0,0.0,0.0,1.85,3.8,4.0,1.88,3.79,4.19,1671.5,1580.07,4.0,3.0,10.0,4.0
2425,2025-01-19,Union Berlin,FSV Mainz 05,2,1,H,12.0,9.0,4.0,1.0,2.0,2.0,2.0,2.0,0.0,0.0,2.55,3.2,2.88,2.63,3.2,2.94,1604.69,1710.89,0.0,6.0,1.0,9.0
2425,2025-01-24,VfL Wolfsburg,Holstein Kiel,2,2,D,22.0,5.0,5.0,2.0,10.0,3.0,2.0,4.0,0.0,0.0,1.42,5.0,7.0,1.44,5.08,7.11,1681.71,1533.96,6.0,3.0,6.0,6.0
2425,2025-01-25,FC Augsburg,1. FC Heidenheim,2,1,H,11.0,11.0,7.0,6.0,6.0,4.0,1.0,0.0,0.0,0.0,1.82,3.6,4.0,1.91,3.65,4.22,1580.07,1570.54,6.0,4.0,6.0,4.0
2425,2025-01-25,Borussia Dortmund,Werder Bremen,2,2,D,8.0,13.0,4.0,4.0,5.0,5.0,1.0,4.0,1.0,0.0,1.62,4.33,4.75,1.63,4.44,5.03,1788.9,1671.5,0.0,1.0,4.0,7.0
2425,2025-01-25,SC Freiburg,Bayern Munich,1,2,A,7.0,7.0,2.0,3.0,2.0,4.0,4.0,2.0,0.0,0.0,7.5,5.75,1.33,8.98,5.78,1.33,1667.52,1906.89,3.0,9.0,6.0,12.0
2425,2025-01-25,FSV Mainz 05,VfB Stuttgart,2,0,H,11.0,10.0,4.0,5.0,9.0,2.0,4.0,3.0,0.0,0.0,2.8,3.5,2.45,2.88,3.55,2.47,1710.89,1748.97,3.0,9.0,9.0,12.0
2425,2025-01-25,RB Leipzig,Bayer Leverkusen,2,2,D,8.0,13.0,4.0,7.0,7.0,3.0,0.0,0.0,0.0,0.0,3.7,3.9,1.9,3.79,4.03,1.92,1757.58,1915.81,4.0,9.0,7.0,15.0
2425,2025-01-25,Borussia Monchengladbach,VfL Bochum,3,0,H,16.0,10.0,6.0,4.0,8.0,7.0,1.0,3.0,0.0,0.0,1.73,4.0,4.5,1.72,4.12,4.66,1646.91,1527.85,0.0,4.0,0.0,8.0
2425,2025-01-26,FC St. Pauli,Union Berlin,3,0,H,16.0,14.0,5.0,2.0,5.0,7.0,0.0,3.0,0.0,0.0,2.55,3.1,3.0,2.53,3.15,3.12,1572.48,1604.69,3.0,3.0,6.0,4.0
2425,2025-01-26,TSG Hoffenheim,Eintracht Frankfurt,2,2,D,24.0,12.0,8.0,7.0,9.0,3.0,3.0,0.0,0.0,0.0,3.1,3.6,2.2,3.16,3.58,2.29,1605.47,1733.56,3.0,9.0,4.0,9.0
2425,2025-01-31,Werder Bremen,FSV Mainz 05,1,0,H,12.0,13.0,5.0,2.0,3.0,8.0,8.0,4.0,3.0,0.0,2.25,3.3,3.2,2.35,3.46,3.19,1671.5,1710.89,2.0,3.0,5.0,9.0
2425,2025-02-01,Bayern Munich,Holstein Kiel,4,3,H,29.0,10.0,12.0,6.0,12.0,1.0,1.0,1.0,0.0,0.0,1.05,17.0,26.0,1.05,17.7,41.8,1888.25,1518.42,9.0,4.0,15.0,7.0
2425,2025-02-01,VfL Bochum,SC Freiburg,0,1,A,22.0,13.0,4.0,5.0,9.0,7.0,3.0,2.0,0.0,0.0,2.8,3.4,2.5,2.88,3.42,2.54,1522.36,1644.23,4.0,0.0,7.0,3.0
2425,2025-02-01,1. FC Heidenheim,Borussia Dortmund,1,2,A,11.0,16.0,5.0,5.0,4.0,5.0,0.0,0.0,0.0,0.0,4.33,3.9,1.75,4.49,4.04,1.76,1544.79,1759.67,1.0,1.0,4.0,4.0
2425,2025-02-01,FC St. Pauli,FC Augsburg,1,1,D,5.0,2.0,1.0,1.0,3.0,1.0,1.0,3.0,0.0,0.0,2.35,3.3,3.1,2.38,3.2,3.32,1580.63,1604.79,6.0,9.0,9.0,9.0
2425,2025-02-01,VfB Stuttgart,Borussia Monchengladbach,1,2,A,10.0,12.0,3.0,6.0,2.0,0.0,2.0,2.0,0.0,0.0,1.57,4.5,5.0,1.58,4.65,5.2,1734.96,1641.11,6.0,3.0,9.0,4.0
2425,2025-02-01,Union Berlin,RB Leipzig,0,0,D,21.0,6.0,6.0,2.0,4.0,5.0,3.0,2.0,0.0,0.0,3.1,3.5,2.25,3.2,3.52,2.29,1576.89,1736.57,3.0,2.0,3.0,5.0
2425,2025-02-02,Bayer Leverkusen,TSG Hoffenheim,3,1,H,9.0,16.0,5.0,7.0,3.0,3.0,4.0,3.0,1.0,0.0,1.25,7.0,9.5,1.23,7.29,10.7,1899.17,1610.05,7.0,4.0,13.0,4.0
2425,2025-02-02,Eintracht Frankfurt,VfL Wolfsburg,1,1,D,16.0,11.0,4.0,2.0,9.0,1.0,1.0,3.0,0.0,0.0,1.95,3.8,3.6,1.99,3.8,3.72,1727.56,1663.62,7.0,4.0,10.0,7.0
2425,2025-02-07,Bayern Munich,Werder Bremen,3,0,H,21.0,2.0,12.0,0.0,5.0,2.0,1.0,3.0,0.0,0.0,1.1,11.0,17.0,1.09,12.89,20.27,1888.25,1654.0,9.0,4.0,15.0,5.0
2425,2025-02-08,Borussia Monchengladbach,Eintracht Frankfurt,1,1,D,8.0,15.0,3.0,7.0,6.0,1.0,3.0,3.0,0.0,0.0,2.63,3.5,2.55,2.62,3.7,2.63,1641.11,1727.56,6.0,5.0,6.0,11.0
2425,2025-02-08,Borussia Dortmund,VfB Stuttgart,1,2,A,16.0,4.0,5.0,2.0,9.0,4.0,5.0,2.0,1.0,0.0,1.85,3.8,3.9,1.88,3.93,3.98,1759.67,1734.96,4.0,3.0,4.0,9.0
2425,2025-02-08,SC Freiburg,1. FC Heidenheim,1,0,H,9.0,11.0,3.0,5.0,6.0,3.0,3.0,1.0,0.0,0.0,1.7,3.75,4.75,1.74,3.99,4.77,1644.23,1544.79,3.0,0.0,6.0,4.0
2425,2025-02-08,TSG Hoffenheim,Union Berlin,0,4,A,16.0,22.0,4.0,7.0,8.0,4.0,2.0,1.0,0.0,0.0,2.2,3.5,3.2,2.26,3.6,3.2,1610.05,1576.89,4.0,4.0,4.0,4.0
2425,2025-02-08,FSV Mainz 05,FC Augsburg,0,0,D,9.0,9.0,5.0,2.0,1.0,3.0,3.0,3.0,0.0,0.0,1.75,3.5,5.0,1.78,3.72,4.88,1694.22,1604.79,3.0,7.0,6.0,10.0
2425,2025-02-08,VfL Wolfsburg,Bayer Leverkusen,0,0,D,13.0,15.0,8.0,1.0,3.0,9.0,2.0,3.0,0.0,0.0,4.33,3.6,1.8,4.3,3.86,1.84,1663.62,1899.17,2.0,7.0,8.0,13.0
2425,2025-02-09,RB Leipzig,FC St. Pauli,2,0,H,11.0,7.0,6.0,4.0,5.0,4.0,2.0,2.0,1.0,0.0,1.57,4.2,5.25,1.57,4.39,5.81,1736.57,1580.63,3.0,7.0,6.0,7.0
2425,2025-02-09,Holstein Kiel,VfL Bochum,2,2,D,10.0,21.0,3.0,6.0,3.0,5.0,2.0,2.0,0.0,0.0,2.25,3.5,3.0,2.31,3.54,3.15,1518.42,1522.36,1.0,1.0,4.0,4.0
2425,2025-02-14,FC Augsburg,RB Leipzig,0,0,D,11.0,14.0,2.0,4.0,8.0,9.0,2.0,1.0,0.0,0.0,2.9,3.3,2.4,3.02,3.41,2.48,1604.79,1736.57,5.0,5.0,11.0,6.0
2425,2025-02-15,VfL Bochum,Borussia Dortmund,2,0,H,18.0,17.0,9.0,2.0,2.0,8.0,1.0,0.0,0.0,0.0,5.0,3.9,1.67,4.98,4.27,1.66,1526.87,1781.31,1.0,4.0,5.0,4.0
2425,2025-02-15,FC St. Pauli,SC Freiburg,0,1,A,5.0,6.0,1.0,4.0,2.0,6.0,1.0,0.0,0.0,0.0,2.5,3.25,2.88,2.6,3.25,2.94,1584.15,1663.73,4.0,6.0,7.0,6.0
2425,2025-02-15,VfB Stuttgart,VfL Wolfsburg,1,2,A,10.0,7.0,4.0,3.0,7.0,5.0,3.0,4.0,0.0,0.0,1.73,4.2,4.2,1.76,4.24,4.32,1743.08,1680.94,3.0,3.0,9.0,6.0
2425,2025-02-15,Union Berlin,Borussia Monchengladbach,1,2,A,18.0,9.0,3.0,5.0,4.0,5.0,0.0,1.0,0.0,0.0,2.2,3.5,3.1,2.28,3.57,3.18,1609.16,1662.45,4.0,7.0,7.0,7.0
2425,2025-02-15,Bayer Leverkusen,Bayern Munich,0,0,D,15.0,2.0,3.0,0.0,6.0,0.0,2.0,3.0,0.0,0.0,2.9,3.7,2.25,3.08,3.71,2.27,1905.83,1904.63,5.0,9.0,11.0,15.0
2425,2025-02-16,Werder Bremen,TSG Hoffenheim,1,3,A,14.0,16.0,1.0,7.0,6.0,4.0,2.0,3.0,0.0,0.0,1.85,3.8,3.9,1.9,4.04,3.8,1659.49,1597.13,4.0,1.0,5.0,4.0
2425,2025-02-16,Eintracht Frankfurt,Holstein Kiel,3,1,H,20.0,10.0,9.0,4.0,4.0,6.0,2.0,0.0,0.0,0.0,1.33,5.75,7.5,1.34,5.94,8.04,1733.02,1525.5,3.0,2.0,9.0,5.0
2425,2025-02-16,1. FC Heidenheim,FSV Mainz 05,0,2,A,12.0,6.0,3.0,5.0,8.0,4.0,1.0,3.0,0.0,0.0,3.6,3.5,2.05,3.69,3.53,2.08,1554.88,1699.79,0.0,4.0,1.0,4.0
2425,2025-02-21,SC Freiburg,Werder Bremen,5,0,H,13.0,9.0,8.0,3.0,3.0,7.0,3.0,0.0,0.0,0.0,2.0,3.5,3.75,2.09,3.45,3.84,1663.73,1659.49,9.0,3.0,9.0,4.0
2425,2025-02-22,Holstein Kiel,Bayer Leverkusen,0,2,A,4.0,18.0,3.0,8.0,5.0,11.0,4.0,1.0,0.0,0.0,11.0,6.0,1.25,10.87,6.67,1.25,1525.5,1905.83,1.0,5.0,2.0,9.0
2425,2025-02-22,FSV Mainz 05,FC St. Pauli,2,0,H,10.0,12.0,5.0,0.0,6.0,5.0,3.0,3.0,0.0,0.0,1.8,3.5,4.75,1.79,3.66,4.88,1699.79,1584.15,4.0,1.0,7.0,7.0
2425,2025-02-22,Borussia Monchengladbach,FC Augsburg,0,3,A,8.0,17.0,5.0,4.0,2.0,4.0,3.0,2.0,1.0,0.0,1.85,3.75,4.0,1.83,3.82,4.4,1662.45,1621.0,7.0,3.0,10.0,9.0
2425,2025-02-22,VfL Wolfsburg,VfL Bochum,1,1,D,13.0,11.0,6.0,5.0,3.0,5.0,2.0,3.0,0.0,0.0,1.53,4.2,6.0,1.56,4.53,5.71,1680.94,1526.87,5.0,4.0,6.0,5.0
2425,2025-02-22,Borussia Dortmund,Union Berlin,6,0,H,24.0,6.0,8.0,1.0,5.0,3.0,2.0,2.0,0.0,0.0,1.53,4.5,5.5,1.57,4.52,5.55,1781.31,1609.16,3.0,4.0,4.0,7.0
2425,2025-02-23,Bayern Munich,Eintracht Frankfurt,4,0,H,19.0,7.0,12.0,2.0,4.0,1.0,1.0,1.0,0.0,0.0,1.3,6.5,7.5,1.3,6.5,8.28,1904.63,1733.02,7.0,5.0,13.0,9.0
2425,2025-02-23,TSG Hoffenheim,VfB Stuttgart,1,1,D,9.0,14.0,2.0,7.0,4.0,8.0,0.0,0.0,0.0,0.0,3.5,3.9,1.95,3.63,3.96,1.97,1597.13,1743.08,3.0,3.0,7.0,6.0
2425,2025-02-23,RB Leipzig,1. FC Heidenheim,2,2,D,17.0,4.0,6.0,2.0,7.0,4.0,3.0,3.0,0.0,0.0,1.33,5.0,8.5,1.35,5.61,8.22,1745.34,1554.88,5.0,0.0,7.0,0.0
2425,2025-02-28,VfB Stuttgart,Bayern Munich,1,3,A,12.0,17.0,3.0,8.0,4.0,6.0,5.0,3.0,0.0,0.0,4.75,4.2,1.65,4.94,4.37,1.67,1743.08,1904.63,4.0,7.0,4.0,13.0
2425,2025-03-01,VfL Bochum,TSG Hoffenheim,0,1,A,12.0,10.0,3.0,2.0,8.0,5.0,0.0,1.0,0.0,0.0,2.4,3.6,2.8,2.47,3.56,2.88,1545.66,1609.67,5.0,4.0,5.0,5.0
2425,2025-03-01,1. FC Heidenheim,Borussia Monchengladbach,0,3,A,20.0,13.0,5.0,5.0,6.0,2.0,2.0,3.0,0.0,0.0,3.1,3.5,2.25,3.1,3.62,2.3,1531.5,1647.34,1.0,4.0,1.0,10.0
2425,2025-03-01,RB Leipzig,FSV Mainz 05,1,2,A,13.0,15.0,4.0,3.0,7.0,1.0,1.0,1.0,0.0,0.0,1.95,3.7,3.75,2.02,3.76,3.66,1734.35,1708.63,5.0,7.0,7.0,10.0
2425,2025-03-01,FC St. Pauli,Borussia Dortmund,0,2,A,7.0,14.0,1.0,3.0,7.0,1.0,1.0,2.0,0.0,0.0,4.1,3.8,1.83,4.31,3.73,1.87,1566.74,1768.6,0.0,3.0,4.0,7.0
2425,2025-03-01,Werder Bremen,VfL Wolfsburg,1,2,A,15.0,9.0,7.0,3.0,8.0,2.0,2.0,0.0,0.0,0.0,2.63,3.4,2.6,2.72,3.55,2.61,1625.98,1681.99,0.0,5.0,4.0,7.0
2425,2025-03-01,Eintracht Frankfurt,Bayer Leverkusen,1,4,A,7.0,20.0,3.0,9.0,2.0,6.0,1.0,1.0,0.0,0.0,4.75,3.75,1.73,4.72,3.92,1.76,1725.85,1902.19,4.0,5.0,6.0,9.0
2425,2025-03-02,FC Augsburg,SC Freiburg,0,0,D,13.0,7.0,5.0,3.0,5.0,2.0,1.0,1.0,0.0,0.0,2.63,3.25,2.7,2.71,3.13,2.91,1634.68,1680.06,5.0,9.0,9.0,12.0
2425,2025-03-02,Union Berlin,Holstein Kiel,0,1,A,14.0,10.0,3.0,3.0,11.0,3.0,4.0,0.0,0.0,0.0,1.57,4.33,5.25,1.62,4.25,5.45,1588.55,1514.99,3.0,1.0,4.0,2.0
2425,2025-03-07,Borussia Monchengladbach,FSV Mainz 05,1,3,A,12.0,16.0,4.0,8.0,4.0,3.0,0.0,1.0,0.0,0.0,2.6,3.3,2.7,2.65,3.43,2.74,1647.34,1708.63,6.0,9.0,10.0,10.0
2425,2025-03-08,Bayern Munich,VfL Bochum,2,3,A,14.0,8.0,5.0,5.0,9.0,3.0,0.0,6.0,1.0,0.0,1.11,9.5,19.0,1.11,12.4,17.74,1914.25,1545.66,7.0,4.0,13.0,5.0
2425,2025-03-08,Borussia Dortmund,FC Augsburg,0,1,A,14.0,6.0,1.0,1.0,12.0,3.0,1.0,4.0,0.0,0.0,1.53,4.33,5.75,1.55,4.42,6.05,1768.6,1634.68,6.0,5.0,9.0,7.0
2425,2025-03-08,Holstein Kiel,VfB Stuttgart,2,2,D,17.0,5.0,5.0,2.0,3.0,1.0,1.0,2.0,1.0,0.0,5.75,4.33,1.53,5.89,4.71,1.52,1514.99,1719.19,3.0,1.0,4.0,4.0
2425,2025-03-08,Bayer Leverkusen,Werder Bremen,0,2,A,18.0,11.0,4.0,7.0,10.0,3.0,4.0,4.0,0.0,0.0,1.27,5.75,11.0,1.27,6.39,10.17,1902.19,1625.98,7.0,0.0,11.0,3.0
2425,2025-03-08,VfL Wolfsburg,FC St. Pauli,1,1,D,16.0,14.0,4.0,4.0,6.0,6.0,1.0,0.0,0.0,0.0,1.75,3.5,5.0,1.78,3.75,4.85,1681.99,1566.74,7.0,0.0,9.0,1.0
2425,2025-03-08,SC Freiburg,RB Leipzig,0,0,D,10.0,18.0,2.0,3.0,2.0,6.0,0.0,3.0,0.0,0.0,2.55,3.3,2.7,2.66,3.32,2.81,1680.06,1734.35,7.0,2.0,13.0,6.0
2425,2025-03-09,Eintracht Frankfurt,Union Berlin,1,2,A,14.0,11.0,3.0,3.0,1.0,5.0,3.0,0.0,0.0,0.0,1.73,4.0,4.5,1.77,4.13,4.39,1725.85,1588.55,3.0,0.0,5.0,4.0
2425,2025-03-09,TSG Hoffenheim,1. FC Heidenheim,1,1,D,16.0,23.0,3.0,5.0,6.0,4.0,2.0,3.0,0.0,0.0,1.75,4.0,4.33,1.78,4.03,4.41,1609.67,1531.5,7.0,1.0,7.0,1.0
2425,2025-03-14,FC St. Pauli,TSG Hoffenheim,1,0,H,10.0,4.0,5.0,0.0,11.0,2.0,0.0,1.0,0.0,0.0,2.25,3.25,3.3,2.31,3.3,3.37,1566.74,1609.67,1.0,5.0,1.0,8.0
2425,2025-03-15,FC Augsburg,VfL Wolfsburg,1,0,H,9.0,13.0,2.0,2.0,1.0,4.0,1.0,2.0,0.0,0.0,2.55,3.3,2.75,2.63,3.29,2.87,1656.88,1694.67,7.0,5.0,9.0,9.0
2425,2025-03-15,FSV Mainz 05,SC Freiburg,2,2,D,9.0,24.0,4.0,8.0,1.0,4.0,1.0,2.0,1.0,0.0,1.95,3.3,4.1,2.02,3.45,4.0,1738.87,1689.61,9.0,5.0,13.0,11.0
2425,2025-03-15,Union Berlin,Bayern Munich,1,1,D,7.0,18.0,3.0,4.0,2.0,14.0,1.0,2.0,0.0,0.0,8.5,5.0,1.36,9.0,5.36,1.35,1599.91,1928.13,3.0,6.0,6.0,10.0
2425,2025-03-15,Werder Bremen,Borussia Monchengladbach,2,4,A,23.0,13.0,2.0,7.0,4.0,1.0,1.0,2.0,0.0,1.0,2.35,3.6,2.8,2.42,3.68,2.87,1649.74,1656.76,3.0,3.0,3.0,7.0
2425,2025-03-15,RB Leipzig,Borussia Dortmund,2,0,H,15.0,25.0,5.0,9.0,3.0,12.0,3.0,3.0,0.0,0.0,2.38,3.6,2.88,2.43,3.68,2.87,1734.13,1782.91,2.0,6.0,6.0,6.0
2425,2025-03-16,VfL Bochum,Eintracht Frankfurt,1,3,A,17.0,18.0,7.0,7.0,8.0,3.0,4.0,1.0,0.0,0.0,3.1,3.6,2.2,3.13,3.66,2.27,1564.44,1734.7,4.0,0.0,8.0,4.0
2425,2025-03-16,1. FC Heidenheim,Holstein Kiel,3,1,H,14.0,16.0,5.0,4.0,3.0,5.0,1.0,3.0,0.0,0.0,2.0,3.5,3.75,2.03,3.66,3.72,1534.37,1539.69,2.0,4.0,2.0,5.0
2425,2025-03-16,VfB Stuttgart,Bayer Leverkusen,3,4,A,11.0,16.0,6.0,4.0,1.0,10.0,3.0,2.0,0.0,0.0,3.1,3.4,2.3,3.09,3.6,2.32,1724.8,1877.44,2.0,6.0,5.0,8.0
2425,2025-03-28,Bayer Leverkusen,VfL Bochum,3,1,H,14.0,8.0,5.0,3.0,3.0,2.0,0.0,1.0,0.0,0.0,1.22,6.5,12.0,1.23,6.93,11.71,1877.44,1564.44,6.0,3.0,10.0,7.0
2425,2025-03-29,Eintracht Frankfurt,VfB Stuttgart,1,0,H,19.0,8.0,6.0,2.0,6.0,10.0,1.0,3.0,0.0,1.0,2.5,3.8,2.5,2.6,3.67,2.66,1734.7,1724.8,3.0,1.0,6.0,2.0
2425,2025-03-29,VfL Wolfsburg,1. FC Heidenheim,0,1,A,11.0,11.0,2.0,4.0,4.0,5.0,2.0,4.0,0.0,0.0,1.67,3.75,5.0,1.66,4.12,5.22,1694.67,1534.37,4.0,4.0,8.0,5.0
2425,2025-03-29,Borussia Monchengladbach,RB Leipzig,1,0,H,16.0,19.0,3.0,3.0,5.0,8.0,2.0,2.0,0.0,0.0,2.88,3.7,2.3,2.94,3.58,2.41,1656.76,1734.13,6.0,4.0,9.0,6.0
2425,2025-03-29,TSG Hoffenheim,FC Augsburg,1,1,D,13.0,11.0,4.0,4.0,2.0,2.0,1.0,2.0,0.0,0.0,2.35,3.3,3.1,2.43,3.29,3.15,1614.62,1656.88,4.0,7.0,8.0,11.0
2425,2025-03-29,Bayern Munich,FC St. Pauli,3,2,H,19.0,10.0,9.0,4.0,5.0,4.0,3.0,0.0,0.0,0.0,1.14,8.0,15.0,1.15,9.41,16.44,1928.13,1583.27,4.0,4.0,8.0,4.0
2425,2025-03-29,Holstein Kiel,Werder Bremen,0,3,A,11.0,14.0,0.0,7.0,3.0,4.0,4.0,1.0,0.0,0.0,3.2,3.9,2.05,3.42,3.85,2.08,1539.69,1649.74,4.0,3.0,4.0,3.0
2425,2025-03-30,SC Freiburg,Union Berlin,1,2,A,9.0,10.0,3.0,6.0,3.0,3.0,3.0,4.0,0.0,0.0,2.0,3.5,3.7,2.02,3.43,4.05,1689.61,1599.91,3.0,4.0,9.0,4.0
2425,2025-03-30,Borussia Dortmund,FSV Mainz 05,3,1,H,18.0,12.0,7.0,3.0,6.0,4.0,2.0,0.0,0.0,0.0,1.62,3.9,5.0,1.67,4.17,5.07,1782.91,1738.87,3.0,7.0,6.0,13.0
2425,2025-04-04,FC Augsburg,Bayern Munich,1,3,A,6.0,19.0,3.0,7.0,2.0,4.0,4.0,0.0,1.0,0.0,7.5,4.75,1.42,7.61,5.01,1.43,1664.63,1922.66,7.0,4.0,11.0,10.0
2425,2025-04-05,RB Leipzig,TSG Hoffenheim,3,1,H,16.0,9.0,5.0,5.0,8.0,2.0,0.0,3.0,0.0,1.0,1.55,4.2,5.5,1.58,4.55,5.43,1736.87,1614.93,4.0,2.0,5.0,6.0
2425,2025-04-05,Werder Bremen,Eintracht Frankfurt,2,0,H,12.0,9.0,4.0,0.0,5.0,6.0,3.0,3.0,0.0,0.0,2.63,3.5,2.5,2.65,3.73,2.58,1647.9,1747.69,6.0,6.0,6.0,6.0
2425,2025-04-05,FSV Mainz 05,Holstein Kiel,1,1,D,13.0,10.0,3.0,5.0,4.0,4.0,4.0,4.0,0.0,0.0,1.45,4.5,7.0,1.43,5.01,7.05,1727.72,1519.37,4.0,1.0,10.0,4.0
2425,2025-04-05,VfL Bochum,VfB Stuttgart,0,4,A,11.0,14.0,2.0,6.0,2.0,4.0,1.0,1.0,0.0,0.0,3.1,3.7,2.15,3.2,3.8,2.18,1555.74,1713.35,3.0,1.0,4.0,2.0
2425,2025-04-05,SC Freiburg,Borussia Dortmund,1,4,A,12.0,18.0,3.0,7.0,3.0,4.0,1.0,0.0,0.0,0.0,3.1,3.5,2.2,3.1,3.61,2.31,1680.68,1779.86,2.0,3.0,6.0,9.0
2425,2025-04-05,1. FC Heidenheim,Bayer Leverkusen,0,1,A,10.0,6.0,2.0,2.0,4.0,0.0,1.0,0.0,0.0,0.0,6.5,4.75,1.44,6.78,4.84,1.46,1556.81,1884.59,7.0,6.0,8.0,12.0
2425,2025-04-06,FC St. Pauli,Borussia Monchengladbach,1,1,D,26.0,5.0,9.0,3.0,11.0,2.0,0.0,2.0,0.0,0.0,2.5,3.3,2.75,2.52,3.45,2.89,1581.92,1677.96,4.0,6.0,4.0,9.0
2425,2025-04-06,Union Berlin,VfL Wolfsburg,1,0,H,13.0,12.0,3.0,3.0,6.0,4.0,0.0,1.0,0.0,0.0,2.45,3.3,2.88,2.49,3.32,3.02,1618.13,1674.11,7.0,1.0,7.0,5.0
2425,2025-04-11,VfL Wolfsburg,RB Leipzig,2,3,A,17.0,16.0,6.0,5.0,8.0,5.0,2.0,3.0,0.0,0.0,2.88,3.75,2.3,3.0,3.71,2.36,1674.11,1736.87,0.0,6.0,4.0,7.0
2425,2025-04-12,VfL Bochum,FC Augsburg,1,2,A,25.0,12.0,9.0,5.0,7.0,6.0,2.0,1.0,0.0,1.0,2.5,3.4,2.8,2.5,3.35,3.0,1555.74,1664.63,0.0,4.0,3.0,8.0
2425,2025-04-12,TSG Hoffenheim,FSV Mainz 05,2,0,H,8.0,14.0,5.0,1.0,4.0,7.0,4.0,2.0,0.0,1.0,2.7,3.5,2.55,2.69,3.5,2.66,1614.93,1727.72,1.0,2.0,5.0,8.0
2425,2025-04-12,Holstein Kiel,FC St. Pauli,1,2,A,6.0,14.0,2.0,6.0,3.0,3.0,3.0,4.0,0.0,0.0,3.25,3.3,2.25,3.28,3.42,2.29,1519.37,1581.92,1.0,4.0,5.0,5.0
2425,2025-04-12,Bayer Leverkusen,Union Berlin,0,0,D,16.0,7.0,3.0,3.0,7.0,3.0,2.0,1.0,0.0,0.0,1.33,4.75,9.5,1.34,5.61,8.99,1884.59,1618.13,9.0,7.0,12.0,10.0
2425,2025-04-12,Borussia Monchengladbach,SC Freiburg,1,2,A,10.0,19.0,1.0,7.0,4.0,6.0,0.0,1.0,0.0,0.0,2.15,3.6,3.25,2.19,3.71,3.26,1677.96,1680.68,7.0,1.0,10.0,3.0
2425,2025-04-12,Bayern Munich,Borussia Dortmund,2,2,D,28.0,11.0,11.0,3.0,6.0,5.0,0.0,0.0,0.0,0.0,1.44,5.25,6.0,1.43,5.36,6.51,1922.66,1779.86,7.0,6.0,10.0,9.0
2425,2025-04-13,VfB Stuttgart,Werder Bremen,1,2,A,12.0,14.0,4.0,5.0,3.0,4.0,3.0,2.0,1.0,0.0,1.65,4.33,4.5,1.67,4.62,4.53,1713.35,1647.9,3.0,6.0,4.0,9.0
2425,2025-04-13,Eintracht Frankfurt,1. FC Heidenheim,3,0,H,19.0,14.0,8.0,3.0,5.0,3.0,1.0,1.0,0.0,0.0,1.73,4.2,4.2,1.75,4.18,4.43,1747.69,1556.81,6.0,6.0,6.0,7.0
2425,2025-04-19,Werder Bremen,VfL Bochum,1,0,H,14.0,12.0,4.0,1.0,2.0,7.0,3.0,3.0,0.0,1.0,1.73,4.1,4.33,1.74,4.19,4.49,1668.68,1536.83,9.0,0.0,12.0,3.0
2425,2025-04-19,Union Berlin,VfB Stuttgart,4,4,D,12.0,13.0,5.0,6.0,3.0,5.0,0.0,2.0,0.0,0.0,2.8,3.4,2.45,2.87,3.43,2.54,1630.88,1709.96,7.0,3.0,11.0,4.0
2425,2025-04-19,RB Leipzig,Holstein Kiel,1,1,D,10.0,13.0,4.0,3.0,9.0,7.0,1.0,2.0,0.0,0.0,1.33,5.75,7.5,1.31,6.22,8.55,1746.86,1515.14,6.0,1.0,10.0,2.0
2425,2025-04-19,FSV Mainz 05,VfL Wolfsburg,2,2,D,18.0,16.0,7.0,4.0,7.0,5.0,2.0,3.0,0.0,0.0,2.0,3.6,3.6,2.05,3.72,3.6,1704.95,1655.61,1.0,0.0,5.0,1.0
2425,2025-04-19,1. FC Heidenheim,Bayern Munich,0,4,A,4.0,18.0,1.0,11.0,4.0,4.0,3.0,1.0,0.0,0.0,9.0,6.0,1.29,9.06,6.38,1.29,1546.46,1912.55,3.0,7.0,7.0,8.0
2425,2025-04-19,SC Freiburg,TSG Hoffenheim,3,2,H,12.0,19.0,6.0,6.0,2.0,6.0,3.0,2.0,0.0,0.0,1.91,3.7,3.75,1.96,3.75,3.85,1675.9,1620.16,3.0,4.0,5.0,5.0
2425,2025-04-20,FC Augsburg,Eintracht Frankfurt,0,0,D,13.0,8.0,2.0,5.0,3.0,9.0,2.0,1.0,0.0,0.0,2.55,3.3,2.75,2.63,3.44,2.77,1663.45,1740.76,4.0,6.0,10.0,9.0
2425,2025-04-20,Borussia Dortmund,Borussia Monchengladbach,3,2,H,14.0,6.0,6.0,3.0,6.0,2.0,1.0,2.0,0.0,0.0,1.42,5.25,6.5,1.43,5.46,6.47,1787.19,1664.32,7.0,4.0,7.0,7.0
2425,2025-04-20,FC St. Pauli,Bayer Leverkusen,1,1,D,10.0,6.0,5.0,4.0,4.0,4.0,1.0,4.0,0.0,0.0,5.25,3.8,1.67,5.42,3.93,1.67,1588.27,1876.98,4.0,7.0,8.0,10.0
2425,2025-04-25,VfB Stuttgart,1. FC Heidenheim,0,1,A,19.0,6.0,3.0,2.0,6.0,5.0,0.0,4.0,0.0,0.0,1.48,5.0,5.75,1.51,4.97,5.99,1709.96,1546.46,4.0,0.0,4.0,6.0
2425,2025-04-26,Eintracht Frankfurt,RB Leipzig,4,0,H,9.0,7.0,6.0,3.0,8.0,4.0,1.0,2.0,0.0,1.0,2.15,3.8,3.0,2.17,3.92,3.15,1740.76,1746.86,4.0,7.0,10.0,10.0
2425,2025-04-26,VfL Wolfsburg,SC Freiburg,0,1,A,8.0,15.0,1.0,2.0,3.0,2.0,3.0,1.0,1.0,0.0,2.35,3.5,2.88,2.4,3.67,2.91,1655.61,1675.9,1.0,6.0,1.0,7.0
2425,2025-04-26,Bayer Leverkusen,FC Augsburg,2,0,H,14.0,11.0,5.0,2.0,3.0,7.0,0.0,1.0,0.0,0.0,1.36,5.0,8.5,1.37,5.23,8.61,1876.98,1663.45,5.0,4.0,11.0,8.0
2425,2025-04-26,Holstein Kiel,Borussia Monchengladbach,4,3,H,22.0,16.0,11.0,7.0,7.0,8.0,2.0,1.0,0.0,0.0,3.1,3.8,2.15,3.18,3.9,2.16,1515.14,1664.32,2.0,1.0,2.0,7.0
2425,2025-04-26,TSG Hoffenheim,Borussia Dortmund,2,3,A,11.0,16.0,3.0,8.0,2.0,5.0,5.0,1.0,0.0,0.0,4.1,4.33,1.73,4.3,4.37,1.74,1620.16,1787.19,3.0,7.0,4.0,10.0
2425,2025-04-26,Bayern Munich,FSV Mainz 05,3,0,H,14.0,8.0,6.0,3.0,4.0,4.0,2.0,2.0,0.0,0.0,1.22,7.0,11.0,1.22,7.3,11.15,1912.55,1704.95,7.0,2.0,11.0,3.0
2425,2025-04-27,VfL Bochum,Union Berlin,1,1,D,10.0,5.0,4.0,1.0,10.0,4.0,3.0,2.0,0.0,0.0,2.25,3.4,3.1,2.36,3.5,3.09,1536.83,1630.88,0.0,5.0,0.0,9.0
2425,2025-04-27,Werder Bremen,FC St. Pauli,0,0,D,11.0,10.0,2.0,4.0,1.0,3.0,2.0,3.0,0.0,1.0,1.85,3.6,4.0,1.92,3.74,4.07,1668.68,1588.27,9.0,5.0,12.0,8.0
2425,2025-05-02,1. FC Heidenheim,VfL Bochum,0,0,D,11.0,14.0,3.0,3.0,6.0,4.0,0.0,1.0,0.0,0.0,2.25,3.6,3.1,2.32,3.59,3.13,1552.29,1530.96,3.0,1.0,6.0,1.0
2425,2025-05-03,Borussia Dortmund,VfL Wolfsburg,4,0,H,11.0,11.0,5.0,2.0,4.0,3.0,0.0,1.0,0.0,0.0,1.33,5.75,7.5,1.32,6.21,7.74,1792.65,1646.01,7.0,1.0,13.0,1.0
2425,2025-05-03,Union Berlin,Werder Bremen,2,2,D,17.0,13.0,7.0,6.0,5.0,5.0,2.0,3.0,0.0,0.0,2.7,3.4,2.55,2.78,3.45,2.61,1626.77,1665.69,3.0,7.0,9.0,13.0
2425,2025-05-03,FC St. Pauli,VfB Stuttgart,0,1,A,6.0,21.0,1.0,8.0,4.0,4.0,6.0,3.0,2.0,0.0,2.62,3.5,2.55,2.73,3.52,2.61,1594.11,1692.32,5.0,1.0,6.0,4.0
2425,2025-05-03,RB Leipzig,Bayern Munich,3,3,D,8.0,20.0,6.0,6.0,2.0,7.0,3.0,1.0,0.0,0.0,4.5,4.33,1.62,4.46,4.73,1.66,1722.14,1915.85,4.0,7.0,7.0,13.0
2425,2025-05-03,Borussia Monchengladbach,TSG Hoffenheim,4,4,D,12.0,26.0,7.0,8.0,4.0,7.0,0.0,0.0,0.0,0.0,2.1,4.0,3.0,2.13,4.03,3.16,1646.28,1606.41,0.0,3.0,4.0,4.0
2425,2025-05-04,FC Augsburg,Holstein Kiel,1,3,A,27.0,7.0,10.0,5.0,12.0,0.0,0.0,2.0,0.0,0.0,1.83,3.9,4.0,1.85,3.81,4.29,1656.66,1528.45,4.0,4.0,5.0,5.0
2425,2025-05-04,SC Freiburg,Bayer Leverkusen,2,2,D,8.0,5.0,4.0,2.0,4.0,1.0,1.0,2.0,0.0,0.0,3.2,3.4,2.25,3.14,3.51,2.33,1686.35,1871.15,9.0,5.0,9.0,11.0
2425,2025-05-04,FSV Mainz 05,Eintracht Frankfurt,1,1,D,12.0,8.0,3.0,2.0,8.0,1.0,1.0,0.0,0.0,0.0,2.35,3.5,2.9,2.41,3.67,2.89,1694.29,1739.74,1.0,7.0,2.0,10.0
2425,2025-05-09,VfL Wolfsburg,TSG Hoffenheim,2,2,D,14.0,17.0,5.0,7.0,5.0,6.0,0.0,2.0,0.0,0.0,2.2,3.6,2.9,2.3,3.77,2.99,1646.01,1606.41,1.0,1.0,1.0,4.0
2425,2025-05-10,Bayern Munich,Borussia Monchengladbach,2,0,H,24.0,16.0,9.0,6.0,4.0,9.0,1.0,1.0,0.0,0.0,1.17,9.5,11.0,1.16,10.06,12.25,1915.85,1646.28,7.0,1.0,11.0,2.0
2425,2025-05-10,Werder Bremen,RB Leipzig,0,0,D,21.0,16.0,6.0,4.0,11.0,4.0,1.0,3.0,0.0,0.0,2.35,3.7,2.8,2.38,3.7,2.92,1665.69,1722.14,5.0,2.0,11.0,8.0
2425,2025-05-10,Union Berlin,1. FC Heidenheim,0,3,A,10.0,8.0,1.0,4.0,1.0,2.0,2.0,0.0,0.0,0.0,2.25,3.3,3.3,2.21,3.55,3.33,1626.77,1552.29,3.0,4.0,7.0,4.0
2425,2025-05-10,Holstein Kiel,SC Freiburg,1,2,A,15.0,9.0,3.0,4.0,2.0,5.0,1.0,0.0,0.0,0.0,3.1,3.75,2.15,3.29,3.88,2.12,1528.45,1686.35,7.0,7.0,8.0,10.0
2425,2025-05-10,VfL Bochum,FSV Mainz 05,1,4,A,11.0,22.0,6.0,8.0,6.0,6.0,3.0,0.0,0.0,0.0,2.9,3.6,2.3,3.0,3.73,2.31,1530.96,1694.29,2.0,2.0,2.0,3.0
2425,2025-05-11,Bayer Leverkusen,Borussia Dortmund,2,4,A,19.0,9.0,10.0,5.0,12.0,0.0,0.0,2.0,0.0,0.0,2.7,3.9,2.35,2.66,4.08,2.43,1871.15,1792.65,5.0,9.0,9.0,13.0
2425,2025-05-11,Eintracht Frankfurt,FC St. Pauli,2,2,D,13.0,5.0,5.0,2.0,3.0,1.0,2.0,2.0,0.0,0.0,1.53,4.33,5.75,1.52,4.61,6.18,1739.74,1594.11,5.0,2.0,8.0,6.0
2425,2025-05-11,VfB Stuttgart,FC Augsburg,4,0,H,29.0,7.0,11.0,0.0,11.0,2.0,1.0,1.0,0.0,1.0,1.55,4.33,5.75,1.56,4.54,5.67,1692.32,1656.66,4.0,1.0,7.0,4.0
2425,2025-05-17,RB Leipzig,VfB Stuttgart,2,3,A,8.0,15.0,5.0,7.0,5.0,8.0,1.0,0.0,0.0,0.0,2.0,4.2,3.2,1.97,4.31,3.2,1725.62,1710.07,2.0,6.0,6.0,7.0
2425,2025-05-17,FC St. Pauli,VfL Bochum,0,2,A,10.0,9.0,2.0,6.0,7.0,4.0,0.0,0.0,0.0,0.0,1.67,4.2,4.5,1.66,4.19,4.65,1592.58,1524.27,2.0,2.0,6.0,2.0
2425,2025-05-17,FSV Mainz 05,Bayer Leverkusen,2,2,D,20.0,7.0,6.0,4.0,7.0,3.0,2.0,6.0,0.0,0.0,2.15,3.9,3.0,2.18,3.99,2.93,1703.02,1851.95,4.0,4.0,5.0,6.0
2425,2025-05-17,TSG Hoffenheim,Bayern Munich,0,4,A,6.0,14.0,2.0,5.0,1.0,4.0,0.0,0.0,0.0,0.0,5.0,5.25,1.5,5.05,5.25,1.5,1610.46,1914.38,2.0,7.0,5.0,11.0
2425,2025-05-17,Borussia Monchengladbach,VfL Wolfsburg,0,1,A,16.0,17.0,3.0,6.0,7.0,10.0,0.0,0.0,0.0,0.0,2.2,4.2,2.8,2.17,4.31,2.79,1641.34,1636.86,1.0,1.0,1.0,2.0
2425,2025-05-17,SC Freiburg,Eintracht Frankfurt,1,3,A,8.0,11.0,1.0,6.0,4.0,7.0,2.0,4.0,0.0,0.0,2.35,3.7,2.8,2.38,3.77,2.74,1695.54,1734.56,7.0,5.0,13.0,9.0
2425,2025-05-17,Borussia Dortmund,Holstein Kiel,3,0,H,19.0,4.0,6.0,2.0,7.0,1.0,3.0,1.0,0.0,1.0,1.09,12.0,19.0,1.07,13.97,18.89,1815.12,1540.36,9.0,6.0,13.0,7.0
2425,2025-05-17,FC Augsburg,Union Berlin,1,2,A,19.0,6.0,4.0,4.0,4.0,0.0,0.0,0.0,0.0,0.0,2.1,3.5,3.4,2.07,3.43,3.62,1628.3,1607.53,0.0,2.0,4.0,4.0
2425,2025-05-17,1. FC Heidenheim,Werder Bremen,1,4,A,21.0,13.0,8.0,7.0,6.0,4.0,2.0,2.0,0.0,0.0,2.3,3.8,2.75,2.31,3.91,2.76,1569.78,1666.4,7.0,3.0,7.0,9.0
2526,2025-08-22,Bayern Munich,RB Leipzig,6,0,H,19.0,12.0,10.0,1.0,5.0,5.0,4.0,1.0,0.0,0.0,1.22,7.0,9.0,1.23,7.43,10.85,1919.0,1716.37,7.0,2.0,13.0,3.0
2526,2025-08-23,Eintracht Frankfurt,Werder Bremen,4,1,H,18.0,10.0,5.0,5.0,7.0,1.0,1.0,3.0,0.0,0.0,1.7,4.1,4.5,1.7,4.26,4.68,1745.76,1677.45,5.0,5.0,9.0,9.0
2526,2025-08-23,SC Freiburg,FC Augsburg,1,3,A,16.0,14.0,4.0,5.0,5.0,5.0,4.0,5.0,0.0,0.0,1.85,3.6,4.33,1.87,3.71,4.33,1684.34,1618.66,4.0,0.0,10.0,1.0
2526,2025-08-23,1. FC Heidenheim,VfL Wolfsburg,1,3,A,7.0,15.0,2.0,5.0,2.0,5.0,2.0,3.0,0.0,0.0,3.2,3.5,2.2,3.19,3.59,2.26,1558.73,1645.72,4.0,4.0,7.0,5.0
2526,2025-08-23,Bayer Leverkusen,TSG Hoffenheim,1,2,A,7.0,10.0,2.0,5.0,6.0,4.0,0.0,4.0,0.0,0.0,1.53,4.75,5.25,1.56,4.74,5.46,1848.79,1605.84,2.0,2.0,6.0,2.0
2526,2025-08-23,Union Berlin,VfB Stuttgart,2,1,H,8.0,21.0,2.0,6.0,5.0,11.0,4.0,4.0,0.0,0.0,3.4,3.7,2.05,3.56,3.69,2.07,1617.17,1719.31,4.0,9.0,6.0,10.0
2526,2025-08-23,FC St. Pauli,Borussia Dortmund,3,3,D,11.0,8.0,7.0,7.0,5.0,2.0,2.0,3.0,0.0,1.0,4.5,3.9,1.75,4.82,3.79,1.77,1577.11,1818.35,1.0,9.0,3.0,15.0
2526,2025-08-24,FSV Mainz 05,1. FC Koln,0,1,A,19.0,12.0,2.0,2.0,8.0,3.0,0.0,2.0,1.0,0.0,1.9,3.7,4.0,1.93,3.7,4.07,1706.18,1552.19,5.0,7.0,6.0,10.0
2526,2025-08-24,Borussia Monchengladbach,Hamburger SV,0,0,D,17.0,7.0,4.0,2.0,7.0,6.0,2.0,1.0,0.0,0.0,1.85,3.9,3.9,1.86,4.06,3.96,1632.48,1554.55,1.0,6.0,1.0,7.0
2526,2025-08-29,Hamburger SV,FC St. Pauli,0,2,A,5.0,17.0,2.0,6.0,2.0,5.0,3.0,3.0,1.0,0.0,2.4,3.3,3.0,2.45,3.29,3.12,1558.32,1581.9,4.0,2.0,7.0,3.0
2526,2025-08-30,Werder Bremen,Bayer Leverkusen,3,3,D,12.0,10.0,5.0,4.0,3.0,7.0,4.0,3.0,1.0,0.0,3.7,3.8,1.91,3.82,3.87,1.94,1670.98,1831.77,4.0,1.0,6.0,5.0
2526,2025-08-30,VfB Stuttgart,Borussia Monchengladbach,1,0,H,13.0,15.0,5.0,6.0,6.0,10.0,2.0,1.0,0.0,0.0,1.6,4.5,4.75,1.62,4.59,4.97,1708.1,1628.71,6.0,1.0,9.0,2.0
2526,2025-08-30,FC Augsburg,Bayern Munich,2,3,A,10.0,20.0,3.0,10.0,7.0,5.0,3.0,4.0,0.0,0.0,9.0,6.5,1.27,9.88,6.53,1.27,1632.13,1922.61,3.0,9.0,3.0,13.0
2526,2025-08-30,TSG Hoffenheim,Eintracht Frankfurt,1,3,A,17.0,9.0,5.0,6.0,4.0,5.0,2.0,3.0,0.0,0.0,2.88,3.75,2.25,2.95,3.84,2.3,1622.86,1752.23,4.0,7.0,5.0,11.0
2526,2025-08-30,RB Leipzig,1. FC Heidenheim,2,0,H,19.0,5.0,5.0,3.0,4.0,3.0,2.0,5.0,0.0,0.0,1.44,5.0,6.25,1.45,5.17,6.4,1712.76,1549.51,1.0,3.0,2.0,7.0
2526,2025-08-31,VfL Wolfsburg,FSV Mainz 05,1,1,D,11.0,17.0,3.0,3.0,3.0,10.0,3.0,5.0,1.0,0.0,2.0,3.6,3.5,2.08,3.68,3.54,1654.94,1690.7,7.0,4.0,7.0,5.0
2526,2025-08-31,Borussia Dortmund,Union Berlin,3,0,H,11.0,12.0,6.0,3.0,4.0,6.0,0.0,0.0,0.0,0.0,1.4,5.25,6.5,1.4,5.3,7.28,1813.56,1628.38,7.0,6.0,13.0,8.0
2526,2025-08-31,1. FC Koln,SC Freiburg,4,1,H,18.0,12.0,6.0,2.0,3.0,5.0,2.0,1.0,0.0,0.0,2.55,3.3,2.8,2.66,3.38,2.77,1567.67,1670.87,9.0,3.0,10.0,7.0
2526,2025-09-12,Bayer Leverkusen,Eintracht Frankfurt,3,1,H,18.0,13.0,8.0,2.0,4.0,8.0,5.0,3.0,2.0,0.0,2.1,3.8,3.2,2.16,3.83,3.29,1828.94,1760.26,2.0,9.0,3.0,11.0
2526,2025-09-13,Bayern Munich,Hamburger SV,5,0,H,22.0,9.0,12.0,2.0,5.0,3.0,2.0,2.0,0.0,0.0,1.06,12.0,26.0,1.07,14.97,29.41,1926.81,1547.28,9.0,1.0,13.0,7.0
2526,2025-09-13,Union Berlin,TSG Hoffenheim,2,4,A,20.0,9.0,7.0,8.0,9.0,2.0,1.0,1.0,1.0,0.0,2.6,3.4,2.7,2.66,3.51,2.68,1624.46,1614.83,6.0,3.0,7.0,5.0
2526,2025-09-13,VfL Wolfsburg,1. FC Koln,3,3,D,14.0,14.0,6.0,8.0,7.0,4.0,2.0,3.0,0.0,0.0,1.95,3.5,3.9,2.01,3.61,3.85,1654.25,1578.91,7.0,9.0,8.0,13.0
2526,2025-09-13,1. FC Heidenheim,Borussia Dortmund,0,2,A,6.0,17.0,1.0,8.0,5.0,4.0,2.0,3.0,1.0,0.0,5.5,4.5,1.55,5.53,4.66,1.56,1545.17,1817.48,0.0,7.0,4.0,13.0
2526,2025-09-13,SC Freiburg,VfB Stuttgart,3,1,H,14.0,7.0,6.0,2.0,7.0,1.0,1.0,1.0,1.0,0.0,2.9,3.6,2.35,2.92,3.64,2.41,1659.64,1714.29,0.0,6.0,4.0,12.0
2526,2025-09-13,FSV Mainz 05,RB Leipzig,0,1,A,13.0,19.0,2.0,3.0,3.0,5.0,1.0,0.0,0.0,0.0,2.55,3.6,2.63,2.6,3.7,2.64,1691.39,1717.09,2.0,3.0,6.0,5.0
2526,2025-09-14,FC St. Pauli,FC Augsburg,2,1,H,13.0,10.0,7.0,5.0,3.0,1.0,1.0,4.0,0.0,0.0,2.2,3.4,3.3,2.23,3.39,3.46,1592.94,1627.93,4.0,3.0,5.0,3.0
2526,2025-09-14,Borussia Monchengladbach,Werder Bremen,0,4,A,19.0,12.0,3.0,7.0,9.0,4.0,1.0,0.0,0.0,0.0,1.95,3.9,3.4,2.0,4.11,3.44,1622.52,1673.81,1.0,4.0,2.0,6.0
2526,2025-09-19,VfB Stuttgart,FC St. Pauli,2,0,H,17.0,9.0,8.0,2.0,8.0,4.0,0.0,2.0,0.0,0.0,1.75,4.1,4.2,1.78,4.0,4.46,1704.45,1602.23,3.0,7.0,9.0,8.0
2526,2025-09-20,RB Leipzig,1. FC Koln,3,1,H,18.0,13.0,8.0,2.0,9.0,5.0,1.0,1.0,0.0,0.0,1.65,4.33,4.5,1.68,4.39,4.73,1728.07,1582.62,6.0,7.0,7.0,13.0
2526,2025-09-20,FC Augsburg,FSV Mainz 05,1,4,A,18.0,12.0,5.0,4.0,6.0,6.0,1.0,2.0,0.0,1.0,2.7,3.4,2.6,2.77,3.47,2.61,1618.65,1680.41,3.0,1.0,3.0,5.0
2526,2025-09-20,Hamburger SV,1. FC Heidenheim,2,1,H,22.0,20.0,9.0,8.0,1.0,12.0,5.0,1.0,0.0,0.0,2.05,3.6,3.5,2.1,3.53,3.66,1545.8,1540.62,1.0,0.0,4.0,3.0
2526,2025-09-20,TSG Hoffenheim,Bayern Munich,1,4,A,12.0,18.0,4.0,10.0,5.0,5.0,1.0,2.0,0.0,0.0,7.0,6.0,1.33,7.87,6.19,1.33,1626.81,1928.28,6.0,9.0,7.0,15.0
2526,2025-09-20,Werder Bremen,SC Freiburg,0,3,A,12.0,10.0,5.0,5.0,2.0,0.0,5.0,2.0,0.0,0.0,2.38,3.6,2.8,2.38,3.81,2.86,1684.06,1669.48,4.0,3.0,8.0,6.0
2526,2025-09-21,Borussia Dortmund,VfL Wolfsburg,1,0,H,12.0,10.0,4.0,1.0,9.0,3.0,1.0,0.0,0.0,0.0,1.5,5.0,5.5,1.52,5.13,5.42,1822.03,1650.54,7.0,5.0,13.0,9.0
2526,2025-09-21,Eintracht Frankfurt,Union Berlin,3,4,A,19.0,11.0,10.0,5.0,5.0,1.0,3.0,2.0,0.0,0.0,1.57,4.33,5.5,1.58,4.47,5.57,1753.8,1612.48,6.0,3.0,10.0,6.0
2526,2025-09-21,Bayer Leverkusen,Borussia Monchengladbach,1,1,D,13.0,13.0,9.0,7.0,3.0,4.0,5.0,5.0,0.0,0.0,1.57,5.0,4.5,1.56,4.77,5.33,1835.4,1612.27,4.0,1.0,5.0,1.0
2526,2025-09-26,Bayern Munich,Werder Bremen,4,0,H,26.0,9.0,13.0,3.0,7.0,6.0,2.0,0.0,0.0,0.0,1.09,11.0,21.0,1.09,12.5,26.0,1932.27,1671.94,9.0,4.0,15.0,7.0
2526,2025-09-27,1. FC Heidenheim,FC Augsburg,2,1,H,11.0,8.0,5.0,2.0,3.0,2.0,1.0,6.0,0.0,0.0,2.7,3.5,2.5,2.77,3.65,2.51,1532.47,1608.7,0.0,0.0,0.0,3.0
2526,2025-09-27,FSV Mainz 05,Borussia Dortmund,0,2,A,8.0,10.0,2.0,4.0,7.0,5.0,2.0,1.0,1.0,0.0,3.2,3.7,2.1,3.32,3.79,2.13,1690.36,1826.21,4.0,9.0,5.0,13.0
2526,2025-09-27,FC St. Pauli,Bayer Leverkusen,1,2,A,13.0,5.0,6.0,4.0,13.0,1.0,3.0,5.0,0.0,0.0,3.1,3.6,2.2,3.28,3.55,2.24,1596.58,1828.68,6.0,5.0,7.0,6.0
2526,2025-09-27,VfL Wolfsburg,RB Leipzig,0,1,A,22.0,20.0,4.0,6.0,6.0,11.0,2.0,2.0,0.0,0.0,2.55,3.6,2.6,2.6,3.75,2.61,1646.36,1732.77,2.0,9.0,8.0,9.0
2526,2025-09-27,Borussia Monchengladbach,Eintracht Frankfurt,4,6,A,11.0,21.0,8.0,7.0,4.0,6.0,1.0,2.0,0.0,0.0,3.1,3.6,2.2,3.2,3.59,2.26,1618.99,1738.58,1.0,3.0,2.0,9.0
2526,2025-09-28,Union Berlin,Hamburger SV,0,0,D,11.0,16.0,2.0,6.0,5.0,3.0,2.0,2.0,0.0,1.0,1.95,3.4,4.0,1.99,3.7,3.82,1627.7,1553.95,3.0,3.0,9.0,4.0
2526,2025-09-28,1. FC Koln,VfB Stuttgart,1,2,A,14.0,15.0,6.0,5.0,8.0,8.0,2.0,2.0,0.0,0.0,2.9,3.5,2.35,2.91,3.68,2.39,1577.93,1710.09,4.0,6.0,10.0,9.0
2526,2025-09-28,SC Freiburg,TSG Hoffenheim,1,1,D,6.0,15.0,1.0,4.0,6.0,8.0,3.0,1.0,0.0,0.0,2.25,3.4,3.1,2.27,3.66,3.13,1681.6,1622.82,6.0,3.0,6.0,6.0
2526,2025-10-03,TSG Hoffenheim,1. FC Koln,0,1,A,15.0,10.0,4.0,4.0,11.0,6.0,3.0,1.0,0.0,0.0,1.91,3.7,3.75,1.93,3.98,3.79,1626.11,1569.98,4.0,1.0,7.0,7.0
2526,2025-10-04,FC Augsburg,VfL Wolfsburg,3,1,H,10.0,14.0,5.0,4.0,10.0,5.0,2.0,1.0,0.0,0.0,2.75,3.5,2.45,2.86,3.58,2.48,1598.24,1637.12,0.0,1.0,3.0,5.0
2526,2025-10-04,Borussia Dortmund,RB Leipzig,1,1,D,15.0,13.0,3.0,3.0,7.0,7.0,1.0,3.0,0.0,0.0,1.7,4.5,4.2,1.7,4.67,4.25,1834.06,1742.01,9.0,9.0,13.0,12.0
2526,2025-10-04,Bayer Leverkusen,Union Berlin,2,0,H,20.0,10.0,3.0,3.0,4.0,4.0,1.0,3.0,0.0,0.0,1.7,4.0,4.75,1.7,4.1,4.88,1834.09,1624.03,7.0,4.0,8.0,7.0
2526,2025-10-04,Werder Bremen,FC St. Pauli,1,0,H,15.0,13.0,5.0,3.0,4.0,1.0,3.0,1.0,0.0,0.0,2.35,3.7,2.88,2.43,3.67,2.87,1669.21,1591.17,3.0,3.0,4.0,7.0
2526,2025-10-04,Eintracht Frankfurt,Bayern Munich,0,3,A,6.0,12.0,1.0,3.0,4.0,3.0,1.0,2.0,0.0,0.0,6.25,5.25,1.42,6.14,5.53,1.44,1746.88,1935.0,3.0,9.0,9.0,15.0
2526,2025-10-05,Borussia Monchengladbach,SC Freiburg,0,0,D,9.0,12.0,5.0,1.0,4.0,1.0,3.0,1.0,0.0,0.0,2.25,3.6,3.0,2.36,3.57,3.04,1610.69,1678.3,1.0,7.0,2.0,7.0
2526,2025-10-05,Hamburger SV,FSV Mainz 05,4,0,H,15.0,11.0,9.0,4.0,1.0,4.0,2.0,3.0,0.0,0.0,2.8,3.5,2.4,2.89,3.53,2.48,1557.62,1682.51,4.0,3.0,5.0,4.0
2526,2025-10-05,VfB Stuttgart,1. FC Heidenheim,1,0,H,18.0,5.0,6.0,1.0,1.0,1.0,1.0,1.0,0.0,0.0,1.42,4.75,7.0,1.44,5.16,6.75,1718.04,1542.94,6.0,3.0,9.0,3.0
2526,2025-10-17,Union Berlin,Borussia Monchengladbach,3,1,H,16.0,8.0,5.0,2.0,6.0,6.0,5.0,3.0,0.0,0.0,2.2,3.4,3.2,2.24,3.5,3.31,1620.54,1610.91,4.0,2.0,4.0,2.0
2526,2025-10-18,1. FC Koln,FC Augsburg,1,1,D,9.0,10.0,2.0,4.0,5.0,2.0,2.0,2.0,0.0,0.0,1.95,3.9,3.5,2.0,3.96,3.56,1583.2,1607.63,3.0,3.0,7.0,3.0
2526,2025-10-18,1. FC Heidenheim,Werder Bremen,2,2,D,31.0,11.0,11.0,4.0,12.0,2.0,1.0,3.0,0.0,0.0,2.88,3.5,2.35,2.97,3.61,2.39,1538.84,1675.43,3.0,3.0,3.0,7.0
2526,2025-10-18,FSV Mainz 05,Bayer Leverkusen,3,4,A,12.0,20.0,4.0,8.0,2.0,3.0,4.0,4.0,0.0,0.0,2.8,3.4,2.45,2.83,3.46,2.56,1670.66,1837.58,3.0,7.0,4.0,11.0
2526,2025-10-18,RB Leipzig,Hamburger SV,2,1,H,10.0,15.0,4.0,3.0,3.0,5.0,3.0,1.0,0.0,0.0,1.44,4.75,6.5,1.43,5.37,6.59,1746.12,1569.47,7.0,7.0,13.0,7.0
2526,2025-10-18,VfL Wolfsburg,VfB Stuttgart,0,3,A,11.0,15.0,3.0,7.0,3.0,8.0,1.0,1.0,0.0,0.0,2.63,3.6,2.5,2.72,3.62,2.57,1627.73,1722.15,0.0,9.0,2.0,12.0
2526,2025-10-18,Bayern Munich,Borussia Dortmund,2,1,H,15.0,8.0,7.0,1.0,4.0,3.0,1.0,3.0,0.0,0.0,1.33,5.5,7.5,1.38,5.55,7.5,1941.47,1829.94,9.0,7.0,15.0,13.0
2526,2025-10-19,FC St. Pauli,TSG Hoffenheim,0,3,A,10.0,14.0,2.0,5.0,9.0,7.0,1.0,3.0,0.0,0.0,2.5,3.4,2.8,2.51,3.64,2.78,1584.94,1612.89,0.0,1.0,6.0,4.0
2526,2025-10-19,SC Freiburg,Eintracht Frankfurt,2,2,D,12.0,8.0,5.0,3.0,3.0,1.0,2.0,3.0,0.0,0.0,2.5,3.5,2.7,2.54,3.68,2.72,1678.09,1740.41,5.0,3.0,8.0,6.0
2526,2025-10-24,Werder Bremen,Union Berlin,1,0,H,16.0,12.0,3.0,2.0,5.0,6.0,4.0,0.0,0.0,0.0,2.25,3.6,2.9,2.33,3.63,3.09,1673.26,1628.57,4.0,4.0,7.0,7.0
2526,2025-10-25,FC Augsburg,RB Leipzig,0,6,A,15.0,15.0,2.0,8.0,2.0,3.0,3.0,1.0,0.0,0.0,3.2,3.9,2.05,3.29,4.06,2.07,1608.65,1750.2,4.0,7.0,4.0,13.0
2526,2025-10-25,Eintracht Frankfurt,FC St. Pauli,2,0,H,10.0,9.0,6.0,1.0,1.0,3.0,0.0,1.0,0.0,0.0,1.67,4.2,4.5,1.74,4.19,4.49,1740.34,1574.02,4.0,0.0,4.0,3.0
2526,2025-10-25,Hamburger SV,VfL Wolfsburg,0,1,A,27.0,6.0,6.0,2.0,11.0,1.0,1.0,5.0,0.0,0.0,2.35,3.5,2.9,2.4,3.73,2.88,1565.39,1618.72,4.0,0.0,7.0,1.0
2526,2025-10-25,TSG Hoffenheim,1. FC Heidenheim,3,1,H,14.0,12.0,7.0,3.0,7.0,5.0,1.0,1.0,0.0,0.0,1.57,4.5,5.25,1.6,4.45,5.32,1623.81,1541.0,4.0,4.0,7.0,4.0
2526,2025-10-25,Borussia Monchengladbach,Bayern Munich,0,3,A,1.0,27.0,0.0,11.0,1.0,8.0,0.0,3.0,1.0,0.0,10.0,6.5,1.22,11.5,7.11,1.23,1602.88,1946.9,1.0,9.0,2.0,15.0
2526,2025-10-25,Borussia Dortmund,1. FC Koln,1,0,H,27.0,5.0,9.0,0.0,17.0,2.0,2.0,2.0,0.0,0.0,1.44,5.25,6.5,1.46,4.96,6.64,1824.51,1582.18,4.0,4.0,10.0,5.0
2526,2025-10-26,Bayer Leverkusen,SC Freiburg,2,0,H,19.0,10.0,4.0,3.0,2.0,3.0,1.0,2.0,0.0,1.0,1.83,3.9,4.0,1.84,3.92,4.2,1844.6,1678.15,9.0,3.0,13.0,9.0
2526,2025-10-26,VfB Stuttgart,FSV Mainz 05,2,1,H,19.0,13.0,8.0,2.0,7.0,5.0,4.0,3.0,0.0,0.0,1.75,4.0,4.33,1.79,4.13,4.24,1731.16,1663.65,9.0,0.0,12.0,3.0
2526,2025-10-31,FC Augsburg,Borussia Dortmund,0,1,A,9.0,5.0,1.0,1.0,4.0,3.0,4.0,1.0,0.0,0.0,5.0,4.5,1.57,5.3,4.42,1.61,1600.95,1827.5,4.0,4.0,4.0,10.0
2526,2025-11-01,1. FC Heidenheim,Eintracht Frankfurt,1,1,D,9.0,16.0,4.0,3.0,2.0,8.0,0.0,2.0,0.0,0.0,3.6,4.0,1.9,3.69,4.18,1.9,1534.9,1744.61,1.0,4.0,4.0,7.0
2526,2025-11-01,FSV Mainz 05,Werder Bremen,1,1,D,10.0,5.0,5.0,3.0,2.0,0.0,1.0,3.0,0.0,0.0,1.95,3.9,3.5,2.02,3.92,3.51,1657.16,1680.34,0.0,7.0,3.0,7.0
2526,2025-11-01,RB Leipzig,VfB Stuttgart,3,1,H,16.0,14.0,9.0,4.0,5.0,5.0,1.0,2.0,0.0,0.0,1.95,3.9,3.5,2.02,3.88,3.55,1757.9,1737.65,7.0,9.0,13.0,15.0
2526,2025-11-01,FC St. Pauli,Borussia Monchengladbach,0,4,A,16.0,15.0,4.0,11.0,8.0,1.0,4.0,0.0,0.0,0.0,2.15,3.5,3.3,2.2,3.51,3.4,1569.75,1599.62,0.0,1.0,0.0,2.0
2526,2025-11-01,Union Berlin,SC Freiburg,0,0,D,11.0,13.0,2.0,4.0,5.0,5.0,6.0,1.0,0.0,0.0,2.5,3.3,2.75,2.65,3.27,2.86,1621.49,1673.88,3.0,2.0,7.0,6.0
2526,2025-11-01,Bayern Munich,Bayer Leverkusen,3,0,H,18.0,7.0,4.0,1.0,10.0,4.0,1.0,1.0,0.0,0.0,1.22,7.0,9.5,1.23,7.43,10.66,1950.16,1848.87,9.0,9.0,15.0,13.0
2526,2025-11-02,1. FC Koln,Hamburger SV,4,1,H,23.0,11.0,10.0,5.0,2.0,3.0,1.0,6.0,0.0,2.0,2.1,3.7,3.2,2.18,3.67,3.29,1579.19,1555.2,4.0,3.0,4.0,7.0
2526,2025-11-02,VfL Wolfsburg,TSG Hoffenheim,2,3,A,12.0,10.0,6.0,4.0,2.0,2.0,0.0,2.0,0.0,0.0,2.75,3.9,2.3,2.77,3.78,2.45,1628.91,1629.92,3.0,6.0,3.0,7.0
2526,2025-11-07,Werder Bremen,VfL Wolfsburg,2,1,H,20.0,7.0,7.0,4.0,13.0,3.0,2.0,0.0,0.0,0.0,2.15,3.6,3.1,2.23,3.84,3.13,1681.39,1617.23,5.0,3.0,8.0,3.0
2526,2025-11-08,Borussia Monchengladbach,1. FC Koln,3,1,H,9.0,19.0,4.0,5.0,2.0,6.0,2.0,3.0,0.0,0.0,2.2,3.6,3.1,2.28,3.65,3.11,1610.49,1586.82,3.0,4.0,4.0,7.0
2526,2025-11-08,Union Berlin,Bayern Munich,2,2,D,12.0,12.0,4.0,4.0,6.0,5.0,2.0,4.0,0.0,0.0,13.0,7.0,1.2,12.56,7.33,1.21,1621.27,1955.83,4.0,9.0,5.0,15.0
2526,2025-11-08,TSG Hoffenheim,RB Leipzig,3,1,H,12.0,17.0,4.0,5.0,5.0,5.0,3.0,2.0,0.0,0.0,2.6,3.9,2.4,2.71,3.97,2.43,1641.6,1765.63,9.0,9.0,10.0,13.0
2526,2025-11-08,Hamburger SV,Borussia Dortmund,1,1,D,9.0,17.0,3.0,1.0,2.0,6.0,1.0,1.0,0.0,0.0,4.33,4.2,1.7,4.58,4.28,1.71,1547.57,1833.04,0.0,6.0,4.0,10.0
2526,2025-11-08,Bayer Leverkusen,1. FC Heidenheim,6,0,H,25.0,1.0,10.0,0.0,11.0,1.0,0.0,1.0,0.0,0.0,1.4,5.0,6.5,1.41,5.1,7.57,1843.2,1538.96,6.0,2.0,12.0,5.0
2526,2025-11-09,SC Freiburg,FC St. Pauli,2,1,H,8.0,7.0,4.0,2.0,9.0,3.0,2.0,2.0,0.0,0.0,1.83,3.5,4.5,1.87,3.61,4.48,1674.1,1558.88,2.0,0.0,4.0,0.0
2526,2025-11-09,VfB Stuttgart,FC Augsburg,3,2,H,17.0,17.0,6.0,6.0,4.0,4.0,2.0,3.0,0.0,0.0,1.55,4.33,5.75,1.54,4.63,5.84,1729.92,1595.41,6.0,1.0,12.0,4.0
2526,2025-11-09,Eintracht Frankfurt,FSV Mainz 05,1,0,H,14.0,3.0,4.0,0.0,4.0,3.0,0.0,5.0,0.0,0.0,1.83,4.0,3.9,1.87,4.11,3.9,1740.55,1656.1,5.0,1.0,8.0,1.0
2526,2025-11-21,FSV Mainz 05,TSG Hoffenheim,1,1,D,17.0,19.0,3.0,5.0,7.0,4.0,3.0,2.0,1.0,0.0,2.6,3.6,2.7,2.59,3.6,2.71,1650.04,1653.42,1.0,9.0,1.0,12.0
2526,2025-11-22,VfL Wolfsburg,Bayer Leverkusen,1,3,A,21.0,7.0,10.0,3.0,9.0,1.0,2.0,1.0,0.0,0.0,3.5,3.75,2.0,3.59,3.82,2.02,1610.66,1845.39,3.0,6.0,3.0,12.0
2526,2025-11-22,1. FC Koln,Eintracht Frankfurt,3,4,A,11.0,11.0,5.0,7.0,3.0,3.0,0.0,0.0,0.0,0.0,3.0,3.75,2.2,3.1,3.79,2.23,1579.18,1746.62,3.0,7.0,7.0,8.0
2526,2025-11-22,1. FC Heidenheim,Borussia Monchengladbach,0,3,A,7.0,16.0,2.0,4.0,4.0,5.0,2.0,0.0,0.0,0.0,3.2,3.6,2.15,3.18,3.72,2.22,1536.77,1618.12,1.0,6.0,2.0,7.0
2526,2025-11-22,Bayern Munich,SC Freiburg,6,2,H,22.0,8.0,8.0,2.0,3.0,5.0,1.0,0.0,0.0,0.0,1.17,8.0,13.0,1.19,7.45,14.94,1949.24,1679.44,7.0,4.0,13.0,6.0
2526,2025-11-22,FC Augsburg,Hamburger SV,1,0,H,13.0,15.0,6.0,6.0,4.0,3.0,2.0,3.0,1.0,0.0,2.35,3.5,2.9,2.39,3.67,2.92,1590.49,1553.28,0.0,1.0,4.0,4.0
2526,2025-11-22,Borussia Dortmund,VfB Stuttgart,3,3,D,14.0,16.0,6.0,6.0,2.0,4.0,1.0,1.0,0.0,0.0,1.75,4.0,4.33,1.79,4.11,4.25,1827.33,1734.84,7.0,6.0,8.0,12.0
2526,2025-11-23,RB Leipzig,Werder Bremen,2,0,H,22.0,15.0,13.0,6.0,13.0,7.0,1.0,2.0,0.0,0.0,1.45,5.0,6.0,1.45,5.25,6.38,1753.8,1687.97,6.0,7.0,10.0,11.0
2526,2025-11-23,FC St. Pauli,Union Berlin,0,1,A,12.0,8.0,3.0,3.0,8.0,2.0,1.0,1.0,0.0,0.0,2.45,3.3,2.9,2.54,3.29,2.98,1553.54,1627.86,0.0,2.0,0.0,5.0
2526,2025-11-28,Borussia Monchengladbach,RB Leipzig,0,0,D,8.0,20.0,1.0,4.0,5.0,6.0,0.0,3.0,0.0,0.0,2.88,3.7,2.3,2.92,3.91,2.32,1627.51,1760.33,9.0,6.0,9.0,12.0
2526,2025-11-29,Werder Bremen,1. FC Koln,1,1,D,17.0,10.0,4.0,2.0,4.0,0.0,2.0,4.0,1.0,0.0,2.25,3.8,2.9,2.28,3.9,2.96,1681.44,1572.18,4.0,3.0,8.0,4.0
2526,2025-11-29,Bayern Munich,FC St. Pauli,3,1,H,19.0,10.0,4.0,1.0,10.0,2.0,1.0,1.0,0.0,0.0,1.1,10.0,21.0,1.1,10.2,29.77,1951.85,1543.95,7.0,0.0,13.0,0.0
2526,2025-11-29,TSG Hoffenheim,FC Augsburg,3,0,H,17.0,14.0,3.0,4.0,7.0,2.0,1.0,0.0,0.0,0.0,1.67,4.33,4.5,1.68,4.5,4.6,1655.04,1597.76,7.0,3.0,13.0,4.0
2526,2025-11-29,Union Berlin,1. FC Heidenheim,1,2,A,9.0,10.0,2.0,2.0,5.0,5.0,3.0,2.0,0.0,0.0,1.67,4.0,5.0,1.66,4.05,5.34,1637.45,1527.38,5.0,1.0,8.0,2.0
2526,2025-11-29,Bayer Leverkusen,Borussia Dortmund,1,2,A,14.0,7.0,4.0,4.0,10.0,3.0,3.0,4.0,0.0,0.0,2.55,3.6,2.63,2.54,3.77,2.67,1850.75,1823.2,6.0,5.0,12.0,8.0
2526,2025-11-30,Hamburger SV,VfB Stuttgart,2,1,H,9.0,14.0,2.0,3.0,4.0,6.0,2.0,4.0,1.0,0.0,3.0,3.75,2.2,3.17,3.76,2.21,1546.0,1738.97,1.0,4.0,1.0,10.0
2526,2025-11-30,Eintracht Frankfurt,VfL Wolfsburg,1,1,D,15.0,10.0,3.0,3.0,14.0,1.0,1.0,4.0,0.0,0.0,1.73,4.2,4.2,1.75,4.28,4.33,1753.62,1605.3,7.0,0.0,11.0,3.0
2526,2025-11-30,SC Freiburg,FSV Mainz 05,4,0,H,23.0,1.0,10.0,1.0,6.0,2.0,0.0,2.0,0.0,1.0,1.91,3.4,4.2,1.93,3.55,4.27,1676.84,1648.42,4.0,2.0,5.0,2.0
2526,2025-12-05,FSV Mainz 05,Borussia Monchengladbach,0,1,A,8.0,14.0,2.0,5.0,8.0,6.0,2.0,1.0,0.0,0.0,2.55,3.4,2.63,2.68,3.55,2.69,1640.91,1629.58,1.0,7.0,2.0,10.0
2526,2025-12-06,VfL Wolfsburg,Union Berlin,3,1,H,4.0,21.0,3.0,6.0,0.0,11.0,4.0,1.0,0.0,0.0,2.15,3.4,3.5,2.17,3.44,3.53,1610.67,1622.91,1.0,4.0,4.0,5.0
2526,2025-12-06,RB Leipzig,Eintracht Frankfurt,6,0,H,16.0,8.0,7.0,2.0,4.0,0.0,1.0,2.0,0.0,0.0,1.73,4.2,4.2,1.79,4.24,4.13,1758.27,1748.26,4.0,7.0,10.0,11.0
2526,2025-12-06,VfB Stuttgart,Bayern Munich,0,5,A,13.0,19.0,1.0,11.0,3.0,4.0,2.0,4.0,1.0,0.0,5.75,5.0,1.45,5.4,5.21,1.51,1725.32,1953.12,4.0,7.0,7.0,13.0
2526,2025-12-06,1. FC Heidenheim,SC Freiburg,2,1,H,16.0,16.0,3.0,2.0,8.0,6.0,2.0,1.0,0.0,0.0,3.9,3.6,1.91,4.03,3.65,1.95,1541.92,1684.35,3.0,6.0,4.0,7.0
2526,2025-12-06,1. FC Koln,FC St. Pauli,1,1,D,11.0,5.0,8.0,1.0,5.0,4.0,0.0,1.0,0.0,0.0,1.95,3.6,3.8,1.99,3.69,3.82,1576.7,1542.68,1.0,0.0,4.0,0.0
2526,2025-12-06,FC Augsburg,Bayer Leverkusen,2,0,H,13.0,20.0,6.0,2.0,5.0,7.0,4.0,3.0,0.0,0.0,3.7,4.0,1.9,3.82,3.94,1.93,1591.02,1838.28,3.0,6.0,3.0,9.0
2526,2025-12-07,Hamburger SV,Werder Bremen,3,2,H,12.0,10.0,6.0,3.0,5.0,3.0,1.0,6.0,0.0,0.0,2.25,3.5,3.0,2.36,3.62,3.0,1559.66,1676.92,4.0,4.0,4.0,8.0
2526,2025-12-07,Borussia Dortmund,TSG Hoffenheim,2,0,H,8.0,11.0,4.0,3.0,7.0,5.0,0.0,2.0,0.0,0.0,1.62,4.5,4.75,1.63,4.55,4.89,1835.67,1661.78,5.0,7.0,11.0,13.0
2526,2025-12-12,Union Berlin,RB Leipzig,3,1,H,12.0,9.0,6.0,3.0,4.0,6.0,2.0,2.0,0.0,0.0,3.2,3.5,2.2,3.27,3.47,2.31,1614.27,1766.28,3.0,7.0,5.0,10.0
2526,2025-12-13,Eintracht Frankfurt,FC Augsburg,1,0,H,11.0,12.0,4.0,1.0,2.0,6.0,2.0,3.0,0.0,0.0,1.7,4.2,4.33,1.72,4.27,4.51,1740.24,1605.94,4.0,6.0,8.0,6.0
2526,2025-12-13,TSG Hoffenheim,Hamburger SV,4,1,H,10.0,14.0,6.0,5.0,3.0,3.0,1.0,3.0,0.0,0.0,1.7,4.33,4.2,1.72,4.33,4.47,1657.65,1571.29,4.0,6.0,10.0,7.0
2526,2025-12-13,Borussia Monchengladbach,VfL Wolfsburg,1,3,A,14.0,11.0,4.0,6.0,6.0,3.0,0.0,1.0,0.0,0.0,1.95,3.8,3.6,1.98,3.85,3.69,1641.6,1619.3,7.0,4.0,13.0,4.0
2526,2025-12-13,FC St. Pauli,1. FC Heidenheim,2,1,H,8.0,20.0,5.0,7.0,4.0,11.0,2.0,3.0,1.0,0.0,1.95,3.4,4.0,1.98,3.45,4.18,1545.33,1554.25,1.0,6.0,1.0,7.0
2526,2025-12-13,Bayer Leverkusen,1. FC Koln,2,0,H,17.0,6.0,6.0,4.0,8.0,3.0,2.0,1.0,0.0,0.0,1.55,4.33,5.25,1.57,4.68,5.33,1823.36,1574.06,3.0,2.0,6.0,5.0
2526,2025-12-14,SC Freiburg,Borussia Dortmund,1,1,D,21.0,9.0,6.0,4.0,6.0,0.0,3.0,2.0,0.0,1.0,3.25,3.5,2.15,3.32,3.59,2.2,1672.02,1839.8,3.0,7.0,7.0,11.0
2526,2025-12-14,Bayern Munich,FSV Mainz 05,2,2,D,24.0,5.0,11.0,2.0,7.0,0.0,2.0,2.0,0.0,0.0,1.09,11.0,21.0,1.09,12.74,21.79,1958.63,1628.89,9.0,1.0,13.0,2.0
2526,2025-12-14,Werder Bremen,VfB Stuttgart,0,4,A,9.0,24.0,3.0,12.0,0.0,9.0,2.0,0.0,1.0,0.0,2.9,3.8,2.25,2.91,3.92,2.3,1665.28,1719.8,1.0,1.0,5.0,4.0
2526,2025-12-19,Borussia Dortmund,Borussia Monchengladbach,2,0,H,10.0,6.0,4.0,1.0,6.0,4.0,2.0,1.0,0.0,0.0,1.55,4.5,5.5,1.56,4.56,5.68,1836.79,1629.27,7.0,4.0,9.0,10.0
2526,2025-12-20,RB Leipzig,Bayer Leverkusen,1,3,A,19.0,15.0,7.0,8.0,2.0,8.0,1.0,2.0,0.0,0.0,2.1,3.8,3.2,2.15,3.8,3.28,1753.69,1826.24,4.0,3.0,7.0,9.0
2526,2025-12-20,VfB Stuttgart,TSG Hoffenheim,0,0,D,10.0,4.0,3.0,1.0,4.0,2.0,3.0,2.0,0.0,0.0,2.0,3.8,3.4,2.07,3.86,3.42,1729.96,1663.67,3.0,6.0,7.0,10.0
2526,2025-12-20,VfL Wolfsburg,SC Freiburg,3,4,A,13.0,15.0,6.0,8.0,2.0,6.0,1.0,1.0,0.0,0.0,2.5,3.6,2.75,2.57,3.55,2.76,1631.63,1675.03,7.0,4.0,7.0,7.0
2526,2025-12-20,1. FC Koln,Union Berlin,0,1,A,13.0,11.0,2.0,3.0,3.0,6.0,2.0,5.0,1.0,0.0,2.3,3.3,3.1,2.37,3.4,3.15,1571.17,1626.86,2.0,3.0,2.0,7.0
2526,2025-12-20,Hamburger SV,Eintracht Frankfurt,1,1,D,9.0,9.0,3.0,3.0,5.0,5.0,0.0,0.0,0.0,0.0,2.6,3.6,2.55,2.71,3.55,2.51,1565.27,1745.17,6.0,4.0,7.0,10.0
2526,2025-12-20,FC Augsburg,Werder Bremen,0,0,D,14.0,9.0,6.0,0.0,6.0,11.0,3.0,4.0,0.0,0.0,2.25,3.5,3.1,2.28,3.56,3.19,1601.01,1655.13,3.0,1.0,6.0,4.0
2526,2025-12-21,FSV Mainz 05,FC St. Pauli,0,0,D,13.0,5.0,1.0,1.0,9.0,5.0,1.0,1.0,0.0,0.0,1.95,3.4,4.1,1.98,3.5,4.11,1636.97,1553.87,1.0,4.0,2.0,4.0
2526,2025-12-21,1. FC Heidenheim,Bayern Munich,0,4,A,8.0,23.0,1.0,11.0,0.0,6.0,0.0,0.0,0.0,0.0,13.0,9.5,1.14,17.17,10.24,1.13,1545.71,1950.55,6.0,7.0,6.0,11.0
2526,2026-01-09,Eintracht Frankfurt,Borussia Dortmund,3,3,D,12.0,16.0,6.0,6.0,2.0,5.0,3.0,3.0,0.0,0.0,3.6,3.8,1.95,3.62,3.85,2.03,1741.85,1840.32,4.0,7.0,8.0,11.0
2526,2026-01-10,Union Berlin,FSV Mainz 05,2,2,D,17.0,9.0,5.0,6.0,2.0,1.0,2.0,0.0,0.0,0.0,2.15,3.25,3.7,2.14,3.2,3.92,1636.99,1633.07,6.0,2.0,9.0,3.0
2526,2026-01-10,Bayer Leverkusen,VfB Stuttgart,1,4,A,16.0,10.0,4.0,7.0,5.0,3.0,4.0,2.0,0.0,0.0,1.95,4.1,3.4,1.95,4.05,3.63,1835.88,1726.48,6.0,4.0,9.0,5.0
2526,2026-01-10,SC Freiburg,Hamburger SV,2,1,H,20.0,10.0,7.0,5.0,0.0,3.0,3.0,5.0,0.0,1.0,1.8,3.6,4.5,1.81,3.56,4.95,1685.5,1568.59,4.0,4.0,7.0,7.0
2526,2026-01-10,1. FC Heidenheim,1. FC Koln,2,2,D,14.0,21.0,6.0,9.0,5.0,4.0,2.0,1.0,0.0,0.0,2.9,3.5,2.38,2.95,3.58,2.41,1543.3,1561.05,3.0,1.0,6.0,2.0
2526,2026-01-11,Borussia Monchengladbach,FC Augsburg,4,0,H,12.0,17.0,7.0,2.0,2.0,2.0,0.0,1.0,0.0,0.0,1.85,3.8,4.0,1.93,3.73,4.04,1625.74,1600.84,3.0,4.0,7.0,7.0
2526,2026-01-11,Bayern Munich,VfL Wolfsburg,8,1,H,16.0,8.0,10.0,3.0,6.0,2.0,0.0,1.0,0.0,0.0,1.11,11.0,17.0,1.1,12.15,18.99,1952.96,1621.15,7.0,6.0,13.0,7.0
2526,2026-01-13,VfB Stuttgart,Eintracht Frankfurt,3,2,H,20.0,12.0,11.0,5.0,10.0,2.0,2.0,2.0,0.0,0.0,1.73,4.2,4.2,1.81,4.01,4.25,1741.0,1742.95,7.0,5.0,7.0,6.0
2526,2026-01-13,Borussia Dortmund,Werder Bremen,3,0,H,18.0,6.0,8.0,3.0,3.0,3.0,2.0,0.0,0.0,0.0,1.4,5.0,7.0,1.36,5.64,7.94,1839.22,1655.3,5.0,1.0,11.0,2.0
2526,2026-01-13,FSV Mainz 05,1. FC Heidenheim,2,1,H,13.0,15.0,6.0,4.0,4.0,1.0,2.0,2.0,0.0,0.0,1.75,3.8,4.33,1.67,3.85,5.58,1634.89,1542.09,3.0,1.0,3.0,7.0
2526,2026-01-14,RB Leipzig,SC Freiburg,2,0,H,21.0,3.0,7.0,1.0,7.0,2.0,0.0,4.0,0.0,0.0,1.7,4.0,4.5,1.72,4.16,4.63,1744.05,1690.81,3.0,7.0,7.0,10.0
2526,2026-01-14,VfL Wolfsburg,FC St. Pauli,2,1,H,13.0,9.0,5.0,4.0,7.0,4.0,1.0,2.0,0.0,0.0,1.91,3.7,3.8,1.9,3.75,4.14,1619.25,1557.77,3.0,5.0,7.0,5.0
2526,2026-01-14,1. FC Koln,Bayern Munich,1,3,A,8.0,19.0,3.0,8.0,4.0,6.0,0.0,0.0,0.0,0.0,10.5,7.5,1.22,9.41,6.82,1.26,1562.26,1954.86,1.0,7.0,3.0,13.0
2526,2026-01-14,TSG Hoffenheim,Borussia Monchengladbach,5,1,H,18.0,7.0,10.0,5.0,6.0,2.0,1.0,1.0,0.0,0.0,1.85,3.9,3.8,1.85,4.05,4.05,1667.16,1633.35,4.0,3.0,8.0,7.0
2526,2026-01-15,FC Augsburg,Union Berlin,1,1,D,9.0,16.0,5.0,3.0,3.0,3.0,1.0,0.0,0.0,1.0,2.6,3.2,2.8,2.63,3.26,2.89,1593.24,1635.17,1.0,7.0,4.0,7.0
2526,2026-01-16,Werder Bremen,Eintracht Frankfurt,3,3,D,13.0,8.0,4.0,4.0,4.0,1.0,1.0,4.0,0.0,0.0,2.7,3.5,2.5,,,,1651.35,1734.61,1.0,2.0,2.0,5.0
2526,2026-01-17,Borussia Dortmund,FC St. Pauli,3,2,H,10.0,9.0,6.0,5.0,5.0,5.0,3.0,1.0,0.0,0.0,1.33,5.25,10.0,,,,1843.16,1551.13,7.0,4.0,11.0,5.0
2526,2026-01-17,1. FC Koln,FSV Mainz 05,2,1,H,20.0,11.0,6.0,7.0,9.0,5.0,4.0,4.0,0.0,0.0,2.15,3.5,3.25,,,,1559.69,1640.75,1.0,5.0,2.0,6.0
2526,2026-01-17,Hamburger SV,Borussia Monchengladbach,0,0,D,25.0,6.0,12.0,0.0,2.0,5.0,1.0,2.0,0.0,0.0,2.45,3.5,2.8,,,,1563.28,1625.98,1.0,3.0,7.0,6.0
2526,2026-01-17,TSG Hoffenheim,Bayer Leverkusen,1,0,H,19.0,8.0,8.0,2.0,3.0,5.0,2.0,1.0,0.0,0.0,2.4,3.8,2.7,,,,1674.52,1821.36,7.0,6.0,10.0,6.0
2526,2026-01-17,VfL Wolfsburg,1. FC Heidenheim,1,1,D,13.0,13.0,4.0,3.0,9.0,6.0,4.0,3.0,0.0,0.0,1.67,4.0,5.0,,,,1625.89,1536.22,3.0,1.0,9.0,4.0
2526,2026-01-17,RB Leipzig,Bayern Munich,1,5,A,17.0,19.0,4.0,12.0,5.0,9.0,1.0,0.0,0.0,0.0,5.0,4.75,1.55,,,,1750.9,1957.43,3.0,9.0,7.0,13.0
2526,2026-01-18,VfB Stuttgart,Union Berlin,1,1,D,13.0,20.0,4.0,3.0,3.0,8.0,1.0,1.0,0.0,0.0,1.65,3.9,5.25,,,,1749.34,1635.69,7.0,5.0,10.0,8.0
2526,2026-01-18,FC Augsburg,SC Freiburg,2,2,D,13.0,12.0,5.0,5.0,9.0,6.0,3.0,2.0,0.0,0.0,2.9,3.3,2.45,,,,1592.72,1683.96,2.0,6.0,5.0,7.0
2526,2026-01-23,FC St. Pauli,Hamburger SV,0,0,D,8.0,5.0,3.0,2.0,5.0,4.0,1.0,1.0,0.0,0.0,2.88,2.9,2.75,,,,1548.8,1563.36,1.0,2.0,5.0,5.0
2526,2026-01-24,Union Berlin,Borussia Dortmund,0,3,A,10.0,15.0,3.0,5.0,7.0,2.0,0.0,1.0,0.0,0.0,3.6,3.5,2.05,,,,1640.31,1845.49,3.0,7.0,9.0,11.0
2526,2026-01-24,FSV Mainz 05,VfL Wolfsburg,3,1,H,20.0,7.0,9.0,2.0,15.0,1.0,3.0,2.0,0.0,0.0,2.3,3.5,3.0,,,,1630.15,1621.83,4.0,4.0,6.0,7.0
2526,2026-01-24,Bayer Leverkusen,Werder Bremen,1,0,H,13.0,17.0,4.0,3.0,5.0,5.0,2.0,3.0,0.0,0.0,1.62,4.2,5.25,,,,1808.91,1652.02,3.0,2.0,6.0,2.0
2526,2026-01-24,1. FC Heidenheim,RB Leipzig,0,3,A,7.0,11.0,2.0,8.0,4.0,0.0,1.0,0.0,0.0,0.0,5.0,4.5,1.57,,,,1540.28,1744.89,2.0,3.0,2.0,6.0
2526,2026-01-24,Eintracht Frankfurt,TSG Hoffenheim,1,3,A,9.0,10.0,3.0,5.0,6.0,6.0,0.0,4.0,0.0,0.0,2.8,3.75,2.3,,,,1733.94,1686.97,2.0,7.0,6.0,10.0
2526,2026-01-24,Bayern Munich,FC Augsburg,1,2,A,15.0,16.0,6.0,6.0,9.0,3.0,1.0,1.0,0.0,0.0,1.1,12.0,17.0,,,,1963.45,1593.62,9.0,2.0,13.0,3.0
2526,2026-01-25,Borussia Monchengladbach,VfB Stuttgart,0,3,A,12.0,17.0,3.0,8.0,1.0,4.0,1.0,1.0,0.0,0.0,3.0,3.75,2.2,,,,1625.91,1744.72,4.0,7.0,4.0,11.0
2526,2026-01-25,SC Freiburg,1. FC Koln,2,1,H,13.0,19.0,5.0,4.0,5.0,5.0,1.0,2.0,0.0,0.0,1.9,3.75,3.8,,,,1683.06,1570.3,4.0,4.0,8.0,4.0
2526,2026-01-27,FC St. Pauli,RB Leipzig,1,1,D,7.0,12.0,2.0,5.0,4.0,3.0,0.0,1.0,0.0,0.0,4.5,3.5,1.8,,,,1547.5,1750.95,1.0,6.0,5.0,6.0
2526,2026-01-27,Werder Bremen,TSG Hoffenheim,0,2,A,26.0,12.0,3.0,3.0,6.0,7.0,2.0,2.0,0.0,1.0,3.7,3.6,2.0,,,,1647.56,1699.95,1.0,9.0,2.0,13.0
2526,2026-01-30,1. FC Koln,VfL Wolfsburg,1,0,H,15.0,14.0,3.0,3.0,3.0,4.0,1.0,4.0,0.0,0.0,1.95,3.8,3.5,,,,1564.9,1613.77,3.0,4.0,4.0,4.0
2526,2026-01-31,Hamburger SV,Bayern Munich,2,2,D,14.0,13.0,4.0,7.0,3.0,9.0,6.0,4.0,0.0,0.0,8.0,6.5,1.29,,,,1564.66,1945.0,2.0,6.0,3.0,12.0
2526,2026-01-31,Werder Bremen,Borussia Monchengladbach,1,1,D,18.0,7.0,6.0,2.0,7.0,3.0,0.0,1.0,0.0,0.0,2.45,3.6,2.75,,,,1637.34,1617.58,1.0,1.0,2.0,4.0
2526,2026-01-31,RB Leipzig,FSV Mainz 05,1,2,A,15.0,11.0,4.0,4.0,5.0,4.0,0.0,4.0,0.0,0.0,1.55,4.5,5.5,,,,1747.04,1638.21,4.0,6.0,7.0,8.0
2526,2026-01-31,FC Augsburg,FC St. Pauli,2,1,H,12.0,17.0,6.0,5.0,5.0,5.0,3.0,1.0,0.0,0.0,2.0,3.3,4.1,,,,1612.06,1551.41,5.0,2.0,6.0,3.0
2526,2026-01-31,Eintracht Frankfurt,Bayer Leverkusen,1,3,A,11.0,11.0,4.0,4.0,8.0,3.0,3.0,1.0,1.0,0.0,3.0,3.8,2.2,,,,1720.95,1813.37,1.0,3.0,3.0,9.0
2526,2026-01-31,TSG Hoffenheim,Union Berlin,3,1,H,9.0,16.0,4.0,3.0,3.0,10.0,2.0,2.0,0.0,0.0,1.8,3.8,4.33,,,,1710.17,1634.26,9.0,2.0,13.0,6.0
2526,2026-02-01,VfB Stuttgart,SC Freiburg,1,0,H,18.0,11.0,7.0,2.0,6.0,2.0,3.0,1.0,0.0,0.0,1.67,4.1,4.75,,,,1753.05,1688.46,7.0,4.0,11.0,10.0
2526,2026-02-01,Borussia Dortmund,1. FC Heidenheim,3,2,H,19.0,12.0,5.0,3.0,12.0,3.0,2.0,2.0,0.0,0.0,1.22,6.5,12.0,,,,1851.54,1534.22,9.0,1.0,13.0,2.0
2526,2026-02-06,Union Berlin,Eintracht Frankfurt,1,1,D,11.0,3.0,3.0,1.0,5.0,2.0,4.0,3.0,0.0,1.0,2.0,3.5,3.6,,,,1627.98,1711.88,1.0,1.0,3.0,2.0
2526,2026-02-07,Borussia Monchengladbach,Bayer Leverkusen,1,1,D,9.0,10.0,6.0,2.0,2.0,2.0,2.0,3.0,0.0,0.0,3.5,3.75,2.0,,,,1619.84,1822.44,2.0,6.0,5.0,9.0
2526,2026-02-07,VfL Wolfsburg,Borussia Dortmund,1,2,A,12.0,21.0,2.0,4.0,4.0,8.0,1.0,1.0,0.0,0.0,4.2,4.2,1.73,,,,1604.09,1853.59,1.0,9.0,4.0,13.0
2526,2026-02-07,FC St. Pauli,VfB Stuttgart,2,1,H,15.0,7.0,7.0,3.0,5.0,5.0,0.0,2.0,0.0,0.0,4.33,3.75,1.8,,,,1544.75,1759.61,2.0,7.0,2.0,13.0
2526,2026-02-07,1. FC Heidenheim,Hamburger SV,0,2,A,20.0,14.0,4.0,5.0,10.0,8.0,0.0,2.0,0.0,0.0,2.88,3.5,2.45,,,,1532.17,1571.93,1.0,3.0,2.0,4.0
2526,2026-02-07,SC Freiburg,Werder Bremen,1,0,H,7.0,17.0,2.0,5.0,4.0,8.0,0.0,1.0,1.0,0.0,1.83,3.75,4.2,,,,1681.9,1635.09,4.0,1.0,7.0,2.0
2526,2026-02-07,FSV Mainz 05,FC Augsburg,2,0,H,10.0,14.0,6.0,6.0,6.0,4.0,2.0,2.0,0.0,0.0,2.05,3.6,3.5,,,,1652.72,1618.72,6.0,7.0,10.0,8.0
2526,2026-02-08,1. FC Koln,RB Leipzig,1,2,A,10.0,19.0,3.0,4.0,4.0,3.0,1.0,4.0,0.0,0.0,3.25,3.8,2.1,,,,1574.58,1732.53,6.0,4.0,7.0,7.0
2526,2026-02-08,Bayern Munich,TSG Hoffenheim,5,1,H,27.0,9.0,14.0,4.0,8.0,3.0,2.0,2.0,0.0,1.0,1.29,7.0,7.5,,,,1937.73,1716.45,4.0,9.0,10.0,15.0
2526,2026-02-13,Borussia Dortmund,FSV Mainz 05,4,0,H,14.0,10.0,8.0,5.0,7.0,2.0,3.0,2.0,0.0,0.0,1.53,4.5,5.5,,,,1858.62,1660.08,9.0,9.0,15.0,12.0
2526,2026-02-14,Werder Bremen,Bayern Munich,0,3,A,14.0,11.0,3.0,8.0,2.0,4.0,3.0,1.0,0.0,0.0,8.0,6.0,1.3,,,,1628.07,1941.04,1.0,4.0,2.0,10.0
2526,2026-02-14,VfB Stuttgart,1. FC Koln,3,1,H,13.0,10.0,4.0,3.0,2.0,5.0,4.0,1.0,0.0,0.0,1.45,4.75,6.5,,,,1745.42,1567.32,6.0,3.0,10.0,6.0
2526,2026-02-14,Bayer Leverkusen,FC St. Pauli,4,0,H,12.0,11.0,7.0,1.0,8.0,3.0,0.0,1.0,0.0,0.0,1.45,3.75,6.5,,,,1818.55,1558.93,7.0,4.0,7.0,5.0
2526,2026-02-14,Eintracht Frankfurt,Borussia Monchengladbach,3,0,H,12.0,20.0,9.0,3.0,2.0,8.0,3.0,2.0,0.0,0.0,1.95,3.5,4.0,,,,1711.2,1623.73,1.0,2.0,2.0,3.0
2526,2026-02-14,Hamburger SV,Union Berlin,3,2,H,13.0,12.0,4.0,5.0,6.0,3.0,3.0,0.0,0.0,0.0,2.5,3.25,2.9,,,,1582.51,1628.67,5.0,1.0,6.0,3.0
2526,2026-02-14,TSG Hoffenheim,SC Freiburg,3,0,H,25.0,13.0,7.0,3.0,6.0,6.0,3.0,1.0,0.0,0.0,1.73,3.9,4.5,,,,1713.14,1688.92,6.0,6.0,12.0,7.0
2526,2026-02-15,FC Augsburg,1. FC Heidenheim,1,0,H,12.0,16.0,4.0,2.0,4.0,5.0,1.0,2.0,0.0,0.0,1.85,3.6,4.2,,,,1611.36,1521.59,6.0,0.0,8.0,1.0
2526,2026-02-15,RB Leipzig,VfL Wolfsburg,2,2,D,20.0,10.0,10.0,3.0,6.0,2.0,1.0,2.0,0.0,0.0,1.44,4.75,6.5,,,,1739.78,1599.06,4.0,0.0,7.0,4.0
2526,2026-02-20,FSV Mainz 05,Hamburger SV,1,1,D,17.0,14.0,3.0,5.0,7.0,2.0,3.0,2.0,0.0,0.0,2.1,3.4,3.5,,,,1656.39,1592.11,6.0,7.0,9.0,9.0
2526,2026-02-21,Bayern Munich,Eintracht Frankfurt,3,2,H,24.0,9.0,11.0,3.0,8.0,2.0,0.0,3.0,0.0,0.0,1.14,9.5,13.0,,,,1944.82,1717.19,7.0,4.0,10.0,5.0
2526,2026-02-21,1. FC Koln,TSG Hoffenheim,2,2,D,9.0,18.0,4.0,6.0,3.0,10.0,1.0,3.0,0.0,0.0,3.3,3.8,2.05,,,,1563.27,1720.77,3.0,6.0,6.0,12.0
2526,2026-02-21,Union Berlin,Bayer Leverkusen,1,0,H,8.0,16.0,4.0,1.0,4.0,5.0,5.0,2.0,0.0,0.0,3.0,3.3,2.38,,,,1619.07,1821.29,1.0,7.0,2.0,10.0
2526,2026-02-21,VfL Wolfsburg,FC Augsburg,2,3,A,10.0,15.0,4.0,6.0,4.0,10.0,3.0,4.0,0.0,0.0,2.05,3.4,3.75,,,,1604.27,1617.3,1.0,6.0,2.0,10.0
2526,2026-02-21,RB Leipzig,Borussia Dortmund,2,2,D,13.0,11.0,3.0,5.0,6.0,2.0,3.0,4.0,0.0,0.0,2.15,3.8,3.1,,,,1734.57,1862.3,4.0,9.0,8.0,15.0
2526,2026-02-22,SC Freiburg,Borussia Monchengladbach,2,1,H,10.0,12.0,6.0,2.0,3.0,3.0,1.0,2.0,0.0,0.0,1.95,3.25,4.33,,,,1681.3,1617.73,3.0,2.0,7.0,3.0
2526,2026-02-22,FC St. Pauli,Werder Bremen,2,1,H,5.0,13.0,4.0,4.0,1.0,5.0,2.0,6.0,0.0,0.0,2.75,3.1,2.75,,,,1556.19,1624.29,3.0,1.0,5.0,1.0
2526,2026-02-22,1. FC Heidenheim,VfB Stuttgart,3,3,D,10.0,12.0,6.0,8.0,3.0,4.0,1.0,2.0,0.0,0.0,4.5,4.0,1.7,,,,1515.65,1749.47,0.0,6.0,1.0,10.0
2526,2026-02-27,FC Augsburg,1. FC Koln,2,0,H,14.0,10.0,4.0,3.0,6.0,9.0,4.0,1.0,0.0,0.0,2.2,3.5,3.25,,,,1628.65,1566.01,6.0,1.0,12.0,4.0
2526,2026-02-28,Borussia Dortmund,Bayern Munich,2,3,A,10.0,14.0,2.0,6.0,5.0,2.0,1.0,0.0,0.0,0.0,4.5,4.75,1.6,,,,1860.38,1948.03,7.0,9.0,13.0,10.0
2526,2026-02-28,Borussia Monchengladbach,Union Berlin,1,0,H,21.0,6.0,7.0,2.0,6.0,2.0,4.0,5.0,0.0,0.0,2.38,3.3,3.0,,,,1611.15,1632.95,1.0,4.0,2.0,4.0
2526,2026-02-28,Werder Bremen,1. FC Heidenheim,2,0,H,17.0,9.0,6.0,0.0,3.0,2.0,1.0,0.0,0.0,0.0,1.75,4.0,4.33,,,,1614.05,1520.28,0.0,1.0,1.0,1.0
2526,2026-02-28,TSG Hoffenheim,FC St. Pauli,0,1,A,20.0,11.0,11.0,3.0,10.0,3.0,1.0,2.0,0.0,0.0,1.48,4.75,6.0,,,,1718.03,1566.42,4.0,6.0,10.0,7.0
2526,2026-02-28,Bayer Leverkusen,FSV Mainz 05,1,1,D,12.0,8.0,5.0,4.0,6.0,2.0,1.0,2.0,0.0,0.0,1.7,4.0,4.5,,,,1807.41,1652.96,4.0,4.0,10.0,10.0
2526,2026-03-01,VfB Stuttgart,VfL Wolfsburg,4,0,H,24.0,10.0,11.0,3.0,7.0,3.0,1.0,0.0,0.0,0.0,1.5,4.75,5.25,,,,1744.85,1592.93,4.0,1.0,10.0,1.0
2526,2026-03-01,Eintracht Frankfurt,SC Freiburg,2,0,H,15.0,4.0,7.0,2.0,5.0,6.0,1.0,2.0,0.0,0.0,2.2,3.5,3.2,,,,1713.98,1687.88,4.0,6.0,4.0,9.0
2526,2026-03-01,Hamburger SV,RB Leipzig,1,2,A,7.0,13.0,3.0,5.0,4.0,9.0,3.0,2.0,0.0,0.0,3.3,3.5,2.15,,,,1595.54,1736.5,7.0,5.0,9.0,6.0
2526,2026-03-04,Hamburger SV,Bayer Leverkusen,0,1,A,10.0,14.0,3.0,4.0,2.0,7.0,0.0,2.0,0.0,0.0,3.5,3.6,2.05,,,,1587.83,1801.92,4.0,4.0,8.0,8.0
2526,2026-03-06,Bayern Munich,Borussia Monchengladbach,4,1,H,18.0,10.0,9.0,5.0,7.0,1.0,1.0,0.0,0.0,1.0,1.2,8.5,9.5,,,,1957.23,1620.05,9.0,3.0,13.0,5.0
2526,2026-03-07,1. FC Koln,Borussia Dortmund,1,2,A,14.0,13.0,4.0,5.0,9.0,4.0,1.0,1.0,1.0,0.0,4.1,4.0,1.75,,,,1559.4,1851.17,1.0,4.0,4.0,10.0
2526,2026-03-07,VfL Wolfsburg,Hamburger SV,1,2,A,14.0,10.0,4.0,7.0,7.0,3.0,3.0,3.0,1.0,0.0,2.3,3.5,3.0,,,,1588.37,1582.0,1.0,1.0,1.0,7.0
2526,2026-03-07,RB Leipzig,FC Augsburg,2,1,H,17.0,16.0,8.0,5.0,6.0,8.0,0.0,2.0,0.0,0.0,1.42,5.0,6.5,,,,1744.21,1635.26,5.0,9.0,8.0,12.0
2526,2026-03-07,1. FC Heidenheim,TSG Hoffenheim,2,4,A,8.0,16.0,2.0,7.0,4.0,3.0,0.0,0.0,0.0,0.0,5.0,4.5,1.57,,,,1514.43,1702.6,1.0,4.0,1.0,7.0
2526,2026-03-07,SC Freiburg,Bayer Leverkusen,3,3,D,21.0,17.0,9.0,5.0,5.0,2.0,3.0,3.0,0.0,0.0,2.9,3.3,2.4,,,,1680.31,1807.76,3.0,4.0,6.0,8.0
2526,2026-03-07,FSV Mainz 05,VfB Stuttgart,2,2,D,18.0,11.0,6.0,4.0,5.0,6.0,0.0,2.0,0.0,0.0,3.2,3.6,2.15,,,,1658.45,1749.41,2.0,7.0,8.0,10.0
2526,2026-03-08,FC St. Pauli,Eintracht Frankfurt,0,0,D,11.0,8.0,2.0,2.0,6.0,5.0,2.0,1.0,0.0,0.0,2.63,3.4,2.6,,,,1581.86,1721.56,6.0,6.0,9.0,7.0
2526,2026-03-08,Union Berlin,Werder Bremen,1,4,A,9.0,15.0,2.0,5.0,1.0,3.0,1.0,3.0,1.0,0.0,2.25,3.4,3.25,,,,1624.04,1619.9,3.0,3.0,4.0,4.0
2526,2026-03-13,Borussia Monchengladbach,FC St. Pauli,2,0,H,10.0,8.0,4.0,1.0,2.0,2.0,1.0,2.0,0.0,0.0,1.91,3.4,4.2,,,,1618.21,1584.11,3.0,7.0,4.0,10.0
2526,2026-03-14,Hamburger SV,1. FC Koln,1,1,D,5.0,10.0,1.0,2.0,1.0,8.0,2.0,4.0,0.0,0.0,2.1,3.6,3.25,,,,1593.89,1555.23,3.0,1.0,7.0,1.0
2526,2026-03-14,Bayer Leverkusen,Bayern Munich,1,1,D,21.0,11.0,7.0,5.0,4.0,1.0,3.0,4.0,0.0,2.0,5.25,4.33,1.55,,,,1805.84,1959.08,5.0,9.0,8.0,15.0
2526,2026-03-14,TSG Hoffenheim,VfL Wolfsburg,1,1,D,21.0,4.0,6.0,2.0,16.0,4.0,0.0,3.0,0.0,0.0,1.44,4.75,6.5,,,,1709.07,1576.48,4.0,0.0,7.0,1.0
2526,2026-03-14,Eintracht Frankfurt,1. FC Heidenheim,1,0,H,12.0,3.0,4.0,1.0,5.0,4.0,3.0,2.0,1.0,0.0,1.53,4.5,5.5,,,,1719.3,1507.96,4.0,1.0,8.0,1.0
2526,2026-03-14,Borussia Dortmund,FC Augsburg,2,0,H,16.0,7.0,5.0,3.0,12.0,2.0,0.0,0.0,0.0,0.0,1.42,4.75,7.0,,,,1855.34,1629.77,4.0,6.0,10.0,9.0
2526,2026-03-15,Werder Bremen,FSV Mainz 05,0,2,A,16.0,11.0,3.0,2.0,9.0,4.0,2.0,1.0,0.0,0.0,2.2,3.5,3.2,,,,1631.72,1659.34,6.0,3.0,6.0,6.0
2526,2026-03-15,SC Freiburg,Union Berlin,0,1,A,19.0,9.0,6.0,4.0,6.0,2.0,0.0,2.0,0.0,0.0,2.15,3.3,3.5,,,,1682.23,1612.22,4.0,3.0,7.0,4.0
2526,2026-03-15,VfB Stuttgart,RB Leipzig,1,0,H,13.0,9.0,4.0,4.0,5.0,6.0,1.0,2.0,0.0,0.0,2.3,3.9,2.7,,,,1748.52,1749.7,5.0,7.0,8.0,11.0
2526,2026-03-20,RB Leipzig,TSG Hoffenheim,5,0,H,14.0,8.0,9.0,2.0,1.0,3.0,1.0,1.0,0.0,0.0,1.91,4.0,3.5,,,,1741.37,1704.03,6.0,4.0,8.0,8.0
2526,2026-03-21,Borussia Dortmund,Hamburger SV,3,2,H,24.0,4.0,8.0,4.0,11.0,3.0,2.0,3.0,0.0,0.0,1.4,5.0,7.0,,,,1858.58,1591.12,6.0,4.0,10.0,5.0
2526,2026-03-21,VfL Wolfsburg,Werder Bremen,0,1,A,11.0,8.0,4.0,3.0,8.0,4.0,3.0,0.0,1.0,0.0,2.35,3.6,2.8,,,,1581.52,1620.79,1.0,6.0,2.0,6.0
2526,2026-03-21,1. FC Heidenheim,Bayer Leverkusen,3,3,D,9.0,14.0,5.0,5.0,2.0,5.0,4.0,4.0,0.0,0.0,5.25,4.5,1.57,,,,1504.5,1808.46,0.0,5.0,1.0,6.0
2526,2026-03-21,1. FC Koln,Borussia Monchengladbach,3,3,D,12.0,9.0,5.0,3.0,5.0,3.0,8.0,2.0,1.0,0.0,2.25,3.5,3.1,,,,1557.99,1625.56,1.0,6.0,2.0,6.0
2526,2026-03-21,Bayern Munich,Union Berlin,4,0,H,31.0,5.0,9.0,1.0,12.0,1.0,1.0,2.0,0.0,0.0,1.17,8.0,13.0,,,,1956.46,1625.79,7.0,3.0,13.0,6.0
2526,2026-03-22,FSV Mainz 05,Eintracht Frankfurt,2,1,H,8.0,12.0,5.0,4.0,5.0,3.0,2.0,1.0,0.0,0.0,2.1,3.7,3.25,,,,1670.27,1722.77,5.0,7.0,6.0,10.0
2526,2026-03-22,FC St. Pauli,SC Freiburg,1,2,A,12.0,15.0,5.0,6.0,3.0,2.0,1.0,1.0,0.0,0.0,2.7,3.1,2.8,,,,1576.76,1668.65,4.0,1.0,7.0,4.0
2526,2026-03-22,FC Augsburg,VfB Stuttgart,2,5,A,13.0,13.0,7.0,8.0,2.0,5.0,1.0,3.0,0.0,0.0,3.5,3.8,2.0,,,,1626.53,1756.84,3.0,7.0,9.0,11.0
2526,2026-04-04,VfB Stuttgart,Borussia Dortmund,0,2,A,13.0,5.0,3.0,3.0,5.0,2.0,2.0,4.0,0.0,0.0,2.3,3.9,2.8,,,,1764.85,1861.21,7.0,9.0,11.0,10.0
2526,2026-04-04,Borussia Monchengladbach,1. FC Heidenheim,2,2,D,15.0,15.0,7.0,7.0,2.0,3.0,4.0,0.0,0.0,0.0,1.57,4.33,5.25,,,,1625.35,1510.55,4.0,1.0,7.0,2.0
2526,2026-04-04,Bayer Leverkusen,VfL Wolfsburg,6,3,H,25.0,11.0,11.0,5.0,12.0,2.0,1.0,3.0,0.0,0.0,1.4,5.0,7.0,,,,1802.4,1570.92,3.0,1.0,7.0,1.0
2526,2026-04-04,Werder Bremen,RB Leipzig,1,2,A,13.0,7.0,5.0,2.0,1.0,0.0,2.0,1.0,0.0,0.0,3.6,4.0,1.91,,,,1631.39,1748.64,6.0,6.0,9.0,10.0
2526,2026-04-04,Hamburger SV,FC Augsburg,1,1,D,18.0,18.0,4.0,3.0,9.0,2.0,2.0,3.0,1.0,0.0,2.25,3.5,3.2,,,,1588.48,1618.53,4.0,0.0,4.0,6.0
2526,2026-04-04,TSG Hoffenheim,FSV Mainz 05,1,2,A,16.0,9.0,5.0,5.0,7.0,3.0,4.0,1.0,0.0,0.0,1.7,4.0,4.75,,,,1696.76,1680.05,4.0,7.0,5.0,9.0
2526,2026-04-04,SC Freiburg,Bayern Munich,2,3,A,13.0,21.0,4.0,9.0,5.0,8.0,3.0,3.0,0.0,0.0,6.5,5.5,1.4,,,,1677.74,1958.37,4.0,7.0,7.0,13.0
2526,2026-04-05,Union Berlin,FC St. Pauli,1,1,D,16.0,9.0,8.0,2.0,7.0,2.0,0.0,2.0,0.0,1.0,2.1,3.25,3.75,,,,1623.88,1567.67,3.0,1.0,6.0,7.0
2526,2026-04-05,Eintracht Frankfurt,1. FC Koln,2,2,D,20.0,14.0,7.0,9.0,8.0,0.0,1.0,2.0,0.0,0.0,2.0,3.5,3.6,,,,1712.98,1558.21,4.0,2.0,7.0,3.0
2526,2026-04-10,FC Augsburg,TSG Hoffenheim,2,2,D,17.0,13.0,8.0,4.0,4.0,4.0,5.0,3.0,0.0,0.0,3.5,3.75,2.0,,,,1619.39,1684.59,1.0,1.0,4.0,4.0
2526,2026-04-11,VfL Wolfsburg,Eintracht Frankfurt,1,2,A,22.0,10.0,7.0,4.0,7.0,7.0,2.0,1.0,0.0,0.0,2.55,3.6,2.55,,,,1567.78,1707.49,1.0,4.0,1.0,8.0
2526,2026-04-11,RB Leipzig,Borussia Monchengladbach,1,0,H,24.0,15.0,11.0,3.0,11.0,4.0,4.0,1.0,0.0,0.0,1.53,4.75,5.5,,,,1757.01,1620.7,6.0,5.0,12.0,8.0
2526,2026-04-11,FC St. Pauli,Bayern Munich,0,5,A,6.0,20.0,3.0,8.0,3.0,4.0,1.0,2.0,0.0,0.0,8.0,5.0,1.36,,,,1570.9,1962.75,1.0,7.0,5.0,13.0
2526,2026-04-11,Borussia Dortmund,Bayer Leverkusen,0,1,A,14.0,11.0,1.0,4.0,5.0,5.0,3.0,0.0,0.0,0.0,1.95,3.8,3.6,,,,1870.17,1805.55,9.0,5.0,12.0,9.0
2526,2026-04-11,1. FC Heidenheim,Union Berlin,3,1,H,7.0,10.0,3.0,3.0,3.0,5.0,0.0,2.0,0.0,0.0,2.9,3.6,2.3,,,,1515.2,1620.66,2.0,4.0,2.0,4.0
2526,2026-04-12,1. FC Koln,Werder Bremen,3,1,H,25.0,6.0,8.0,2.0,8.0,5.0,3.0,2.0,0.0,1.0,2.2,3.5,3.2,,,,1563.71,1623.02,3.0,3.0,3.0,9.0
2526,2026-04-12,VfB Stuttgart,Hamburger SV,4,0,H,23.0,9.0,11.0,5.0,8.0,2.0,2.0,1.0,0.0,0.0,1.4,4.75,7.0,,,,1755.89,1587.62,6.0,2.0,10.0,5.0
2526,2026-04-12,FSV Mainz 05,SC Freiburg,0,1,A,10.0,8.0,3.0,3.0,6.0,4.0,1.0,3.0,0.0,0.0,2.25,3.1,3.5,,,,1692.23,1673.35,9.0,3.0,11.0,4.0
2526,2026-04-17,FC St. Pauli,1. FC Koln,1,1,D,14.0,10.0,6.0,1.0,8.0,5.0,4.0,1.0,0.0,0.0,2.88,3.3,2.45,,,,1568.32,1573.69,1.0,5.0,2.0,6.0
2526,2026-04-18,Eintracht Frankfurt,RB Leipzig,1,3,A,16.0,19.0,5.0,8.0,4.0,6.0,0.0,1.0,0.0,0.0,3.4,4.0,2.0,,,,1715.23,1761.89,4.0,9.0,8.0,12.0
2526,2026-04-18,TSG Hoffenheim,Borussia Dortmund,2,1,H,13.0,8.0,4.0,3.0,4.0,3.0,2.0,3.0,0.0,0.0,2.5,4.0,2.5,,,,1684.44,1856.73,1.0,6.0,5.0,12.0
2526,2026-04-18,Bayer Leverkusen,FC Augsburg,1,2,A,35.0,11.0,10.0,5.0,11.0,4.0,2.0,1.0,0.0,0.0,1.4,5.0,7.0,,,,1818.99,1619.54,7.0,2.0,9.0,2.0
2526,2026-04-18,Union Berlin,VfL Wolfsburg,1,2,A,25.0,5.0,7.0,4.0,11.0,4.0,1.0,1.0,0.0,0.0,2.15,3.6,3.25,,,,1609.36,1560.03,1.0,0.0,4.0,1.0
2526,2026-04-18,Werder Bremen,Hamburger SV,3,1,H,18.0,11.0,10.0,3.0,7.0,3.0,4.0,3.0,0.0,1.0,1.95,3.6,3.75,,,,1613.04,1583.39,3.0,1.0,6.0,5.0
2526,2026-04-19,Borussia Monchengladbach,FSV Mainz 05,1,1,D,9.0,17.0,4.0,7.0,0.0,6.0,5.0,2.0,0.0,0.0,2.35,3.5,2.9,,,,1615.82,1680.0,2.0,6.0,5.0,10.0
2526,2026-04-19,SC Freiburg,1. FC Heidenheim,2,1,H,17.0,13.0,4.0,2.0,5.0,4.0,1.0,0.0,0.0,0.0,1.67,4.1,4.75,,,,1685.59,1526.5,6.0,5.0,7.0,5.0
2526,2026-04-19,Bayern Munich,VfB Stuttgart,4,2,H,28.0,11.0,9.0,7.0,11.0,3.0,0.0,0.0,0.0,0.0,1.4,5.5,6.5,,,,1965.33,1760.13,9.0,6.0,13.0,10.0
2526,2026-04-24,RB Leipzig,Union Berlin,3,1,H,20.0,5.0,10.0,1.0,10.0,4.0,1.0,1.0,0.0,0.0,1.48,4.75,6.0,,,,1772.28,1596.31,9.0,1.0,12.0,4.0
2526,2026-04-25,FC Augsburg,Eintracht Frankfurt,1,1,D,17.0,19.0,3.0,7.0,9.0,7.0,1.0,2.0,0.0,0.0,2.5,3.8,2.5,,,,1635.87,1704.85,5.0,4.0,5.0,7.0
2526,2026-04-25,1. FC Koln,Bayer Leverkusen,1,2,A,25.0,8.0,10.0,3.0,2.0,5.0,1.0,2.0,0.0,0.0,3.8,4.0,1.85,,,,1575.25,1802.66,5.0,6.0,7.0,8.0
2526,2026-04-25,1. FC Heidenheim,FC St. Pauli,2,0,H,12.0,11.0,5.0,2.0,6.0,6.0,0.0,1.0,0.0,0.0,2.3,3.5,3.0,,,,1522.08,1566.76,4.0,2.0,5.0,2.0
2526,2026-04-25,FSV Mainz 05,Bayern Munich,3,4,A,21.0,11.0,8.0,6.0,4.0,4.0,1.0,2.0,0.0,0.0,4.33,4.5,1.67,,,,1679.87,1968.9,4.0,9.0,10.0,13.0
2526,2026-04-25,VfL Wolfsburg,Borussia Monchengladbach,0,0,D,12.0,10.0,4.0,2.0,8.0,5.0,1.0,3.0,0.0,1.0,2.2,3.75,3.0,,,,1573.08,1615.94,3.0,2.0,4.0,6.0
2526,2026-04-25,Hamburger SV,TSG Hoffenheim,1,2,A,12.0,15.0,4.0,6.0,4.0,9.0,2.0,4.0,0.0,0.0,4.0,4.0,1.75,,,,1575.91,1697.56,1.0,4.0,2.0,5.0
2526,2026-04-26,VfB Stuttgart,Werder Bremen,1,1,D,20.0,9.0,4.0,3.0,14.0,2.0,0.0,1.0,0.0,0.0,1.53,4.33,5.5,,,,1756.56,1620.52,3.0,3.0,9.0,6.0
2526,2026-04-26,Borussia Dortmund,SC Freiburg,4,0,H,17.0,7.0,5.0,4.0,5.0,0.0,1.0,0.0,0.0,0.0,1.36,5.25,7.5,,,,1843.61,1690.0,3.0,6.0,9.0,9.0
2526,2026-05-02,Werder Bremen,FC Augsburg,1,3,A,15.0,14.0,4.0,7.0,8.0,2.0,1.0,1.0,0.0,0.0,1.95,3.8,3.6,,,,1625.63,1636.13,4.0,5.0,7.0,6.0
2526,2026-05-02,Union Berlin,1. FC Koln,2,2,D,13.0,8.0,3.0,4.0,2.0,5.0,2.0,3.0,0.0,0.0,2.45,3.3,2.9,,,,1592.22,1569.73,0.0,4.0,1.0,6.0
2526,2026-05-02,Bayer Leverkusen,RB Leipzig,4,1,H,23.0,14.0,8.0,5.0,7.0,3.0,1.0,3.0,0.0,0.0,2.1,4.2,2.88,,,,1808.18,1776.37,6.0,9.0,10.0,15.0
2526,2026-05-02,Eintracht Frankfurt,Hamburger SV,1,2,A,8.0,9.0,5.0,4.0,9.0,4.0,6.0,1.0,1.0,0.0,1.73,4.1,4.33,,,,1704.59,1567.67,4.0,0.0,5.0,1.0
2526,2026-05-02,Bayern Munich,1. FC Heidenheim,3,3,D,23.0,12.0,7.0,5.0,13.0,5.0,3.0,2.0,0.0,0.0,1.25,7.0,9.5,,,,1973.12,1531.64,9.0,6.0,15.0,8.0
2526,2026-05-02,TSG Hoffenheim,VfB Stuttgart,3,3,D,22.0,14.0,9.0,5.0,4.0,5.0,3.0,1.0,0.0,1.0,2.3,4.2,2.6,,,,1705.81,1751.45,7.0,4.0,7.0,7.0
2526,2026-05-03,Borussia Monchengladbach,Borussia Dortmund,1,0,H,12.0,6.0,4.0,1.0,1.0,1.0,3.0,1.0,0.0,0.0,3.75,3.8,1.91,,,,1616.43,1848.13,2.0,3.0,4.0,9.0
2526,2026-05-03,SC Freiburg,VfL Wolfsburg,1,1,D,11.0,13.0,3.0,4.0,1.0,7.0,1.0,1.0,0.0,0.0,2.55,3.5,2.7,,,,1685.48,1572.59,6.0,4.0,9.0,4.0
2526,2026-05-03,FC St. Pauli,FSV Mainz 05,1,2,A,10.0,17.0,3.0,6.0,7.0,7.0,3.0,1.0,0.0,0.0,2.63,3.3,2.6,,,,1557.2,1675.65,1.0,1.0,2.0,7.0
2526,2026-05-08,Borussia Dortmund,Eintracht Frankfurt,3,2,H,13.0,9.0,8.0,4.0,6.0,2.0,3.0,0.0,0.0,0.0,1.67,4.33,4.5,,,,1833.56,1689.46,3.0,1.0,6.0,5.0
2526,2026-05-09,FC Augsburg,Borussia Monchengladbach,3,1,H,15.0,16.0,10.0,4.0,2.0,2.0,2.0,2.0,0.0,0.0,2.05,3.75,3.3,,,,1647.54,1631.01,7.0,5.0,9.0,6.0
2526,2026-05-09,TSG Hoffenheim,Werder Bremen,1,0,H,15.0,11.0,4.0,2.0,8.0,3.0,1.0,2.0,0.0,1.0,1.45,5.0,5.75,,,,1705.39,1614.21,7.0,4.0,8.0,4.0
2526,2026-05-09,RB Leipzig,FC St. Pauli,2,1,H,13.0,7.0,5.0,3.0,3.0,5.0,2.0,0.0,0.0,0.0,1.3,5.5,9.5,,,,1768.95,1548.87,6.0,1.0,12.0,2.0
2526,2026-05-09,VfB Stuttgart,Bayer Leverkusen,3,1,H,20.0,6.0,9.0,5.0,7.0,6.0,2.0,1.0,0.0,0.0,2.15,4.0,2.8,,,,1751.86,1815.6,2.0,6.0,5.0,12.0
2526,2026-05-09,VfL Wolfsburg,Bayern Munich,0,1,A,17.0,16.0,5.0,9.0,6.0,3.0,1.0,0.0,0.0,0.0,4.5,4.33,1.65,,,,1577.19,1964.18,5.0,7.0,5.0,13.0
2526,2026-05-10,Hamburger SV,SC Freiburg,3,2,H,14.0,5.0,5.0,3.0,2.0,4.0,2.0,2.0,0.0,0.0,2.75,3.6,2.4,,,,1582.8,1680.87,3.0,4.0,4.0,7.0
2526,2026-05-10,1. FC Koln,1. FC Heidenheim,1,3,A,18.0,11.0,7.0,5.0,6.0,4.0,2.0,2.0,0.0,0.0,1.91,4.1,3.4,,,,1572.06,1540.59,2.0,4.0,6.0,8.0
2526,2026-05-10,FSV Mainz 05,Union Berlin,1,3,A,14.0,16.0,3.0,9.0,7.0,8.0,2.0,1.0,0.0,0.0,1.75,4.0,4.33,,,,1683.99,1589.89,4.0,1.0,7.0,2.0
2526,2026-05-16,Borussia Monchengladbach,TSG Hoffenheim,4,0,H,9.0,11.0,6.0,3.0,2.0,9.0,4.0,6.0,0.0,1.0,4.33,4.5,1.67,,,,1623.17,1711.3,4.0,7.0,5.0,11.0
2526,2026-05-16,FC St. Pauli,VfL Wolfsburg,1,3,A,11.0,19.0,2.0,10.0,8.0,9.0,2.0,3.0,0.0,0.0,2.8,3.75,2.35,,,,1545.54,1574.55,0.0,2.0,1.0,5.0
2526,2026-05-16,Bayer Leverkusen,Hamburger SV,1,1,D,26.0,19.0,9.0,6.0,8.0,3.0,1.0,2.0,0.0,0.0,1.25,6.75,9.5,,,,1805.49,1593.89,6.0,6.0,9.0,6.0
2526,2026-05-16,Union Berlin,FC Augsburg,4,0,H,17.0,11.0,9.0,1.0,4.0,9.0,3.0,1.0,0.0,0.0,2.6,3.9,2.4,,,,1604.05,1655.37,4.0,7.0,4.0,11.0
2526,2026-05-16,SC Freiburg,RB Leipzig,4,1,H,11.0,14.0,5.0,6.0,1.0,2.0,0.0,1.0,0.0,0.0,2.7,4.0,2.3,,,,1669.78,1772.28,1.0,6.0,7.0,12.0
2526,2026-05-16,Eintracht Frankfurt,VfB Stuttgart,2,2,D,16.0,13.0,7.0,7.0,6.0,6.0,2.0,3.0,0.0,0.0,3.4,4.33,1.85,,,,1684.74,1761.97,1.0,5.0,4.0,8.0
2526,2026-05-16,Bayern Munich,1. FC Koln,5,1,H,19.0,9.0,7.0,2.0,5.0,5.0,1.0,1.0,0.0,0.0,1.14,9.5,14.0,,,,1966.82,1559.48,7.0,1.0,13.0,5.0
2526,2026-05-16,1. FC Heidenheim,FSV Mainz 05,0,2,A,15.0,15.0,5.0,9.0,6.0,3.0,1.0,1.0,0.0,0.0,1.91,4.33,3.4,,,,1553.16,1669.82,7.0,3.0,10.0,4.0
2526,2026-05-16,Werder Bremen,Borussia Dortmund,0,2,A,9.0,17.0,3.0,9.0,4.0,5.0,0.0,0.0,0.0,0.0,3.5,4.0,1.95,,,,1608.31,1838.28,1.0,6.0,4.0,6.0
