MatchDate,HomeTeam,AwayTeam,HomeElo,AwayElo,Form3Home,Form3Away,Form5Home,Form5Away
2000-08-11,Borussia Dortmund,Hansa Rostock,1646.19,1631.68,0.0,0.0,0.0,0.0
2000-08-12,Bayern Munich,Hertha,1867.24,1663.24,0.0,0.0,0.0,0.0
2000-08-12,SC Freiburg,VfB Stuttgart,1618.1,1650.61,0.0,0.0,0.0,0.0
2000-08-12,Hamburger SV,Munich 1860,1716.3,1671.74,0.0,0.0,0.0,0.0
2000-08-12,Kaiserslautern,VfL Bochum,1669.8,1587.32,0.0,0.0,0.0,0.0
2000-08-12,Bayer Leverkusen,VfL Wolfsburg,1822.45,1667.58,0.0,0.0,0.0,0.0
2000-08-12,Werder Bremen,Cottbus,1682.76,1547.35,0.0,0.0,0.0,0.0
2000-08-13,Eintracht Frankfurt,Unterhaching,1643.06,1623.52,0.0,0.0,0.0,0.0
2000-08-13,Schalke 04,1. FC Koln,1626.21,1580.98,0.0,0.0,0.0,0.0
2000-08-18,Cottbus,Borussia Dortmund,1544.6,1653.11,0.0,9.0,0.0,15.0
2000-08-19,Munich 1860,Werder Bremen,1676.89,1688.39,3.0,9.0,5.0,15.0
2000-08-19,VfL Bochum,Bayern Munich,1600.54,1872.44,9.0,9.0,15.0,15.0
2000-08-19,Hertha,Hamburger SV,1660.92,1717.81,0.0,3.0,0.0,5.0
2000-08-19,VfB Stuttgart,Bayer Leverkusen,1639.04,1827.7,0.0,9.0,0.0,15.0
2000-08-19,Unterhaching,SC Freiburg,1615.55,1632.55,0.0,9.0,0.0,15.0
2000-08-19,VfL Wolfsburg,Kaiserslautern,1665.2,1659.47,0.0,0.0,0.0,0.0
2000-08-20,1. FC Koln,Eintracht Frankfurt,1577.76,1653.92,0.0,9.0,0.0,15.0
2000-08-20,Hansa Rostock,Schalke 04,1627.64,1632.31,0.0,9.0,0.0,15.0
2000-09-05,SC Freiburg,1. FC Koln,1631.56,1587.47,6.0,5.0,10.0,8.0
2000-09-05,Kaiserslautern,VfB Stuttgart,1645.46,1653.91,0.0,5.0,0.0,8.0
2000-09-05,Bayer Leverkusen,Unterhaching,1806.62,1610.33,5.0,2.0,8.0,3.0
2000-09-05,Schalke 04,Cottbus,1649.52,1528.52,9.0,0.0,15.0,0.0
2000-09-06,Bayern Munich,VfL Wolfsburg,1875.53,1673.01,9.0,5.0,15.0,8.0
2000-09-06,Borussia Dortmund,Munich 1860,1662.97,1671.26,9.0,6.0,15.0,10.0
2000-09-06,Eintracht Frankfurt,Hansa Rostock,1638.0,1604.23,5.0,0.0,8.0,0.0
2000-09-06,Hamburger SV,Werder Bremen,1700.56,1679.58,2.0,5.0,3.0,8.0
2000-09-06,Hertha,VfL Bochum,1672.03,1591.23,5.0,5.0,8.0,8.0
2000-09-08,Unterhaching,Kaiserslautern,1610.33,1645.46,1.0,3.0,2.0,5.0
2000-09-09,1. FC Koln,Bayer Leverkusen,1587.47,1806.62,4.0,6.0,7.0,10.0
2000-09-09,Munich 1860,Schalke 04,1671.26,1649.52,7.0,9.0,12.0,15.0
2000-09-09,VfL Bochum,Hamburger SV,1591.23,1700.56,3.0,4.0,5.0,7.0
2000-09-09,VfB Stuttgart,Bayern Munich,1653.91,1875.53,3.0,9.0,5.0,15.0
2000-09-09,Werder Bremen,Borussia Dortmund,1679.58,1662.97,3.0,6.0,5.0,10.0
2000-09-09,VfL Wolfsburg,Hertha,1673.01,1672.03,3.0,6.0,5.0,10.0
2000-09-10,Cottbus,Eintracht Frankfurt,1528.52,1638.0,0.0,6.0,0.0,10.0
2000-09-10,Hansa Rostock,SC Freiburg,1604.23,1631.56,0.0,5.0,0.0,8.0
2000-09-15,Kaiserslautern,1. FC Koln,1650.79,1592.57,4.0,5.0,5.0,6.0
2000-09-16,Bayern Munich,Unterhaching,1870.43,1604.54,6.0,2.0,11.0,3.0
2000-09-16,VfL Bochum,VfL Wolfsburg,1567.45,1673.82,0.0,6.0,4.0,8.0
2000-09-16,Eintracht Frankfurt,Munich 1860,1633.34,1675.44,3.0,7.0,8.0,10.0
2000-09-16,SC Freiburg,Cottbus,1627.36,1533.03,3.0,3.0,8.0,4.0
2000-09-16,Hamburger SV,Borussia Dortmund,1717.8,1661.71,6.0,6.0,9.0,11.0
2000-09-16,Bayer Leverkusen,Hansa Rostock,1792.17,1590.79,4.0,1.0,9.0,1.0
2000-09-17,Hertha,VfB Stuttgart,1671.79,1657.54,6.0,6.0,8.0,8.0
2000-09-17,Schalke 04,Werder Bremen,1656.3,1661.47,7.0,0.0,13.0,4.0
2000-09-22,Munich 1860,SC Freiburg,1675.44,1627.36,4.0,5.0,8.0,9.0
2000-09-23,1. FC Koln,Bayern Munich,1592.57,1870.43,2.0,6.0,5.0,12.0
2000-09-23,Cottbus,Bayer Leverkusen,1533.03,1792.17,3.0,4.0,3.0,7.0
2000-09-23,Borussia Dortmund,Schalke 04,1661.71,1656.3,6.0,5.0,12.0,11.0
2000-09-23,VfB Stuttgart,VfL Bochum,1657.54,1567.45,3.0,3.0,6.0,6.0
2000-09-23,Werder Bremen,Eintracht Frankfurt,1661.47,1633.34,1.0,6.0,4.0,9.0
2000-09-23,VfL Wolfsburg,Hamburger SV,1673.82,1717.8,3.0,6.0,6.0,7.0
2000-09-24,Hansa Rostock,Kaiserslautern,1590.79,1650.79,4.0,7.0,4.0,7.0
2000-09-24,Unterhaching,Hertha,1604.54,1671.79,1.0,6.0,2.0,9.0
2000-09-29,Eintracht Frankfurt,Borussia Dortmund,1633.34,1661.71,4.0,6.0,7.0,9.0
2000-09-30,Bayern Munich,Hansa Rostock,1870.43,1590.79,6.0,7.0,12.0,7.0
2000-09-30,VfL Bochum,Unterhaching,1567.45,1604.54,4.0,4.0,4.0,5.0
2000-09-30,Hamburger SV,Schalke 04,1717.8,1656.3,4.0,5.0,7.0,11.0
2000-09-30,Hertha,1. FC Koln,1671.79,1592.57,3.0,1.0,9.0,5.0
2000-09-30,Kaiserslautern,Cottbus,1650.79,1533.03,4.0,3.0,7.0,3.0
2000-09-30,Bayer Leverkusen,Munich 1860,1792.17,1675.44,4.0,4.0,7.0,10.0
2000-10-01,SC Freiburg,Werder Bremen,1622.41,1661.17,4.0,2.0,6.0,2.0
2000-10-01,VfL Wolfsburg,VfB Stuttgart,1659.72,1643.71,4.0,4.0,7.0,7.0
2000-10-13,Borussia Dortmund,SC Freiburg,1649.11,1622.41,4.0,3.0,7.0,5.0
2000-10-14,1. FC Koln,VfL Bochum,1573.39,1586.5,0.0,7.0,2.0,7.0
2000-10-14,Munich 1860,Kaiserslautern,1679.0,1639.66,4.0,4.0,8.0,8.0
2000-10-14,Cottbus,Bayern Munich,1523.83,1850.17,1.0,6.0,4.0,9.0
2000-10-14,Schalke 04,Eintracht Frankfurt,1664.05,1635.94,4.0,5.0,8.0,8.0
2000-10-14,VfB Stuttgart,Hamburger SV,1643.71,1697.75,2.0,4.0,5.0,10.0
2000-10-14,Werder Bremen,Bayer Leverkusen,1661.17,1766.68,5.0,4.0,5.0,8.0
2000-10-15,Hansa Rostock,Hertha,1623.01,1668.48,9.0,6.0,10.0,9.0
2000-10-15,Unterhaching,VfL Wolfsburg,1600.16,1656.58,3.0,2.0,4.0,5.0
2000-10-20,Kaiserslautern,Werder Bremen,1662.31,1670.52,4.0,5.0,8.0,6.0
2000-10-21,Bayern Munich,Munich 1860,1836.62,1656.35,3.0,4.0,6.0,5.0
2000-10-21,Hamburger SV,Eintracht Frankfurt,1699.05,1625.87,5.0,2.0,8.0,5.0
2000-10-21,Hertha,Cottbus,1668.48,1537.38,6.0,4.0,9.0,7.0
2000-10-21,Bayer Leverkusen,Borussia Dortmund,1766.69,1653.94,5.0,4.0,6.0,10.0
2000-10-21,VfB Stuttgart,Unterhaching,1645.55,1600.16,3.0,3.0,6.0,4.0
2000-10-21,VfL Wolfsburg,1. FC Koln,1656.58,1581.33,5.0,3.0,8.0,4.0
2000-10-22,VfL Bochum,Hansa Rostock,1578.56,1623.01,4.0,6.0,7.0,10.0
2000-10-22,SC Freiburg,Schalke 04,1608.23,1674.12,0.0,6.0,4.0,8.0
2000-10-27,Cottbus,VfL Bochum,1537.38,1578.56,4.0,3.0,4.0,7.0
2000-10-28,Borussia Dortmund,Kaiserslautern,1653.94,1662.31,4.0,7.0,7.0,10.0
2000-10-28,Eintracht Frankfurt,SC Freiburg,1625.87,1608.23,1.0,3.0,5.0,6.0
2000-10-28,Hansa Rostock,VfL Wolfsburg,1623.01,1656.58,6.0,7.0,12.0,8.0
2000-10-28,Schalke 04,Bayer Leverkusen,1674.12,1766.69,3.0,5.0,7.0,8.0
2000-10-28,Unterhaching,Hamburger SV,1600.16,1699.05,1.0,7.0,4.0,8.0
2000-10-28,Werder Bremen,Bayern Munich,1670.52,1836.62,4.0,3.0,6.0,9.0
2000-10-29,1. FC Koln,VfB Stuttgart,1581.33,1645.55,3.0,3.0,3.0,4.0
2000-10-29,Munich 1860,Hertha,1656.35,1668.48,1.0,9.0,4.0,12.0
2000-11-03,Bayer Leverkusen,Eintracht Frankfurt,1781.76,1640.67,5.0,3.0,9.0,5.0
2000-11-04,Bayern Munich,Borussia Dortmund,1844.03,1649.9,4.0,3.0,7.0,4.0
2000-11-04,VfL Bochum,Munich 1860,1570.79,1652.68,0.0,0.0,4.0,4.0
2000-11-04,Hamburger SV,SC Freiburg,1731.33,1619.31,4.0,3.0,8.0,3.0
2000-11-04,Hertha,Werder Bremen,1708.65,1681.21,9.0,2.0,12.0,6.0
2000-11-04,Kaiserslautern,Schalke 04,1694.67,1674.76,9.0,4.0,10.0,7.0
2000-11-04,VfB Stuttgart,Hansa Rostock,1641.91,1628.9,2.0,4.0,4.0,10.0
2000-11-05,Unterhaching,1. FC Koln,1608.45,1590.18,4.0,6.0,7.0,6.0
2000-11-05,VfL Wolfsburg,Cottbus,1692.35,1552.88,7.0,6.0,9.0,7.0
2000-11-10,Borussia Dortmund,Hertha,1649.9,1708.65,0.0,9.0,4.0,15.0
2000-11-11,1. FC Koln,Hamburger SV,1590.18,1731.33,4.0,6.0,7.0,10.0
2000-11-11,Munich 1860,VfL Wolfsburg,1652.68,1692.35,1.0,5.0,2.0,9.0
2000-11-11,SC Freiburg,Bayer Leverkusen,1619.31,1781.76,3.0,7.0,3.0,9.0
2000-11-11,Hansa Rostock,Unterhaching,1628.9,1608.45,4.0,5.0,7.0,5.0
2000-11-11,Schalke 04,Bayern Munich,1674.76,1844.03,1.0,7.0,4.0,7.0
2000-11-11,Werder Bremen,VfL Bochum,1681.21,1570.79,1.0,1.0,5.0,4.0
2000-11-12,Cottbus,VfB Stuttgart,1552.88,1641.91,4.0,4.0,8.0,6.0
2000-11-12,Eintracht Frankfurt,Kaiserslautern,1640.67,1694.67,3.0,9.0,4.0,13.0
2000-11-17,VfB Stuttgart,Munich 1860,1661.32,1667.36,3.0,2.0,5.0,2.0
2000-11-18,1. FC Koln,Hansa Rostock,1613.88,1628.43,7.0,2.0,10.0,5.0
2000-11-18,Bayern Munich,Eintracht Frankfurt,1844.65,1655.68,4.0,6.0,7.0,6.0
2000-11-18,Hamburger SV,Bayer Leverkusen,1733.72,1797.72,3.0,7.0,7.0,11.0
2000-11-18,Hertha,Schalke 04,1716.29,1687.65,6.0,4.0,12.0,7.0
2000-11-18,Kaiserslautern,SC Freiburg,1696.26,1614.01,6.0,0.0,12.0,3.0
2000-11-18,VfL Wolfsburg,Werder Bremen,1696.58,1689.99,3.0,4.0,9.0,5.0
2000-11-19,VfL Bochum,Borussia Dortmund,1573.87,1663.95,1.0,3.0,1.0,6.0
2000-11-19,Unterhaching,Cottbus,1616.54,1574.71,5.0,7.0,6.0,10.0
2000-11-24,Schalke 04,VfL Bochum,1687.65,1573.87,6.0,2.0,7.0,2.0
2000-11-25,Cottbus,1. FC Koln,1574.71,1613.88,4.0,7.0,7.0,10.0
2000-11-25,Borussia Dortmund,VfL Wolfsburg,1663.95,1696.58,4.0,3.0,4.0,7.0
2000-11-25,Eintracht Frankfurt,Hertha,1655.68,1716.29,6.0,3.0,9.0,9.0
2000-11-25,SC Freiburg,Bayern Munich,1614.01,1844.65,3.0,3.0,6.0,7.0
2000-11-25,Hansa Rostock,Hamburger SV,1628.43,1733.72,1.0,3.0,5.0,6.0
2000-11-26,Munich 1860,Unterhaching,1667.36,1616.54,3.0,5.0,3.0,9.0
2000-11-26,Bayer Leverkusen,Kaiserslautern,1797.72,1696.26,9.0,3.0,13.0,9.0
2000-11-26,Werder Bremen,VfB Stuttgart,1689.99,1661.32,4.0,4.0,5.0,5.0
2000-12-02,1. FC Koln,Munich 1860,1633.64,1658.92,9.0,2.0,13.0,3.0
2000-12-02,Bayern Munich,Bayer Leverkusen,1827.7,1803.13,1.0,9.0,5.0,13.0
2000-12-02,VfL Bochum,Eintracht Frankfurt,1568.42,1648.09,1.0,6.0,2.0,9.0
2000-12-02,Hertha,SC Freiburg,1708.14,1632.26,3.0,4.0,9.0,4.0
2000-12-02,VfB Stuttgart,Borussia Dortmund,1658.08,1668.11,1.0,7.0,4.0,7.0
2000-12-02,VfL Wolfsburg,Schalke 04,1684.89,1711.12,2.0,9.0,4.0,10.0
2000-12-03,Cottbus,Hansa Rostock,1555.38,1624.16,3.0,4.0,7.0,5.0
2000-12-03,Kaiserslautern,Hamburger SV,1668.81,1710.0,0.0,0.0,6.0,3.0
2000-12-08,Eintracht Frankfurt,VfL Wolfsburg,1648.09,1684.89,3.0,4.0,6.0,6.0
2000-12-09,Munich 1860,Hansa Rostock,1658.92,1624.16,1.0,3.0,3.0,4.0
2000-12-09,Borussia Dortmund,Unterhaching,1668.11,1635.45,7.0,7.0,10.0,11.0
2000-12-09,SC Freiburg,VfL Bochum,1632.26,1568.42,5.0,4.0,5.0,5.0
2000-12-09,Kaiserslautern,Bayern Munich,1668.81,1827.7,3.0,4.0,6.0,7.0
2000-12-09,Schalke 04,VfB Stuttgart,1711.12,1658.08,6.0,1.0,9.0,4.0
2000-12-10,Hamburger SV,Cottbus,1710.0,1555.38,0.0,3.0,3.0,7.0
2000-12-10,Bayer Leverkusen,Hertha,1803.13,1708.14,6.0,4.0,12.0,7.0
2000-12-10,Werder Bremen,1. FC Koln,1687.04,1633.64,7.0,9.0,8.0,13.0
2000-12-12,VfB Stuttgart,Eintracht Frankfurt,1658.08,1648.09,0.0,0.0,1.0,6.0
2000-12-12,Unterhaching,Schalke 04,1635.45,1711.12,6.0,6.0,8.0,12.0
2000-12-12,VfL Wolfsburg,SC Freiburg,1684.89,1632.26,6.0,5.0,8.0,8.0
2000-12-13,1. FC Koln,Borussia Dortmund,1633.64,1668.11,6.0,9.0,12.0,13.0
2000-12-13,Bayern Munich,Hamburger SV,1827.7,1710.0,5.0,3.0,5.0,3.0
2000-12-13,VfL Bochum,Bayer Leverkusen,1568.42,1803.13,3.0,6.0,4.0,12.0
2000-12-13,Cottbus,Munich 1860,1555.38,1658.92,3.0,3.0,6.0,5.0
2000-12-13,Hansa Rostock,Werder Bremen,1624.16,1687.04,3.0,7.0,4.0,10.0
2000-12-13,Hertha,Kaiserslautern,1708.14,1668.81,4.0,4.0,4.0,4.0
2000-12-15,Unterhaching,Eintracht Frankfurt,1606.38,1613.92,3.0,0.0,7.0,3.0
2000-12-16,1. FC Koln,Schalke 04,1630.85,1710.2,4.0,6.0,10.0,12.0
2000-12-16,Munich 1860,Hamburger SV,1635.86,1684.26,6.0,3.0,7.0,3.0
2000-12-16,VfL Bochum,Kaiserslautern,1568.62,1699.54,6.0,7.0,7.0,7.0
2000-12-16,Hansa Rostock,Borussia Dortmund,1615.4,1682.93,3.0,7.0,6.0,11.0
2000-12-16,VfB Stuttgart,SC Freiburg,1644.92,1649.28,3.0,7.0,4.0,11.0
2000-12-16,VfL Wolfsburg,Bayer Leverkusen,1681.9,1767.12,6.0,3.0,7.0,9.0
2000-12-17,Cottbus,Werder Bremen,1542.38,1667.32,3.0,6.0,3.0,10.0
2000-12-17,Hertha,Bayern Munich,1666.58,1830.83,1.0,7.0,4.0,8.0
2000-12-20,Unterhaching,Werder Bremen,1606.38,1667.32,3.0,3.0,9.0,7.0
2001-01-26,Schalke 04,Hansa Rostock,1710.91,1606.59,7.0,3.0,10.0,6.0
2001-01-27,Bayern Munich,VfL Bochum,1839.83,1561.66,7.0,3.0,11.0,6.0
2001-01-27,Borussia Dortmund,Cottbus,1691.75,1554.18,7.0,3.0,13.0,6.0
2001-01-27,Eintracht Frankfurt,1. FC Koln,1605.88,1630.14,0.0,2.0,0.0,8.0
2001-01-27,SC Freiburg,Unterhaching,1652.07,1612.72,7.0,4.0,9.0,7.0
2001-01-27,Kaiserslautern,VfL Wolfsburg,1706.5,1692.34,7.0,6.0,10.0,9.0
2001-01-27,Werder Bremen,Munich 1860,1657.23,1642.3,1.0,9.0,7.0,9.0
2001-01-28,Hamburger SV,Hertha,1677.82,1657.58,3.0,0.0,3.0,4.0
2001-01-28,Bayer Leverkusen,VfB Stuttgart,1756.68,1642.12,3.0,4.0,6.0,4.0
2001-02-02,Munich 1860,Borussia Dortmund,1635.18,1695.81,6.0,7.0,9.0,13.0
2001-02-03,1. FC Koln,SC Freiburg,1649.5,1658.71,5.0,7.0,8.0,11.0
2001-02-03,VfL Bochum,Hertha,1560.37,1668.59,3.0,3.0,6.0,4.0
2001-02-03,Cottbus,Schalke 04,1550.11,1715.68,3.0,7.0,6.0,10.0
2001-02-03,VfB Stuttgart,Kaiserslautern,1635.79,1703.3,4.0,7.0,4.0,11.0
2001-02-03,Werder Bremen,Hamburger SV,1664.35,1666.81,4.0,0.0,7.0,3.0
2001-02-03,VfL Wolfsburg,Bayern Munich,1695.53,1841.12,4.0,9.0,10.0,13.0
2001-02-04,Hansa Rostock,Eintracht Frankfurt,1601.81,1586.52,3.0,0.0,3.0,0.0
2001-02-04,Unterhaching,Bayer Leverkusen,1606.08,1763.02,4.0,3.0,4.0,6.0
2001-02-09,Eintracht Frankfurt,Cottbus,1586.52,1550.11,3.0,6.0,3.0,6.0
2001-02-10,Bayern Munich,VfB Stuttgart,1841.12,1635.79,9.0,4.0,13.0,7.0
2001-02-10,Hamburger SV,VfL Bochum,1666.81,1560.37,0.0,0.0,3.0,3.0
2001-02-10,Hertha,VfL Wolfsburg,1668.59,1695.53,6.0,4.0,6.0,7.0
2001-02-10,Kaiserslautern,Unterhaching,1703.3,1606.08,4.0,1.0,8.0,4.0
2001-02-10,Bayer Leverkusen,1. FC Koln,1763.02,1649.5,6.0,4.0,9.0,5.0
2001-02-10,Schalke 04,Munich 1860,1715.68,1635.18,4.0,6.0,10.0,12.0
2001-02-11,Borussia Dortmund,Werder Bremen,1695.81,1664.35,6.0,7.0,10.0,7.0
2001-02-11,SC Freiburg,Hansa Rostock,1658.71,1601.81,7.0,0.0,13.0,3.0
2001-02-16,Munich 1860,Eintracht Frankfurt,1636.12,1606.59,3.0,6.0,9.0,6.0
2001-02-17,Cottbus,SC Freiburg,1562.03,1663.85,3.0,7.0,6.0,11.0
2001-02-17,Borussia Dortmund,Hamburger SV,1685.59,1664.65,4.0,3.0,8.0,3.0
2001-02-17,Hansa Rostock,Bayer Leverkusen,1591.23,1774.57,1.0,9.0,4.0,9.0
2001-02-17,Unterhaching,Bayern Munich,1592.12,1852.59,0.0,9.0,4.0,15.0
2001-02-17,Werder Bremen,Schalke 04,1675.29,1705.14,7.0,6.0,8.0,10.0
2001-02-17,VfL Wolfsburg,VfL Bochum,1700.27,1544.29,4.0,0.0,7.0,3.0
2001-02-18,1. FC Koln,Kaiserslautern,1634.53,1694.96,3.0,4.0,5.0,10.0
2001-02-18,VfB Stuttgart,Hertha,1649.5,1664.98,3.0,6.0,7.0,6.0
2001-02-23,Bayer Leverkusen,Cottbus,1774.57,1562.03,6.0,3.0,9.0,6.0
2001-02-24,Bayern Munich,1. FC Koln,1852.59,1634.53,6.0,0.0,12.0,4.0
2001-02-24,Eintracht Frankfurt,Werder Bremen,1606.59,1675.29,7.0,7.0,7.0,11.0
2001-02-24,SC Freiburg,Munich 1860,1663.85,1636.12,7.0,4.0,11.0,7.0
2001-02-24,Hamburger SV,VfL Wolfsburg,1664.65,1700.27,3.0,4.0,3.0,8.0
2001-02-24,Schalke 04,Borussia Dortmund,1705.14,1685.59,3.0,4.0,7.0,10.0
2001-02-25,VfL Bochum,VfB Stuttgart,1544.29,1649.5,1.0,3.0,1.0,4.0
2001-02-25,Kaiserslautern,Hansa Rostock,1694.96,1591.23,6.0,4.0,10.0,4.0
2001-03-02,Borussia Dortmund,Eintracht Frankfurt,1702.05,1607.91,5.0,4.0,8.0,7.0
2001-03-03,1. FC Koln,Hertha,1639.65,1681.2,1.0,6.0,4.0,9.0
2001-03-03,Cottbus,Kaiserslautern,1577.85,1703.92,3.0,6.0,6.0,7.0
2001-03-03,Hansa Rostock,Bayern Munich,1620.48,1856.53,7.0,4.0,7.0,10.0
2001-03-03,VfB Stuttgart,VfL Wolfsburg,1640.69,1694.06,1.0,4.0,4.0,5.0
2001-03-03,Unterhaching,VfL Bochum,1610.67,1556.51,3.0,2.0,4.0,2.0
2001-03-03,Werder Bremen,SC Freiburg,1696.41,1661.3,7.0,4.0,13.0,10.0
2001-03-04,Munich 1860,Bayer Leverkusen,1658.89,1750.33,4.0,3.0,7.0,9.0
2001-03-04,Schalke 04,Hamburger SV,1702.34,1670.13,4.0,6.0,7.0,6.0
2001-03-07,Hertha,Unterhaching,1681.2,1610.67,3.0,6.0,9.0,6.0
2001-03-09,Bayer Leverkusen,Werder Bremen,1750.33,1696.41,0.0,9.0,6.0,13.0
2001-03-10,Bayern Munich,Cottbus,1856.53,1577.85,1.0,3.0,7.0,6.0
2001-03-10,VfL Bochum,1. FC Koln,1556.51,1639.65,2.0,4.0,2.0,4.0
2001-03-10,Eintracht Frankfurt,Schalke 04,1607.91,1702.34,1.0,1.0,7.0,4.0
2001-03-10,SC Freiburg,Borussia Dortmund,1661.3,1702.05,3.0,7.0,7.0,8.0
2001-03-10,Hertha,Hansa Rostock,1681.2,1620.48,6.0,9.0,9.0,10.0
2001-03-10,VfL Wolfsburg,Unterhaching,1694.06,1610.67,1.0,6.0,4.0,6.0
2001-03-11,Hamburger SV,VfB Stuttgart,1670.13,1640.69,6.0,4.0,9.0,7.0
2001-03-11,Kaiserslautern,Munich 1860,1703.92,1658.89,6.0,7.0,9.0,10.0
2001-03-16,1. FC Koln,VfL Wolfsburg,1652.8,1694.74,7.0,3.0,7.0,7.0
2001-03-17,Munich 1860,Bayern Munich,1660.97,1838.35,6.0,4.0,7.0,7.0
2001-03-17,Cottbus,Hertha,1564.65,1682.24,3.0,6.0,3.0,9.0
2001-03-17,Borussia Dortmund,Bayer Leverkusen,1710.35,1749.31,5.0,3.0,9.0,6.0
2001-03-17,Eintracht Frankfurt,Hamburger SV,1598.25,1676.49,1.0,7.0,5.0,10.0
2001-03-17,Hansa Rostock,VfL Bochum,1626.37,1543.07,6.0,1.0,10.0,2.0
2001-03-17,Schalke 04,SC Freiburg,1690.19,1652.09,2.0,1.0,5.0,5.0
2001-03-18,Unterhaching,VfB Stuttgart,1600.94,1649.99,3.0,5.0,6.0,5.0
2001-03-18,Werder Bremen,Kaiserslautern,1694.16,1721.14,6.0,6.0,10.0,12.0
2001-03-30,VfL Wolfsburg,Hansa Rostock,1694.74,1626.37,4.0,6.0,5.0,12.0
2001-03-31,Bayern Munich,Werder Bremen,1838.35,1694.16,6.0,3.0,7.0,9.0
2001-03-31,SC Freiburg,Eintracht Frankfurt,1652.09,1598.25,2.0,2.0,5.0,3.0
2001-03-31,Hamburger SV,Unterhaching,1676.49,1600.94,5.0,1.0,8.0,7.0
2001-03-31,Hertha,Munich 1860,1682.24,1660.97,6.0,3.0,9.0,7.0
2001-03-31,Bayer Leverkusen,Schalke 04,1749.31,1690.19,6.0,2.0,6.0,3.0
2001-03-31,VfB Stuttgart,1. FC Koln,1649.99,1652.8,5.0,7.0,6.0,8.0
2001-04-01,VfL Bochum,Cottbus,1543.18,1584.23,0.0,3.0,2.0,6.0
2001-04-01,Kaiserslautern,Borussia Dortmund,1750.99,1702.1,9.0,4.0,12.0,8.0
2001-04-06,Cottbus,VfL Wolfsburg,1584.23,1705.73,3.0,7.0,6.0,7.0
2001-04-07,1. FC Koln,Unterhaching,1674.25,1609.44,7.0,2.0,11.0,5.0
2001-04-07,Munich 1860,VfL Bochum,1649.04,1543.18,0.0,3.0,6.0,4.0
2001-04-07,Borussia Dortmund,Bayern Munich,1702.1,1837.83,4.0,6.0,8.0,7.0
2001-04-07,Eintracht Frankfurt,Bayer Leverkusen,1595.43,1746.48,2.0,6.0,2.0,6.0
2001-04-07,SC Freiburg,Hamburger SV,1668.54,1677.68,5.0,3.0,5.0,9.0
2001-04-07,Werder Bremen,Hertha,1704.2,1681.96,3.0,6.0,9.0,9.0
2001-04-08,Hansa Rostock,VfB Stuttgart,1632.71,1638.83,3.0,2.0,9.0,6.0
2001-04-08,Schalke 04,Kaiserslautern,1713.15,1750.99,5.0,6.0,6.0,9.0
2001-04-12,VfB Stuttgart,Cottbus,1638.83,1584.23,2.0,4.0,6.0,4.0
2001-04-14,Bayern Munich,Schalke 04,1837.83,1713.15,4.0,7.0,7.0,8.0
2001-04-14,VfL Bochum,Werder Bremen,1543.18,1704.2,6.0,6.0,6.0,9.0
2001-04-14,Hertha,Borussia Dortmund,1681.96,1702.1,3.0,4.0,9.0,8.0
2001-04-14,Kaiserslautern,Eintracht Frankfurt,1750.99,1595.43,3.0,1.0,9.0,2.0
2001-04-14,Bayer Leverkusen,SC Freiburg,1746.48,1668.54,6.0,5.0,9.0,6.0
2001-04-14,VfL Wolfsburg,Munich 1860,1705.73,1649.04,5.0,0.0,8.0,3.0
2001-04-15,Hamburger SV,1. FC Koln,1680.59,1670.32,3.0,5.0,7.0,11.0
2001-04-15,Unterhaching,Hansa Rostock,1614.22,1630.59,3.0,4.0,3.0,7.0
2001-04-20,Borussia Dortmund,VfL Bochum,1723.76,1567.97,4.0,6.0,5.0,6.0
2001-04-21,Cottbus,Unterhaching,1574.86,1614.22,1.0,3.0,4.0,4.0
2001-04-21,Eintracht Frankfurt,Bayern Munich,1586.74,1850.14,0.0,1.0,2.0,7.0
2001-04-21,Hansa Rostock,1. FC Koln,1630.59,1670.32,2.0,5.0,5.0,9.0
2001-04-21,Bayer Leverkusen,Hamburger SV,1756.02,1680.59,3.0,3.0,9.0,5.0
2001-04-21,Schalke 04,Hertha,1725.1,1675.3,9.0,6.0,11.0,9.0
2001-04-21,Werder Bremen,VfL Wolfsburg,1711.7,1705.29,9.0,4.0,9.0,8.0
2001-04-22,Munich 1860,VfB Stuttgart,1631.54,1645.99,3.0,4.0,3.0,6.0
2001-04-22,SC Freiburg,Kaiserslautern,1666.47,1707.96,7.0,3.0,9.0,9.0
2001-04-27,VfL Wolfsburg,Borussia Dortmund,1705.29,1723.76,4.0,4.0,8.0,7.0
2001-04-28,1. FC Koln,Cottbus,1670.32,1574.86,2.0,4.0,6.0,7.0
2001-04-28,Bayern Munich,SC Freiburg,1850.14,1666.47,4.0,7.0,7.0,11.0
2001-04-28,VfL Bochum,Schalke 04,1567.97,1725.1,3.0,9.0,6.0,13.0
2001-04-28,Hertha,Eintracht Frankfurt,1675.3,1586.74,3.0,0.0,6.0,1.0
2001-04-28,Kaiserslautern,Bayer Leverkusen,1707.96,1756.02,3.0,4.0,6.0,7.0
2001-04-28,VfB Stuttgart,Werder Bremen,1645.99,1711.7,4.0,6.0,5.0,9.0
2001-04-29,Hamburger SV,Hansa Rostock,1680.59,1630.59,3.0,5.0,5.0,8.0
2001-04-29,Unterhaching,Munich 1860,1614.22,1631.54,2.0,6.0,4.0,6.0
2001-05-04,Borussia Dortmund,VfB Stuttgart,1726.58,1649.08,4.0,6.0,8.0,7.0
2001-05-05,Munich 1860,1. FC Koln,1643.76,1675.8,6.0,4.0,6.0,8.0
2001-05-05,Eintracht Frankfurt,VfL Bochum,1572.04,1559.83,0.0,1.0,0.0,7.0
2001-05-05,Hamburger SV,Kaiserslautern,1688.02,1689.38,5.0,3.0,7.0,3.0
2001-05-05,Hansa Rostock,Cottbus,1636.26,1575.42,4.0,3.0,5.0,4.0
2001-05-05,Bayer Leverkusen,Bayern Munich,1744.61,1850.18,4.0,6.0,7.0,7.0
2001-05-05,Schalke 04,VfL Wolfsburg,1748.8,1703.65,7.0,4.0,13.0,8.0
2001-05-06,SC Freiburg,Hertha,1693.71,1683.65,6.0,6.0,10.0,9.0
2001-05-06,Werder Bremen,Unterhaching,1701.6,1613.67,3.0,4.0,9.0,6.0
2001-05-12,1. FC Koln,Werder Bremen,1675.8,1701.6,3.0,1.0,5.0,7.0
2001-05-12,Bayern Munich,Kaiserslautern,1850.18,1689.38,9.0,1.0,10.0,4.0
2001-05-12,VfL Bochum,SC Freiburg,1559.83,1693.71,1.0,6.0,4.0,10.0
2001-05-12,Cottbus,Hamburger SV,1575.42,1688.02,3.0,5.0,4.0,7.0
2001-05-12,Hansa Rostock,Munich 1860,1636.26,1643.76,6.0,6.0,8.0,9.0
2001-05-12,Hertha,Bayer Leverkusen,1683.65,1744.61,3.0,4.0,6.0,7.0
2001-05-12,VfB Stuttgart,Schalke 04,1649.08,1748.8,4.0,7.0,8.0,13.0
2001-05-12,Unterhaching,Borussia Dortmund,1613.67,1726.58,4.0,5.0,6.0,6.0
2001-05-12,VfL Wolfsburg,Eintracht Frankfurt,1703.65,1572.04,4.0,3.0,5.0,3.0
2001-05-19,Munich 1860,Cottbus,1662.19,1589.96,4.0,3.0,10.0,6.0
2001-05-19,Borussia Dortmund,1. FC Koln,1742.53,1660.73,5.0,3.0,8.0,4.0
2001-05-19,Eintracht Frankfurt,VfB Stuttgart,1582.86,1668.79,3.0,7.0,3.0,10.0
2001-05-19,SC Freiburg,VfL Wolfsburg,1715.46,1711.58,6.0,4.0,12.0,7.0
2001-05-19,Hamburger SV,Bayern Munich,1680.67,1887.08,4.0,9.0,6.0,12.0
2001-05-19,Kaiserslautern,Hertha,1696.66,1684.16,1.0,4.0,4.0,7.0
2001-05-19,Bayer Leverkusen,VfL Bochum,1745.51,1548.43,4.0,1.0,5.0,1.0
2001-05-19,Schalke 04,Unterhaching,1752.45,1612.05,4.0,4.0,10.0,5.0
2001-05-19,Werder Bremen,Hansa Rostock,1716.99,1645.39,4.0,4.0,7.0,8.0
2001-07-28,Cottbus,Hamburger SV,1602.26,1684.15,6.0,2.0,9.0,6.0
2001-07-28,Borussia Dortmund,Nurnberg,1738.22,1603.05,5.0,6.0,9.0,9.0
2001-07-28,SC Freiburg,Werder Bremen,1725.47,1724.42,9.0,7.0,12.0,7.0
2001-07-28,Bayer Leverkusen,VfL Wolfsburg,1748.0,1702.26,4.0,3.0,8.0,7.0
2001-07-28,MGladbach,Bayern Munich,1633.91,1885.27,5.0,7.0,8.0,13.0
2001-07-28,Munich 1860,Kaiserslautern,1650.57,1686.58,4.0,1.0,7.0,1.0
2001-07-28,VfB Stuttgart,1. FC Koln,1661.42,1665.74,4.0,1.0,7.0,4.0
2001-07-29,FC St. Pauli,Hertha,1571.86,1694.93,7.0,4.0,11.0,7.0
2001-08-04,Bayern Munich,Schalke 04,1873.26,1757.04,4.0,6.0,10.0,10.0
2001-08-04,1. FC Koln,Munich 1860,1668.15,1632.29,2.0,1.0,5.0,4.0
2001-08-04,Hamburger SV,VfB Stuttgart,1676.48,1659.01,1.0,4.0,5.0,8.0
2001-08-04,Hansa Rostock,Bayer Leverkusen,1638.65,1752.66,4.0,7.0,7.0,10.0
2001-08-04,Hertha,Borussia Dortmund,1694.0,1742.59,5.0,7.0,8.0,9.0
2001-08-04,Werder Bremen,Cottbus,1714.65,1609.93,6.0,9.0,7.0,9.0
2001-08-04,VfL Wolfsburg,FC St. Pauli,1697.59,1572.78,3.0,5.0,4.0,9.0
2001-08-05,Kaiserslautern,MGladbach,1704.87,1645.93,3.0,7.0,4.0,8.0
2001-08-05,Nurnberg,SC Freiburg,1598.68,1735.24,3.0,9.0,9.0,12.0
2001-08-11,Cottbus,Nurnberg,1609.93,1598.68,6.0,3.0,9.0,9.0
2001-08-11,Borussia Dortmund,VfL Wolfsburg,1742.59,1697.59,7.0,1.0,11.0,4.0
2001-08-11,SC Freiburg,Hertha,1735.24,1694.0,6.0,4.0,12.0,5.0
2001-08-11,Kaiserslautern,1. FC Koln,1704.87,1668.15,6.0,5.0,7.0,5.0
2001-08-11,Bayer Leverkusen,Bayern Munich,1752.66,1873.26,9.0,4.0,10.0,10.0
2001-08-11,Munich 1860,Hamburger SV,1632.29,1676.48,0.0,4.0,4.0,5.0
2001-08-11,VfB Stuttgart,Werder Bremen,1659.01,1714.65,1.0,6.0,5.0,10.0
2001-08-12,MGladbach,Schalke 04,1645.93,1757.04,6.0,3.0,8.0,7.0
2001-08-12,FC St. Pauli,Hansa Rostock,1572.78,1638.65,5.0,1.0,9.0,4.0
2001-08-18,Bayern Munich,FC St. Pauli,1883.1,1573.68,4.0,2.0,8.0,6.0
2001-08-18,Hamburger SV,Kaiserslautern,1689.58,1718.56,4.0,9.0,5.0,9.0
2001-08-18,Hansa Rostock,Borussia Dortmund,1639.69,1778.28,3.0,9.0,7.0,13.0
2001-08-18,Nurnberg,VfB Stuttgart,1610.37,1655.07,3.0,2.0,6.0,5.0
2001-08-18,Schalke 04,Bayer Leverkusen,1755.08,1772.22,4.0,7.0,7.0,11.0
2001-08-18,Werder Bremen,Munich 1860,1723.35,1628.95,4.0,1.0,10.0,2.0
2001-08-18,VfL Wolfsburg,SC Freiburg,1688.39,1710.27,1.0,3.0,4.0,9.0
2001-08-19,1. FC Koln,MGladbach,1674.68,1646.45,4.0,4.0,5.0,8.0
2001-08-19,Hertha,Cottbus,1702.12,1616.75,4.0,6.0,8.0,12.0
2001-08-21,Schalke 04,Hansa Rostock,1755.08,1639.69,2.0,3.0,5.0,4.0
2001-09-08,Cottbus,VfL Wolfsburg,1633.69,1691.07,6.0,2.0,12.0,2.0
2001-09-08,Borussia Dortmund,Bayern Munich,1794.69,1889.44,9.0,7.0,13.0,8.0
2001-09-08,SC Freiburg,Hansa Rostock,1716.97,1630.16,1.0,3.0,7.0,3.0
2001-09-08,MGladbach,Bayer Leverkusen,1666.39,1789.88,4.0,5.0,10.0,11.0
2001-09-08,Munich 1860,Nurnberg,1651.2,1601.93,4.0,3.0,4.0,3.0
2001-09-08,FC St. Pauli,Schalke 04,1576.72,1762.31,1.0,5.0,5.0,8.0
2001-09-08,VfB Stuttgart,Hertha,1672.9,1694.56,4.0,3.0,5.0,7.0
2001-09-09,1. FC Koln,Hamburger SV,1664.12,1684.99,3.0,4.0,5.0,5.0
2001-09-09,Kaiserslautern,Werder Bremen,1732.53,1710.48,9.0,4.0,12.0,7.0
2001-09-15,Bayern Munich,SC Freiburg,1895.08,1706.16,7.0,2.0,10.0,5.0
2001-09-15,Hamburger SV,MGladbach,1673.36,1654.05,1.0,4.0,4.0,7.0
2001-09-15,Bayer Leverkusen,FC St. Pauli,1791.38,1563.69,5.0,0.0,11.0,2.0
2001-09-15,Nurnberg,Kaiserslautern,1591.84,1732.35,0.0,9.0,3.0,15.0
2001-09-15,Schalke 04,Borussia Dortmund,1747.19,1781.23,7.0,6.0,8.0,12.0
2001-09-15,Werder Bremen,1. FC Koln,1699.82,1664.92,1.0,3.0,4.0,7.0
2001-09-15,VfL Wolfsburg,VfB Stuttgart,1686.55,1665.57,2.0,5.0,3.0,6.0
2001-09-16,Hansa Rostock,Cottbus,1629.4,1627.38,1.0,7.0,4.0,10.0
2001-09-16,Hertha,Munich 1860,1691.05,1650.45,4.0,7.0,5.0,7.0
2001-09-22,Cottbus,Bayern Munich,1627.38,1895.08,5.0,9.0,8.0,13.0
2001-09-22,Borussia Dortmund,Bayer Leverkusen,1781.23,1791.38,3.0,7.0,9.0,11.0
2001-09-22,1. FC Koln,Nurnberg,1664.92,1591.84,4.0,0.0,7.0,3.0
2001-09-22,SC Freiburg,Schalke 04,1706.16,1747.19,2.0,9.0,2.0,11.0
2001-09-22,Hamburger SV,Werder Bremen,1673.36,1699.82,1.0,1.0,5.0,5.0
2001-09-22,Kaiserslautern,Hertha,1732.35,1691.05,9.0,4.0,15.0,7.0
2001-09-22,VfB Stuttgart,Hansa Rostock,1665.57,1629.4,7.0,2.0,8.0,5.0
2001-09-23,MGladbach,FC St. Pauli,1654.05,1563.69,4.0,0.0,5.0,1.0
2001-09-23,Munich 1860,VfL Wolfsburg,1650.45,1686.55,6.0,2.0,7.0,3.0
2001-09-29,Hansa Rostock,Munich 1860,1629.4,1650.45,2.0,6.0,2.0,10.0
2001-09-29,Hertha,1. FC Koln,1691.05,1664.92,4.0,4.0,7.0,4.0
2001-09-29,Nurnberg,Hamburger SV,1591.84,1673.36,3.0,1.0,3.0,2.0
2001-09-29,Schalke 04,Cottbus,1747.19,1627.38,6.0,2.0,10.0,8.0
2001-09-29,FC St. Pauli,Borussia Dortmund,1563.69,1781.23,1.0,1.0,1.0,7.0
2001-09-29,Werder Bremen,MGladbach,1699.82,1654.05,4.0,2.0,5.0,6.0
2001-09-29,VfL Wolfsburg,Kaiserslautern,1686.55,1732.35,1.0,9.0,2.0,15.0
2001-09-30,Bayern Munich,VfB Stuttgart,1895.08,1665.57,9.0,7.0,13.0,11.0
2001-09-30,Bayer Leverkusen,SC Freiburg,1791.38,1706.16,7.0,4.0,9.0,5.0
2001-10-13,Cottbus,Bayer Leverkusen,1620.48,1822.99,1.0,7.0,5.0,11.0
2001-10-13,SC Freiburg,FC St. Pauli,1711.79,1563.14,3.0,1.0,5.0,1.0
2001-10-13,Hamburger SV,Hertha,1655.36,1702.15,2.0,6.0,2.0,7.0
2001-10-13,Kaiserslautern,Hansa Rostock,1741.52,1623.03,6.0,2.0,12.0,3.0
2001-10-13,MGladbach,Borussia Dortmund,1650.27,1772.07,2.0,4.0,5.0,7.0
2001-10-13,Munich 1860,Bayern Munich,1655.95,1910.83,4.0,9.0,10.0,15.0
2001-10-13,VfB Stuttgart,Schalke 04,1683.49,1739.29,6.0,6.0,10.0,12.0
2001-10-14,1. FC Koln,VfL Wolfsburg,1649.92,1678.49,1.0,3.0,4.0,5.0
2001-10-14,Werder Bremen,Nurnberg,1721.58,1596.38,7.0,4.0,7.0,4.0
2001-10-20,Bayern Munich,Kaiserslautern,1914.32,1745.54,9.0,6.0,15.0,12.0
2001-10-20,Hansa Rostock,1. FC Koln,1617.52,1630.97,1.0,0.0,3.0,4.0
2001-10-20,Hertha,Werder Bremen,1687.41,1726.58,3.0,9.0,7.0,10.0
2001-10-20,Bayer Leverkusen,VfB Stuttgart,1828.77,1695.38,7.0,6.0,13.0,10.0
2001-10-20,Nurnberg,MGladbach,1589.9,1642.63,4.0,1.0,4.0,2.0
2001-10-20,Schalke 04,Munich 1860,1725.91,1647.27,3.0,4.0,9.0,7.0
2001-10-20,FC St. Pauli,Cottbus,1568.25,1614.81,2.0,0.0,2.0,2.0
2001-10-21,Borussia Dortmund,SC Freiburg,1778.23,1705.2,7.0,4.0,7.0,5.0
2001-10-21,VfL Wolfsburg,Hamburger SV,1695.96,1668.62,6.0,4.0,7.0,5.0
2001-10-27,Cottbus,Borussia Dortmund,1614.81,1778.23,0.0,6.0,1.0,7.0
2001-10-27,1. FC Koln,Bayern Munich,1630.97,1914.32,0.0,9.0,1.0,15.0
2001-10-27,Kaiserslautern,Schalke 04,1745.54,1725.91,3.0,6.0,9.0,9.0
2001-10-27,MGladbach,SC Freiburg,1642.63,1705.2,3.0,4.0,5.0,7.0
2001-10-27,Munich 1860,Bayer Leverkusen,1647.27,1828.77,1.0,9.0,4.0,13.0
2001-10-27,VfB Stuttgart,FC St. Pauli,1695.38,1568.25,3.0,4.0,9.0,5.0
2001-10-27,Werder Bremen,VfL Wolfsburg,1726.58,1695.96,6.0,6.0,10.0,6.0
2001-10-28,Hamburger SV,Hansa Rostock,1668.62,1617.52,7.0,4.0,8.0,5.0
2001-10-28,Nurnberg,Hertha,1589.9,1687.41,1.0,6.0,4.0,9.0
2001-11-03,Bayern Munich,Hamburger SV,1936.29,1670.37,9.0,6.0,15.0,7.0
2001-11-03,Borussia Dortmund,VfB Stuttgart,1774.63,1697.41,6.0,6.0,10.0,9.0
2001-11-03,Hansa Rostock,Werder Bremen,1642.31,1724.77,6.0,6.0,7.0,12.0
2001-11-03,Bayer Leverkusen,Kaiserslautern,1829.59,1741.54,9.0,4.0,13.0,7.0
2001-11-03,Schalke 04,1. FC Koln,1764.94,1618.59,4.0,0.0,7.0,0.0
2001-11-03,FC St. Pauli,Munich 1860,1579.86,1637.57,4.0,0.0,5.0,4.0
2001-11-03,VfL Wolfsburg,Nurnberg,1683.03,1574.08,3.0,0.0,6.0,4.0
2001-11-04,SC Freiburg,Cottbus,1712.66,1595.32,5.0,0.0,8.0,0.0
2001-11-04,Hertha,MGladbach,1715.01,1653.26,6.0,4.0,9.0,5.0
2001-11-17,1. FC Koln,Bayer Leverkusen,1621.91,1841.17,0.0,9.0,0.0,15.0
2001-11-17,Hamburger SV,Schalke 04,1675.18,1776.83,3.0,7.0,7.0,10.0
2001-11-17,Hertha,VfL Wolfsburg,1732.56,1698.79,9.0,3.0,12.0,9.0
2001-11-17,Kaiserslautern,FC St. Pauli,1745.18,1572.93,1.0,3.0,4.0,4.0
2001-11-17,Munich 1860,Borussia Dortmund,1659.72,1786.6,3.0,6.0,4.0,12.0
2001-11-17,VfB Stuttgart,SC Freiburg,1700.65,1745.51,3.0,7.0,6.0,8.0
2001-11-17,Werder Bremen,Bayern Munich,1740.15,1946.69,6.0,9.0,12.0,15.0
2001-11-18,MGladbach,Cottbus,1652.96,1598.4,4.0,0.0,4.0,0.0
2001-11-18,Nurnberg,Hansa Rostock,1573.53,1642.15,0.0,6.0,1.0,7.0
2001-11-24,Bayern Munich,Nurnberg,1946.69,1573.53,6.0,3.0,12.0,3.0
2001-11-24,Cottbus,VfB Stuttgart,1598.4,1700.65,1.0,6.0,1.0,9.0
2001-11-24,Hansa Rostock,Hertha,1642.15,1732.56,3.0,9.0,6.0,12.0
2001-11-24,Bayer Leverkusen,Hamburger SV,1841.17,1675.18,9.0,1.0,15.0,7.0
2001-11-24,Schalke 04,Werder Bremen,1776.83,1740.15,5.0,9.0,8.0,12.0
2001-11-24,FC St. Pauli,1. FC Koln,1572.93,1621.91,0.0,0.0,4.0,0.0
2001-11-24,VfL Wolfsburg,MGladbach,1698.79,1652.96,3.0,2.0,6.0,5.0
2001-11-25,Borussia Dortmund,Kaiserslautern,1786.6,1745.18,9.0,4.0,12.0,7.0
2001-11-25,SC Freiburg,Munich 1860,1745.51,1659.72,4.0,3.0,8.0,3.0
2001-12-01,1. FC Koln,Borussia Dortmund,1622.7,1804.53,3.0,9.0,3.0,12.0
2001-12-01,Hansa Rostock,VfL Wolfsburg,1628.74,1694.99,1.0,6.0,7.0,6.0
2001-12-01,Kaiserslautern,SC Freiburg,1738.49,1714.58,3.0,3.0,4.0,7.0
2001-12-01,Munich 1860,Cottbus,1663.73,1599.6,6.0,2.0,6.0,2.0
2001-12-01,Nurnberg,Schalke 04,1589.35,1754.62,4.0,4.0,4.0,8.0
2001-12-01,VfB Stuttgart,MGladbach,1708.74,1638.78,4.0,1.0,7.0,5.0
2001-12-01,Werder Bremen,Bayer Leverkusen,1766.1,1835.88,9.0,9.0,12.0,15.0
2001-12-02,Hamburger SV,FC St. Pauli,1667.8,1555.78,1.0,0.0,4.0,3.0
2001-12-02,Hertha,Bayern Munich,1736.38,1918.42,7.0,4.0,13.0,10.0
2001-12-08,Bayern Munich,VfL Wolfsburg,1918.42,1694.99,1.0,6.0,7.0,9.0
2001-12-08,Cottbus,Kaiserslautern,1599.6,1738.49,2.0,6.0,2.0,7.0
2001-12-08,Borussia Dortmund,Hamburger SV,1804.53,1667.8,9.0,4.0,15.0,4.0
2001-12-08,Bayer Leverkusen,Nurnberg,1835.88,1589.35,6.0,4.0,12.0,4.0
2001-12-08,MGladbach,Hansa Rostock,1638.78,1628.74,2.0,1.0,3.0,4.0
2001-12-08,FC St. Pauli,Werder Bremen,1555.78,1766.1,0.0,9.0,0.0,15.0
2001-12-08,VfB Stuttgart,Munich 1860,1708.74,1663.73,5.0,6.0,8.0,9.0
2001-12-09,SC Freiburg,1. FC Koln,1714.58,1622.7,0.0,3.0,4.0,3.0
2001-12-09,Schalke 04,Hertha,1754.62,1736.38,4.0,7.0,8.0,13.0
2001-12-15,1. FC Koln,Cottbus,1611.64,1578.61,4.0,1.0,4.0,2.0
2001-12-15,Hamburger SV,SC Freiburg,1660.29,1684.77,3.0,1.0,4.0,4.0
2001-12-15,Hansa Rostock,Bayern Munich,1627.42,1899.34,4.0,2.0,4.0,5.0
2001-12-15,Hertha,Bayer Leverkusen,1710.16,1832.2,5.0,6.0,11.0,12.0
2001-12-15,Munich 1860,MGladbach,1671.44,1620.05,9.0,1.0,12.0,2.0
2001-12-15,Nurnberg,FC St. Pauli,1569.13,1536.82,1.0,0.0,4.0,0.0
2001-12-15,Werder Bremen,Borussia Dortmund,1773.26,1808.19,9.0,9.0,15.0,15.0
2001-12-16,Kaiserslautern,VfB Stuttgart,1748.49,1685.64,6.0,2.0,9.0,5.0
2001-12-16,VfL Wolfsburg,Schalke 04,1702.31,1753.14,7.0,4.0,10.0,8.0
2001-12-18,Bayern Munich,MGladbach,1899.34,1620.05,1.0,2.0,2.0,3.0
2001-12-18,Hamburger SV,Cottbus,1660.29,1578.61,4.0,1.0,5.0,3.0
2001-12-18,Hertha,FC St. Pauli,1710.16,1536.82,7.0,1.0,11.0,1.0
2001-12-18,Nurnberg,Borussia Dortmund,1569.13,1808.19,1.0,7.0,5.0,13.0
2001-12-18,Werder Bremen,SC Freiburg,1773.26,1684.77,7.0,2.0,13.0,2.0
2001-12-19,1. FC Koln,VfB Stuttgart,1611.64,1685.64,2.0,2.0,5.0,6.0
2001-12-19,Hansa Rostock,Schalke 04,1627.42,1753.14,6.0,4.0,7.0,5.0
2001-12-19,Kaiserslautern,Munich 1860,1748.49,1671.44,7.0,7.0,10.0,10.0
2001-12-19,VfL Wolfsburg,Bayer Leverkusen,1702.31,1832.2,7.0,3.0,10.0,9.0
2002-01-26,SC Freiburg,Nurnberg,1682.23,1570.39,2.0,2.0,2.0,3.0
2002-01-26,Bayer Leverkusen,Hansa Rostock,1811.2,1629.93,3.0,6.0,6.0,7.0
2002-01-26,MGladbach,Kaiserslautern,1631.21,1728.2,2.0,4.0,3.0,7.0
2002-01-26,Munich 1860,1. FC Koln,1684.28,1608.52,7.0,3.0,13.0,6.0
2002-01-26,Schalke 04,Bayern Munich,1753.34,1878.87,4.0,2.0,7.0,3.0
2002-01-26,FC St. Pauli,VfL Wolfsburg,1546.27,1724.47,2.0,7.0,2.0,13.0
2002-01-26,VfB Stuttgart,Hamburger SV,1689.53,1666.16,2.0,4.0,4.0,7.0
2002-01-27,Cottbus,Werder Bremen,1574.3,1776.1,1.0,7.0,2.0,13.0
2002-01-27,Borussia Dortmund,Hertha,1805.09,1712.84,5.0,5.0,11.0,9.0
2002-02-02,1. FC Koln,Kaiserslautern,1601.23,1738.54,2.0,4.0,3.0,10.0
2002-02-02,Hamburger SV,Munich 1860,1656.74,1691.56,4.0,7.0,7.0,13.0
2002-02-02,Hertha,SC Freiburg,1707.26,1687.29,4.0,4.0,8.0,5.0
2002-02-02,Nurnberg,Cottbus,1565.32,1585.27,2.0,4.0,2.0,4.0
2002-02-02,Schalke 04,MGladbach,1771.71,1620.86,6.0,2.0,10.0,3.0
2002-02-02,Werder Bremen,VfB Stuttgart,1765.13,1698.95,4.0,5.0,10.0,6.0
2002-02-02,VfL Wolfsburg,Borussia Dortmund,1709.99,1810.67,6.0,5.0,10.0,11.0
2002-02-03,Bayern Munich,Bayer Leverkusen,1860.5,1814.74,1.0,3.0,2.0,6.0
2002-02-03,Hansa Rostock,FC St. Pauli,1626.38,1560.75,3.0,5.0,6.0,5.0
2002-02-05,Cottbus,Hertha,1585.27,1707.26,3.0,2.0,4.0,6.0
2002-02-05,SC Freiburg,VfL Wolfsburg,1687.29,1709.99,4.0,4.0,6.0,8.0
2002-02-05,MGladbach,1. FC Koln,1620.86,1601.23,1.0,1.0,2.0,3.0
2002-02-05,Munich 1860,Werder Bremen,1691.56,1765.13,6.0,3.0,10.0,7.0
2002-02-05,VfB Stuttgart,Nurnberg,1698.95,1565.32,7.0,4.0,8.0,5.0
2002-02-06,Borussia Dortmund,Hansa Rostock,1810.67,1626.38,5.0,3.0,9.0,9.0
2002-02-06,Kaiserslautern,Hamburger SV,1738.54,1656.74,6.0,6.0,10.0,7.0
2002-02-06,Bayer Leverkusen,Schalke 04,1814.74,1771.71,3.0,9.0,6.0,10.0
2002-02-06,FC St. Pauli,Bayern Munich,1560.75,1860.5,4.0,4.0,5.0,5.0
2002-02-09,Bayern Munich,Borussia Dortmund,1860.5,1810.67,3.0,7.0,4.0,9.0
2002-02-09,Hansa Rostock,SC Freiburg,1626.38,1687.29,3.0,5.0,6.0,6.0
2002-02-09,Hertha,VfB Stuttgart,1707.26,1698.95,1.0,6.0,5.0,8.0
2002-02-09,Bayer Leverkusen,MGladbach,1814.74,1620.86,3.0,3.0,3.0,5.0
2002-02-09,Schalke 04,FC St. Pauli,1771.71,1560.75,9.0,6.0,12.0,8.0
2002-02-09,Werder Bremen,Kaiserslautern,1765.13,1738.54,0.0,7.0,4.0,8.0
2002-02-09,VfL Wolfsburg,Cottbus,1709.99,1585.27,2.0,6.0,8.0,7.0
2002-02-10,Hamburger SV,1. FC Koln,1656.74,1601.23,4.0,0.0,8.0,2.0
2002-02-10,Nurnberg,Munich 1860,1565.32,1691.56,6.0,6.0,8.0,10.0
2002-02-16,Borussia Dortmund,Schalke 04,1817.31,1790.91,5.0,9.0,9.0,15.0
2002-02-16,SC Freiburg,Bayern Munich,1673.44,1850.44,2.0,4.0,5.0,5.0
2002-02-16,Kaiserslautern,Nurnberg,1734.8,1596.16,4.0,9.0,7.0,10.0
2002-02-16,MGladbach,Hamburger SV,1621.72,1675.67,3.0,7.0,4.0,10.0
2002-02-16,Munich 1860,Hertha,1687.03,1703.63,3.0,4.0,9.0,5.0
2002-02-16,FC St. Pauli,Bayer Leverkusen,1565.74,1802.55,3.0,3.0,7.0,6.0
2002-02-16,VfB Stuttgart,VfL Wolfsburg,1688.91,1715.54,3.0,5.0,7.0,8.0
2002-02-17,Cottbus,Hansa Rostock,1582.01,1642.14,3.0,6.0,6.0,6.0
2002-02-17,1. FC Koln,Werder Bremen,1576.31,1748.6,0.0,3.0,1.0,6.0
2002-02-23,Bayern Munich,Cottbus,1850.44,1582.01,4.0,6.0,7.0,9.0
2002-02-23,Hansa Rostock,VfB Stuttgart,1642.14,1688.91,3.0,3.0,6.0,9.0
2002-02-23,Hertha,Kaiserslautern,1703.63,1734.8,6.0,4.0,7.0,10.0
2002-02-23,Nurnberg,1. FC Koln,1596.16,1576.31,6.0,1.0,9.0,1.0
2002-02-23,Schalke 04,SC Freiburg,1790.91,1673.44,7.0,1.0,13.0,5.0
2002-02-23,FC St. Pauli,MGladbach,1565.74,1621.72,4.0,6.0,7.0,6.0
2002-02-23,VfL Wolfsburg,Munich 1860,1715.54,1687.03,4.0,3.0,5.0,6.0
2002-02-24,Bayer Leverkusen,Borussia Dortmund,1802.55,1817.31,4.0,5.0,7.0,9.0
2002-02-24,Werder Bremen,Hamburger SV,1748.6,1675.67,4.0,4.0,4.0,7.0
2002-03-02,Cottbus,Schalke 04,1589.9,1798.72,3.0,7.0,6.0,13.0
2002-03-02,1. FC Koln,Hertha,1570.04,1731.72,1.0,9.0,1.0,10.0
2002-03-02,SC Freiburg,Bayer Leverkusen,1658.84,1800.36,0.0,7.0,2.0,7.0
2002-03-02,Hamburger SV,Nurnberg,1679.71,1599.92,6.0,6.0,10.0,12.0
2002-03-02,MGladbach,Werder Bremen,1628.72,1733.5,4.0,4.0,7.0,4.0
2002-03-02,Munich 1860,Hansa Rostock,1684.91,1627.79,3.0,4.0,6.0,7.0
2002-03-02,VfB Stuttgart,Bayern Munich,1695.15,1862.85,4.0,7.0,7.0,10.0
2002-03-03,Borussia Dortmund,FC St. Pauli,1806.48,1567.76,2.0,2.0,6.0,5.0
2002-03-03,Kaiserslautern,VfL Wolfsburg,1724.89,1692.39,3.0,3.0,7.0,5.0
2002-03-09,Bayern Munich,Munich 1860,1862.85,1684.91,9.0,6.0,10.0,9.0
2002-03-09,Borussia Dortmund,MGladbach,1806.48,1628.72,2.0,7.0,6.0,10.0
2002-03-09,Hansa Rostock,Kaiserslautern,1627.79,1724.89,1.0,6.0,4.0,7.0
2002-03-09,Bayer Leverkusen,Cottbus,1800.36,1589.9,5.0,6.0,8.0,9.0
2002-03-09,Nurnberg,Werder Bremen,1599.92,1733.5,3.0,1.0,9.0,4.0
2002-03-09,FC St. Pauli,SC Freiburg,1567.76,1658.84,3.0,1.0,6.0,2.0
2002-03-09,VfL Wolfsburg,1. FC Koln,1692.39,1570.04,0.0,2.0,4.0,2.0
2002-03-10,Hertha,Hamburger SV,1731.72,1679.71,7.0,6.0,10.0,10.0
2002-03-10,Schalke 04,VfB Stuttgart,1798.72,1695.15,4.0,4.0,10.0,4.0
2002-03-16,Cottbus,FC St. Pauli,1607.04,1587.46,3.0,5.0,6.0,6.0
2002-03-16,1. FC Koln,Hansa Rostock,1570.15,1634.33,1.0,4.0,2.0,7.0
2002-03-16,Hamburger SV,VfL Wolfsburg,1678.62,1698.7,6.0,3.0,9.0,6.0
2002-03-16,Kaiserslautern,Bayern Munich,1726.07,1881.91,3.0,9.0,6.0,13.0
2002-03-16,MGladbach,Nurnberg,1637.76,1584.99,4.0,3.0,7.0,6.0
2002-03-16,VfB Stuttgart,Bayer Leverkusen,1687.51,1815.47,1.0,7.0,4.0,11.0
2002-03-16,Werder Bremen,Hertha,1743.89,1745.7,3.0,7.0,7.0,13.0
2002-03-17,SC Freiburg,Borussia Dortmund,1657.23,1808.82,1.0,4.0,1.0,6.0
2002-03-17,Munich 1860,Schalke 04,1693.43,1791.35,6.0,6.0,6.0,10.0
2002-03-23,Bayern Munich,1. FC Koln,1881.91,1570.15,7.0,4.0,13.0,5.0
2002-03-23,SC Freiburg,MGladbach,1657.23,1637.76,1.0,6.0,1.0,10.0
2002-03-23,Hansa Rostock,Hamburger SV,1634.33,1678.62,3.0,4.0,4.0,7.0
2002-03-23,Hertha,Nurnberg,1745.7,1584.99,7.0,0.0,13.0,3.0
2002-03-23,Bayer Leverkusen,Munich 1860,1815.47,1693.43,7.0,3.0,11.0,6.0
2002-03-23,Schalke 04,Kaiserslautern,1791.35,1726.07,6.0,4.0,10.0,7.0
2002-03-23,FC St. Pauli,VfB Stuttgart,1587.46,1687.51,4.0,0.0,6.0,4.0
2002-03-24,Borussia Dortmund,Cottbus,1808.82,1607.04,7.0,6.0,8.0,9.0
2002-03-24,VfL Wolfsburg,Werder Bremen,1698.7,1743.89,4.0,3.0,4.0,4.0
2002-03-30,Cottbus,SC Freiburg,1607.04,1657.23,3.0,0.0,6.0,1.0
2002-03-30,Hamburger SV,Bayern Munich,1678.62,1881.91,2.0,7.0,8.0,13.0
2002-03-30,Kaiserslautern,Bayer Leverkusen,1726.07,1815.47,1.0,9.0,4.0,13.0
2002-03-30,MGladbach,Hertha,1637.76,1745.7,6.0,9.0,10.0,13.0
2002-03-30,Munich 1860,FC St. Pauli,1693.43,1587.46,0.0,3.0,6.0,5.0
2002-03-30,Nurnberg,VfL Wolfsburg,1584.99,1698.7,0.0,7.0,3.0,7.0
2002-03-30,VfB Stuttgart,Borussia Dortmund,1687.51,1808.82,3.0,9.0,4.0,10.0
2002-03-31,1. FC Koln,Schalke 04,1570.15,1791.35,3.0,9.0,4.0,12.0
2002-03-31,Werder Bremen,Hansa Rostock,1743.89,1634.33,3.0,4.0,3.0,5.0
2002-04-06,Bayern Munich,Werder Bremen,1891.69,1731.37,5.0,3.0,11.0,6.0
2002-04-06,Cottbus,MGladbach,1632.69,1674.81,6.0,9.0,9.0,12.0
2002-04-06,Hansa Rostock,Nurnberg,1629.65,1602.69,1.0,3.0,4.0,3.0
2002-04-06,Bayer Leverkusen,1. FC Koln,1867.98,1591.99,9.0,4.0,13.0,5.0
2002-04-06,Schalke 04,Hamburger SV,1812.93,1691.09,7.0,3.0,10.0,6.0
2002-04-06,FC St. Pauli,Kaiserslautern,1575.14,1721.34,0.0,1.0,4.0,4.0
2002-04-06,VfL Wolfsburg,Hertha,1704.68,1765.43,4.0,6.0,7.0,10.0
2002-04-07,Borussia Dortmund,Munich 1860,1837.75,1695.41,6.0,3.0,10.0,6.0
2002-04-07,SC Freiburg,VfB Stuttgart,1635.22,1705.15,0.0,6.0,1.0,6.0
2002-04-13,1. FC Koln,FC St. Pauli,1591.99,1575.14,1.0,1.0,4.0,4.0
2002-04-13,Hamburger SV,Bayer Leverkusen,1691.09,1867.98,2.0,9.0,3.0,15.0
2002-04-13,Hertha,Hansa Rostock,1765.43,1629.65,6.0,4.0,12.0,7.0
2002-04-13,MGladbach,VfL Wolfsburg,1674.81,1704.68,7.0,3.0,10.0,7.0
2002-04-13,Munich 1860,SC Freiburg,1695.41,1635.22,3.0,0.0,3.0,0.0
2002-04-13,Nurnberg,Bayern Munich,1602.69,1891.69,3.0,5.0,3.0,9.0
2002-04-13,Werder Bremen,Schalke 04,1731.37,1812.93,4.0,7.0,7.0,13.0
2002-04-14,Kaiserslautern,Borussia Dortmund,1721.34,1837.75,1.0,6.0,2.0,12.0
2002-04-14,VfB Stuttgart,Cottbus,1705.15,1632.69,9.0,4.0,9.0,7.0
2002-04-19,FC St. Pauli,Hamburger SV,1575.37,1693.41,1.0,2.0,1.0,4.0
2002-04-20,Bayern Munich,Hertha,1883.48,1784.75,5.0,6.0,9.0,12.0
2002-04-20,Cottbus,Munich 1860,1635.1,1703.75,5.0,6.0,8.0,6.0
2002-04-20,Borussia Dortmund,1. FC Koln,1854.47,1599.32,3.0,4.0,9.0,7.0
2002-04-20,Bayer Leverkusen,Werder Bremen,1883.03,1754.58,7.0,7.0,13.0,7.0
2002-04-20,Schalke 04,Nurnberg,1808.59,1597.83,4.0,3.0,10.0,3.0
2002-04-20,VfL Wolfsburg,Hansa Rostock,1710.35,1635.9,3.0,3.0,7.0,4.0
2002-04-21,SC Freiburg,Kaiserslautern,1619.96,1724.07,0.0,4.0,0.0,5.0
2002-04-21,MGladbach,VfB Stuttgart,1666.43,1721.63,4.0,7.0,10.0,10.0
2002-04-27,1. FC Koln,SC Freiburg,1599.32,1619.96,3.0,3.0,4.0,3.0
2002-04-27,Hamburger SV,Borussia Dortmund,1693.41,1854.47,4.0,6.0,6.0,9.0
2002-04-27,Hansa Rostock,MGladbach,1635.9,1666.43,3.0,2.0,4.0,8.0
2002-04-27,Hertha,Schalke 04,1784.75,1808.59,6.0,6.0,9.0,10.0
2002-04-27,Kaiserslautern,Cottbus,1724.07,1635.1,4.0,3.0,4.0,6.0
2002-04-27,Munich 1860,VfB Stuttgart,1703.75,1721.63,4.0,5.0,7.0,11.0
2002-04-27,Nurnberg,Bayer Leverkusen,1597.83,1883.03,0.0,4.0,3.0,10.0
2002-04-27,Werder Bremen,FC St. Pauli,1754.58,1575.37,7.0,1.0,10.0,1.0
2002-04-27,VfL Wolfsburg,Bayern Munich,1710.35,1883.48,6.0,7.0,9.0,11.0
2002-05-04,Bayern Munich,Hansa Rostock,1897.96,1628.43,9.0,1.0,11.0,4.0
2002-05-04,Cottbus,1. FC Koln,1633.72,1608.9,2.0,6.0,6.0,7.0
2002-05-04,Borussia Dortmund,Werder Bremen,1856.56,1771.9,6.0,9.0,9.0,13.0
2002-05-04,SC Freiburg,Hamburger SV,1624.76,1703.4,3.0,4.0,3.0,5.0
2002-05-04,Bayer Leverkusen,Hertha,1866.12,1789.72,1.0,6.0,7.0,9.0
2002-05-04,MGladbach,Munich 1860,1669.01,1704.52,2.0,5.0,6.0,8.0
2002-05-04,Schalke 04,VfL Wolfsburg,1803.76,1714.3,3.0,6.0,7.0,6.0
2002-05-04,FC St. Pauli,Nurnberg,1560.94,1610.41,0.0,3.0,1.0,6.0
2002-05-04,VfB Stuttgart,Kaiserslautern,1722.68,1730.65,3.0,6.0,9.0,7.0
2002-08-09,Borussia Dortmund,Hertha,1842.21,1780.15,9.0,3.0,12.0,9.0
2002-08-10,Cottbus,Bayer Leverkusen,1616.55,1859.08,1.0,3.0,3.0,7.0
2002-08-10,MGladbach,Bayern Munich,1650.0,1893.62,2.0,9.0,3.0,13.0
2002-08-10,Nurnberg,VfL Bochum,1613.82,1631.51,6.0,7.0,6.0,10.0
2002-08-10,Schalke 04,VfL Wolfsburg,1785.36,1721.12,3.0,6.0,6.0,9.0
2002-08-10,VfB Stuttgart,Kaiserslautern,1722.51,1719.24,5.0,3.0,9.0,7.0
2002-08-11,Bielefeld,Werder Bremen,1644.54,1762.45,7.0,6.0,10.0,10.0
2002-08-11,Hamburger SV,Hannover,1690.29,1677.04,3.0,6.0,4.0,7.0
2002-08-14,Munich 1860,Hansa Rostock,1711.95,1621.18,5.0,1.0,8.0,4.0
2002-08-17,Bayern Munich,Bielefeld,1893.78,1660.06,7.0,7.0,13.0,10.0
2002-08-17,VfL Bochum,Cottbus,1646.49,1621.58,9.0,1.0,13.0,3.0
2002-08-17,Hannover,Munich 1860,1672.99,1695.3,6.0,4.0,6.0,8.0
2002-08-17,Hansa Rostock,Nurnberg,1639.99,1600.98,4.0,6.0,4.0,6.0
2002-08-17,Hertha,VfB Stuttgart,1785.53,1720.76,4.0,5.0,7.0,7.0
2002-08-17,Kaiserslautern,Schalke 04,1723.14,1790.63,4.0,3.0,7.0,6.0
2002-08-17,Bayer Leverkusen,Borussia Dortmund,1856.21,1838.98,4.0,7.0,5.0,10.0
2002-08-18,Werder Bremen,Hamburger SV,1749.08,1696.48,3.0,3.0,9.0,7.0
2002-08-18,VfL Wolfsburg,MGladbach,1718.01,1655.05,3.0,2.0,9.0,3.0
2002-08-24,Bielefeld,VfL Wolfsburg,1660.06,1718.01,6.0,6.0,10.0,9.0
2002-08-24,Cottbus,Hansa Rostock,1621.58,1639.99,1.0,6.0,2.0,7.0
2002-08-24,Borussia Dortmund,VfB Stuttgart,1838.98,1720.76,5.0,5.0,11.0,7.0
2002-08-24,Hamburger SV,Bayern Munich,1696.48,1893.78,3.0,7.0,6.0,13.0
2002-08-24,Bayer Leverkusen,VfL Bochum,1856.21,1646.49,5.0,9.0,5.0,13.0
2002-08-24,MGladbach,Kaiserslautern,1655.05,1723.14,1.0,1.0,3.0,4.0
2002-08-24,Munich 1860,Werder Bremen,1695.3,1749.08,6.0,3.0,8.0,9.0
2002-08-25,Nurnberg,Hannover,1600.98,1672.99,3.0,3.0,6.0,6.0
2002-08-25,Schalke 04,Hertha,1790.63,1785.53,6.0,2.0,9.0,5.0
2002-09-10,Bayern Munich,Munich 1860,1906.54,1719.86,7.0,6.0,13.0,10.0
2002-09-10,VfL Bochum,Borussia Dortmund,1677.63,1846.83,9.0,5.0,15.0,11.0
2002-09-10,Hertha,MGladbach,1784.48,1662.91,3.0,4.0,6.0,5.0
2002-09-10,Werder Bremen,Nurnberg,1742.27,1604.29,3.0,3.0,6.0,9.0
2002-09-11,Hannover,Cottbus,1649.72,1591.7,0.0,1.0,6.0,1.0
2002-09-11,Hansa Rostock,Bayer Leverkusen,1665.68,1833.06,9.0,2.0,10.0,5.0
2002-09-11,Kaiserslautern,Bielefeld,1698.94,1663.61,1.0,6.0,4.0,10.0
2002-09-11,VfB Stuttgart,Schalke 04,1720.59,1799.67,2.0,7.0,6.0,7.0
2002-09-11,VfL Wolfsburg,Hamburger SV,1715.21,1683.17,3.0,3.0,6.0,3.0
2002-09-14,Bielefeld,Hertha,1663.61,1784.48,4.0,2.0,10.0,3.0
2002-09-14,Cottbus,Werder Bremen,1591.7,1742.27,3.0,6.0,4.0,6.0
2002-09-14,Borussia Dortmund,Schalke 04,1846.83,1799.67,5.0,5.0,9.0,8.0
2002-09-14,Bayer Leverkusen,Hannover,1833.06,1649.72,4.0,0.0,8.0,3.0
2002-09-14,MGladbach,VfB Stuttgart,1662.91,1720.59,6.0,2.0,7.0,6.0
2002-09-14,Munich 1860,VfL Wolfsburg,1719.86,1715.21,6.0,6.0,9.0,9.0
2002-09-14,Nurnberg,Bayern Munich,1604.29,1906.54,3.0,9.0,6.0,13.0
2002-09-15,VfL Bochum,Hansa Rostock,1679.74,1657.26,7.0,6.0,13.0,9.0
2002-09-15,Hamburger SV,Kaiserslautern,1678.3,1695.4,0.0,1.0,3.0,2.0
2002-09-21,Bayern Munich,Cottbus,1909.78,1608.02,9.0,3.0,13.0,4.0
2002-09-21,Hannover,VfL Bochum,1633.4,1679.74,3.0,4.0,3.0,10.0
2002-09-21,Hansa Rostock,Borussia Dortmund,1657.26,1844.72,6.0,5.0,12.0,7.0
2002-09-21,Hertha,Hamburger SV,1771.36,1678.3,4.0,3.0,6.0,6.0
2002-09-21,Kaiserslautern,Munich 1860,1695.4,1716.63,1.0,4.0,2.0,7.0
2002-09-21,Werder Bremen,Bayer Leverkusen,1747.35,1841.48,6.0,3.0,9.0,5.0
2002-09-21,VfL Wolfsburg,Nurnberg,1720.07,1599.21,4.0,3.0,7.0,3.0
2002-09-22,Schalke 04,MGladbach,1800.07,1676.03,3.0,7.0,9.0,8.0
2002-09-22,VfB Stuttgart,Bielefeld,1720.18,1667.15,2.0,4.0,4.0,7.0
2002-09-28,Bielefeld,Schalke 04,1667.15,1800.07,1.0,5.0,4.0,9.0
2002-09-28,Cottbus,VfL Wolfsburg,1608.02,1720.07,3.0,4.0,3.0,7.0
2002-09-28,Borussia Dortmund,MGladbach,1844.72,1676.03,5.0,4.0,9.0,7.0
2002-09-28,Hamburger SV,VfB Stuttgart,1678.3,1720.18,3.0,5.0,3.0,6.0
2002-09-28,Hansa Rostock,Hannover,1657.26,1633.4,3.0,4.0,9.0,4.0
2002-09-28,Bayer Leverkusen,Bayern Munich,1841.48,1909.78,3.0,9.0,4.0,15.0
2002-09-28,Munich 1860,Hertha,1716.63,1771.36,2.0,6.0,8.0,8.0
2002-09-29,VfL Bochum,Werder Bremen,1679.74,1747.35,2.0,9.0,8.0,12.0
2002-09-29,Nurnberg,Kaiserslautern,1599.21,1695.4,3.0,2.0,6.0,2.0
2002-10-05,Bayern Munich,VfL Bochum,1879.86,1644.91,6.0,1.0,12.0,5.0
2002-10-05,Hannover,Borussia Dortmund,1648.57,1833.82,7.0,7.0,7.0,11.0
2002-10-05,Hertha,Nurnberg,1763.02,1608.89,6.0,6.0,7.0,9.0
2002-10-05,Kaiserslautern,Cottbus,1664.84,1579.22,1.0,0.0,2.0,3.0
2002-10-05,MGladbach,Bielefeld,1655.84,1648.54,1.0,3.0,7.0,7.0
2002-10-05,Schalke 04,Hamburger SV,1784.54,1675.2,4.0,6.0,6.0,6.0
2002-10-05,VfL Wolfsburg,Bayer Leverkusen,1698.64,1789.17,4.0,3.0,7.0,6.0
2002-10-06,VfB Stuttgart,Munich 1860,1709.76,1710.27,4.0,5.0,5.0,8.0
2002-10-06,Werder Bremen,Hansa Rostock,1761.4,1638.86,9.0,3.0,12.0,6.0
2002-10-19,Cottbus,Hertha,1576.7,1772.77,0.0,6.0,3.0,9.0
2002-10-19,Borussia Dortmund,Bielefeld,1861.15,1644.15,9.0,3.0,11.0,4.0
2002-10-19,Hamburger SV,MGladbach,1674.49,1670.68,3.0,3.0,6.0,7.0
2002-10-19,Hannover,Werder Bremen,1645.04,1763.56,4.0,7.0,7.0,13.0
2002-10-19,Hansa Rostock,Bayern Munich,1649.65,1875.65,1.0,6.0,4.0,12.0
2002-10-19,Bayer Leverkusen,Kaiserslautern,1793.22,1677.81,3.0,4.0,6.0,5.0
2002-10-19,Munich 1860,Schalke 04,1705.75,1795.76,4.0,6.0,5.0,8.0
2002-10-20,VfL Bochum,VfL Wolfsburg,1646.82,1715.25,1.0,6.0,2.0,10.0
2002-10-20,Nurnberg,VfB Stuttgart,1611.3,1724.89,6.0,6.0,6.0,8.0
2002-10-26,Bayern Munich,Hannover,1875.65,1645.04,6.0,4.0,12.0,8.0
2002-10-26,Bielefeld,Hamburger SV,1644.15,1674.49,4.0,6.0,4.0,9.0
2002-10-26,Hertha,Bayer Leverkusen,1772.77,1793.22,6.0,6.0,12.0,6.0
2002-10-26,MGladbach,Munich 1860,1670.68,1705.75,3.0,6.0,4.0,8.0
2002-10-26,Schalke 04,Nurnberg,1795.76,1611.3,3.0,3.0,7.0,6.0
2002-10-26,VfB Stuttgart,Cottbus,1724.89,1576.7,6.0,0.0,10.0,0.0
2002-10-26,Werder Bremen,Borussia Dortmund,1763.56,1861.15,5.0,7.0,11.0,11.0
2002-10-27,VfL Wolfsburg,Hansa Rostock,1715.25,1649.65,6.0,1.0,7.0,4.0
2002-11-02,Cottbus,Schalke 04,1574.98,1781.67,1.0,4.0,1.0,7.0
2002-11-02,Borussia Dortmund,Hamburger SV,1867.42,1673.43,7.0,3.0,13.0,6.0
2002-11-02,Hannover,VfL Wolfsburg,1652.66,1709.2,2.0,6.0,6.0,9.0
2002-11-02,Hansa Rostock,Kaiserslautern,1640.02,1674.25,1.0,3.0,1.0,4.0
2002-11-02,Bayer Leverkusen,VfB Stuttgart,1805.8,1725.06,4.0,7.0,7.0,10.0
2002-11-02,Munich 1860,Bielefeld,1727.69,1657.11,6.0,4.0,10.0,7.0
2002-11-02,Nurnberg,MGladbach,1610.07,1655.89,1.0,3.0,7.0,3.0
2002-11-03,VfL Bochum,Hertha,1656.55,1778.65,3.0,7.0,4.0,10.0
2002-11-03,Werder Bremen,Bayern Munich,1745.07,1861.14,2.0,7.0,8.0,10.0
2002-11-09,Bayern Munich,Borussia Dortmund,1861.14,1867.42,4.0,5.0,7.0,11.0
2002-11-09,Bielefeld,Nurnberg,1657.11,1610.07,4.0,4.0,7.0,7.0
2002-11-09,Hamburger SV,Munich 1860,1673.43,1727.69,4.0,9.0,7.0,12.0
2002-11-09,Kaiserslautern,Hannover,1674.25,1652.66,4.0,5.0,5.0,8.0
2002-11-09,Schalke 04,Bayer Leverkusen,1781.67,1805.8,4.0,4.0,7.0,7.0
2002-11-09,VfB Stuttgart,VfL Bochum,1725.06,1656.55,7.0,6.0,10.0,7.0
2002-11-09,VfL Wolfsburg,Werder Bremen,1709.2,1745.07,3.0,4.0,9.0,8.0
2002-11-10,Hertha,Hansa Rostock,1778.65,1640.02,4.0,1.0,7.0,2.0
2002-11-10,MGladbach,Cottbus,1655.89,1574.98,0.0,1.0,3.0,1.0
2002-11-13,Kaiserslautern,VfL Bochum,1674.25,1656.55,1.0,6.0,4.0,6.0
2002-11-16,Bayern Munich,VfL Wolfsburg,1844.2,1704.24,4.0,6.0,10.0,9.0
2002-11-16,Cottbus,Bielefeld,1557.74,1634.82,1.0,3.0,1.0,4.0
2002-11-16,Borussia Dortmund,Munich 1860,1840.8,1721.65,4.0,6.0,8.0,9.0
2002-11-16,Hannover,Hertha,1667.59,1764.31,7.0,4.0,8.0,10.0
2002-11-16,Hansa Rostock,VfB Stuttgart,1628.7,1740.48,1.0,7.0,2.0,13.0
2002-11-16,Bayer Leverkusen,MGladbach,1792.92,1651.02,4.0,3.0,7.0,6.0
2002-11-16,Nurnberg,Hamburger SV,1623.3,1681.95,7.0,4.0,7.0,7.0
2002-11-17,VfL Bochum,Schalke 04,1676.17,1771.67,6.0,4.0,9.0,7.0
2002-11-17,Werder Bremen,Kaiserslautern,1742.17,1646.69,3.0,1.0,5.0,4.0
2002-11-23,Bielefeld,Bayer Leverkusen,1634.82,1792.92,0.0,4.0,4.0,8.0
2002-11-23,Hertha,Werder Bremen,1764.31,1742.17,6.0,6.0,10.0,7.0
2002-11-23,Kaiserslautern,Bayern Munich,1646.69,1844.2,0.0,6.0,1.0,10.0
2002-11-23,MGladbach,VfL Bochum,1651.02,1676.17,4.0,3.0,4.0,9.0
2002-11-23,Schalke 04,Hansa Rostock,1771.67,1628.7,6.0,2.0,7.0,2.0
2002-11-23,VfB Stuttgart,Hannover,1740.48,1667.59,7.0,6.0,11.0,8.0
2002-11-23,VfL Wolfsburg,Borussia Dortmund,1704.24,1840.8,3.0,4.0,6.0,8.0
2002-11-24,Hamburger SV,Cottbus,1681.95,1557.74,7.0,3.0,10.0,4.0
2002-11-24,Munich 1860,Nurnberg,1721.65,1623.3,3.0,6.0,9.0,7.0
2002-11-30,Bayern Munich,Hertha,1844.2,1764.31,9.0,6.0,10.0,7.0
2002-11-30,VfL Bochum,Bielefeld,1676.17,1634.82,4.0,1.0,7.0,4.0
2002-11-30,Cottbus,Munich 1860,1557.74,1721.65,4.0,1.0,5.0,7.0
2002-11-30,Hansa Rostock,MGladbach,1628.7,1651.02,2.0,5.0,3.0,5.0
2002-11-30,Kaiserslautern,VfL Wolfsburg,1646.69,1704.24,0.0,6.0,1.0,9.0
2002-11-30,Bayer Leverkusen,Hamburger SV,1792.92,1681.95,5.0,7.0,6.0,8.0
2002-11-30,Nurnberg,Borussia Dortmund,1623.3,1840.8,4.0,3.0,8.0,7.0
2002-12-01,Hannover,Schalke 04,1651.45,1776.79,3.0,4.0,7.0,8.0
2002-12-01,Werder Bremen,VfB Stuttgart,1744.2,1753.46,6.0,7.0,9.0,11.0
2002-12-07,Bielefeld,Hansa Rostock,1647.03,1642.82,4.0,5.0,4.0,6.0
2002-12-07,Borussia Dortmund,Kaiserslautern,1840.08,1643.6,6.0,3.0,7.0,3.0
2002-12-07,Hertha,VfL Wolfsburg,1754.29,1702.06,3.0,3.0,6.0,6.0
2002-12-07,Munich 1860,Bayer Leverkusen,1718.11,1762.73,4.0,2.0,7.0,5.0
2002-12-07,Nurnberg,Cottbus,1609.82,1562.91,1.0,4.0,7.0,4.0
2002-12-07,Schalke 04,Werder Bremen,1776.79,1744.2,7.0,9.0,10.0,12.0
2002-12-07,VfB Stuttgart,Bayern Munich,1753.46,1858.26,4.0,9.0,10.0,12.0
2002-12-08,Hamburger SV,VfL Bochum,1699.3,1646.66,7.0,1.0,11.0,4.0
2002-12-08,MGladbach,Hannover,1643.95,1651.45,2.0,0.0,5.0,6.0
2002-12-14,Bayern Munich,Schalke 04,1858.26,1776.79,9.0,5.0,15.0,8.0
2002-12-14,VfL Bochum,Munich 1860,1646.66,1718.11,2.0,4.0,5.0,4.0
2002-12-14,Cottbus,Borussia Dortmund,1562.91,1840.08,2.0,6.0,5.0,9.0
2002-12-14,Hannover,Bielefeld,1651.45,1647.03,0.0,7.0,3.0,7.0
2002-12-14,Hansa Rostock,Hamburger SV,1642.82,1699.3,4.0,5.0,5.0,11.0
2002-12-14,Bayer Leverkusen,Nurnberg,1762.73,1609.82,4.0,2.0,8.0,5.0
2002-12-14,Werder Bremen,MGladbach,1744.2,1643.95,7.0,4.0,10.0,8.0
2002-12-15,Kaiserslautern,Hertha,1629.12,1745.94,3.0,1.0,3.0,7.0
2002-12-15,VfL Wolfsburg,VfB Stuttgart,1694.55,1724.75,4.0,3.0,7.0,7.0
2003-01-25,VfL Bochum,Nurnberg,1638.37,1614.31,2.0,4.0,3.0,5.0
2003-01-25,Hannover,Hamburger SV,1623.36,1684.88,1.0,5.0,1.0,9.0
2003-01-25,Hansa Rostock,Munich 1860,1621.07,1692.56,4.0,4.0,6.0,5.0
2003-01-25,Hertha,Borussia Dortmund,1736.94,1828.46,1.0,9.0,4.0,12.0
2003-01-25,Kaiserslautern,VfB Stuttgart,1638.12,1733.86,6.0,3.0,6.0,7.0
2003-01-25,Werder Bremen,Bielefeld,1749.89,1647.56,7.0,7.0,13.0,8.0
2003-01-25,VfL Wolfsburg,Schalke 04,1685.44,1747.21,1.0,5.0,4.0,9.0
2003-01-26,Bayern Munich,MGladbach,1854.48,1633.36,7.0,3.0,13.0,5.0
2003-01-26,Bayer Leverkusen,Cottbus,1743.96,1548.02,3.0,1.0,5.0,5.0
2003-02-01,Bielefeld,Bayern Munich,1652.32,1858.2,5.0,7.0,9.0,13.0
2003-02-01,Cottbus,VfL Bochum,1572.48,1643.84,4.0,5.0,5.0,6.0
2003-02-01,Munich 1860,Hannover,1706.41,1622.91,4.0,2.0,8.0,2.0
2003-02-01,Nurnberg,Hansa Rostock,1608.84,1607.22,4.0,1.0,5.0,5.0
2003-02-01,Schalke 04,Kaiserslautern,1755.63,1630.75,5.0,3.0,9.0,6.0
2003-02-01,VfB Stuttgart,Hertha,1741.24,1745.41,6.0,4.0,9.0,4.0
2003-02-02,Borussia Dortmund,Bayer Leverkusen,1819.98,1719.51,6.0,3.0,9.0,4.0
2003-02-02,Hamburger SV,Werder Bremen,1685.33,1745.13,3.0,5.0,7.0,11.0
2003-02-08,VfL Bochum,Bayer Leverkusen,1643.84,1719.51,4.0,0.0,5.0,3.0
2003-02-08,Hannover,Nurnberg,1622.91,1608.84,5.0,3.0,5.0,4.0
2003-02-08,Hansa Rostock,Cottbus,1607.22,1572.48,4.0,6.0,7.0,7.0
2003-02-08,Hertha,Schalke 04,1745.41,1755.63,3.0,5.0,4.0,9.0
2003-02-08,Kaiserslautern,MGladbach,1630.75,1629.64,4.0,3.0,7.0,4.0
2003-02-22,Hansa Rostock,VfL Bochum,1614.07,1643.92,4.0,6.0,5.0,8.0
2003-02-22,Kaiserslautern,Hamburger SV,1644.27,1698.7,4.0,5.0,7.0,9.0
2003-02-22,Schalke 04,Borussia Dortmund,1741.05,1817.58,4.0,6.0,6.0,12.0
2003-02-22,Werder Bremen,Cottbus,1726.89,1583.31,4.0,7.0,8.0,8.0
2003-02-22,VfL Wolfsburg,Munich 1860,1684.99,1705.62,1.0,4.0,4.0,7.0
2003-02-23,Hertha,Bielefeld,1745.8,1647.97,6.0,3.0,7.0,9.0
2003-02-23,VfB Stuttgart,MGladbach,1758.25,1621.29,9.0,0.0,9.0,3.0
2003-03-01,VfL Bochum,Hannover,1626.87,1606.61,4.0,7.0,8.0,8.0
2003-03-01,Cottbus,Bayern Munich,1594.21,1850.8,7.0,5.0,10.0,11.0
2003-03-01,Borussia Dortmund,Hansa Rostock,1804.1,1610.2,4.0,5.0,10.0,6.0
2003-03-01,Bayer Leverkusen,Werder Bremen,1671.94,1690.91,0.0,1.0,3.0,5.0
2003-03-01,MGladbach,Schalke 04,1601.1,1735.89,0.0,2.0,3.0,6.0
2003-03-01,Munich 1860,Kaiserslautern,1678.8,1642.81,4.0,7.0,5.0,10.0
2003-03-01,Nurnberg,VfL Wolfsburg,1584.0,1650.39,0.0,1.0,4.0,2.0
2003-03-02,Bielefeld,VfB Stuttgart,1636.3,1731.54,3.0,9.0,7.0,12.0
2003-03-02,Hamburger SV,Hertha,1682.0,1723.92,4.0,4.0,6.0,7.0
2003-03-08,Bayern Munich,Bayer Leverkusen,1850.8,1671.94,7.0,3.0,11.0,3.0
2003-03-08,Hertha,Munich 1860,1723.92,1678.8,4.0,2.0,7.0,6.0
2003-03-08,MGladbach,Borussia Dortmund,1601.1,1804.1,1.0,7.0,1.0,10.0
2003-03-08,Schalke 04,Bielefeld,1735.89,1636.3,2.0,2.0,6.0,4.0
2003-03-08,VfB Stuttgart,Hamburger SV,1731.54,1682.0,9.0,6.0,15.0,8.0
2003-03-08,Werder Bremen,VfL Bochum,1690.91,1626.87,0.0,4.0,4.0,7.0
2003-03-08,VfL Wolfsburg,Cottbus,1650.39,1594.21,2.0,4.0,3.0,10.0
2003-03-09,Hannover,Hansa Rostock,1606.61,1610.2,9.0,2.0,11.0,5.0
2003-03-09,Kaiserslautern,Nurnberg,1642.81,1584.0,7.0,1.0,8.0,4.0
2003-03-15,Bielefeld,MGladbach,1633.97,1614.35,2.0,4.0,4.0,4.0
2003-03-15,VfL Bochum,Bayern Munich,1610.77,1861.14,1.0,7.0,4.0,11.0
2003-03-15,Cottbus,Kaiserslautern,1584.4,1656.59,3.0,7.0,7.0,11.0
2003-03-15,Borussia Dortmund,Hannover,1800.67,1625.0,4.0,9.0,7.0,13.0
2003-03-15,Hamburger SV,Schalke 04,1692.9,1729.65,4.0,3.0,8.0,4.0
2003-03-15,Hansa Rostock,Werder Bremen,1598.68,1686.42,1.0,3.0,5.0,4.0
2003-03-15,Bayer Leverkusen,VfL Wolfsburg,1675.35,1655.64,3.0,5.0,3.0,5.0
2003-03-16,Munich 1860,VfB Stuttgart,1663.21,1735.7,2.0,7.0,5.0,13.0
2003-03-16,Nurnberg,Hertha,1573.57,1729.74,1.0,4.0,1.0,7.0
2003-03-22,Bayern Munich,Hansa Rostock,1861.14,1598.68,9.0,3.0,13.0,5.0
2003-03-22,Bielefeld,Borussia Dortmund,1633.97,1800.67,4.0,6.0,6.0,10.0
2003-03-22,Kaiserslautern,Bayer Leverkusen,1656.59,1675.35,7.0,4.0,13.0,4.0
2003-03-22,MGladbach,Hamburger SV,1614.35,1692.9,4.0,7.0,4.0,10.0
2003-03-22,Schalke 04,Munich 1860,1729.65,1663.21,2.0,1.0,3.0,2.0
2003-03-22,Werder Bremen,Hannover,1686.42,1625.0,3.0,6.0,3.0,12.0
2003-03-22,VfL Wolfsburg,VfL Bochum,1655.64,1610.77,5.0,0.0,6.0,4.0
2003-03-23,Hertha,Cottbus,1729.74,1584.4,6.0,0.0,10.0,4.0
2003-03-23,VfB Stuttgart,Nurnberg,1735.7,1573.57,7.0,1.0,13.0,1.0
2003-04-05,VfL Bochum,Kaiserslautern,1598.25,1674.55,0.0,9.0,1.0,13.0
2003-04-05,Cottbus,VfB Stuttgart,1570.02,1724.85,0.0,4.0,3.0,10.0
2003-04-05,Borussia Dortmund,Werder Bremen,1814.35,1667.79,4.0,3.0,8.0,3.0
2003-04-05,Hamburger SV,Bielefeld,1691.58,1647.53,4.0,5.0,7.0,6.0
2003-04-05,Hannover,Bayern Munich,1633.3,1870.31,6.0,9.0,12.0,13.0
2003-04-05,Bayer Leverkusen,Hertha,1658.32,1744.89,1.0,9.0,4.0,10.0
2003-04-05,Nurnberg,Schalke 04,1583.77,1716.79,3.0,2.0,4.0,4.0
2003-04-06,Hansa Rostock,VfL Wolfsburg,1606.04,1666.02,3.0,7.0,4.0,9.0
2003-04-06,Munich 1860,MGladbach,1659.97,1617.42,1.0,6.0,3.0,7.0
2003-04-12,Bayern Munich,Werder Bremen,1870.31,1667.79,7.0,3.0,13.0,6.0
2003-04-12,Bielefeld,Munich 1860,1647.53,1659.97,4.0,4.0,5.0,5.0
2003-04-12,Hamburger SV,Borussia Dortmund,1691.58,1814.35,6.0,4.0,10.0,7.0
2003-04-12,Hertha,VfL Bochum,1744.89,1598.25,6.0,1.0,9.0,1.0
2003-04-12,Kaiserslautern,Hansa Rostock,1674.55,1606.04,7.0,6.0,11.0,6.0
2003-04-12,MGladbach,Nurnberg,1617.42,1583.77,3.0,4.0,7.0,5.0
2003-04-12,VfB Stuttgart,Bayer Leverkusen,1724.85,1658.32,6.0,4.0,10.0,7.0
2003-04-13,Schalke 04,Cottbus,1716.79,1570.02,2.0,0.0,4.0,0.0
2003-04-13,VfL Wolfsburg,Hannover,1666.02,1633.3,4.0,4.0,8.0,10.0
2003-04-19,Cottbus,MGladbach,1558.82,1618.13,0.0,6.0,0.0,9.0
2003-04-19,Borussia Dortmund,Bayern Munich,1800.32,1852.07,2.0,4.0,5.0,10.0
2003-04-19,Hannover,Kaiserslautern,1632.14,1679.33,4.0,7.0,7.0,13.0
2003-04-19,Hansa Rostock,Hertha,1608.89,1733.75,3.0,6.0,6.0,12.0
2003-04-19,Munich 1860,Hamburger SV,1660.51,1697.75,4.0,4.0,4.0,8.0
2003-04-19,Nurnberg,Bielefeld,1577.47,1649.08,4.0,4.0,4.0,8.0
2003-04-19,Werder Bremen,VfL Wolfsburg,1694.7,1663.86,6.0,6.0,9.0,10.0
2003-04-20,VfL Bochum,VfB Stuttgart,1595.03,1739.12,1.0,6.0,1.0,10.0
2003-04-20,Bayer Leverkusen,Schalke 04,1664.34,1720.46,3.0,5.0,4.0,6.0
2003-04-26,Hamburger SV,Nurnberg,1697.75,1577.47,5.0,2.0,8.0,5.0
2003-04-26,Hertha,Hannover,1733.75,1632.14,6.0,4.0,12.0,7.0
2003-04-26,MGladbach,Bayer Leverkusen,1618.13,1664.34,4.0,3.0,7.0,4.0
2003-04-26,Munich 1860,Borussia Dortmund,1660.51,1800.32,4.0,4.0,5.0,8.0
2003-04-26,Schalke 04,VfL Bochum,1720.46,1595.03,7.0,4.0,8.0,4.0
2003-04-26,VfB Stuttgart,Hansa Rostock,1739.12,1608.89,6.0,3.0,9.0,6.0
2003-04-26,VfL Wolfsburg,Bayern Munich,1663.86,1852.07,6.0,1.0,10.0,7.0
2003-04-27,Bielefeld,Cottbus,1649.08,1558.82,4.0,1.0,8.0,1.0
2003-04-27,Kaiserslautern,Werder Bremen,1679.33,1694.7,4.0,6.0,10.0,6.0
2003-05-03,Bayern Munich,Kaiserslautern,1852.39,1678.6,3.0,6.0,7.0,10.0
2003-05-03,VfL Bochum,MGladbach,1621.13,1617.39,6.0,5.0,7.0,8.0
2003-05-03,Cottbus,Hamburger SV,1562.79,1705.95,2.0,5.0,2.0,8.0
2003-05-03,Borussia Dortmund,VfL Wolfsburg,1805.81,1666.45,5.0,6.0,6.0,9.0
2003-05-03,Hannover,VfB Stuttgart,1633.81,1720.3,3.0,4.0,7.0,7.0
2003-05-03,Nurnberg,Munich 1860,1570.26,1661.54,1.0,2.0,5.0,6.0
2003-05-03,Werder Bremen,Hertha,1677.77,1745.93,3.0,9.0,6.0,12.0
2003-05-04,Hansa Rostock,Schalke 04,1607.33,1719.97,1.0,6.0,4.0,8.0
2003-05-04,Bayer Leverkusen,Bielefeld,1653.57,1644.76,1.0,5.0,4.0,6.0
2003-05-10,Borussia Dortmund,Nurnberg,1805.81,1570.26,5.0,1.0,6.0,2.0
2003-05-10,Hamburger SV,Bayer Leverkusen,1705.95,1653.57,5.0,4.0,9.0,7.0
2003-05-10,Hertha,Bayern Munich,1745.93,1852.39,6.0,6.0,9.0,7.0
2003-05-10,MGladbach,Hansa Rostock,1617.39,1607.33,3.0,4.0,6.0,7.0
2003-05-10,Munich 1860,Cottbus,1661.54,1562.79,5.0,3.0,8.0,3.0
2003-05-10,VfB Stuttgart,Werder Bremen,1720.3,1677.77,4.0,3.0,10.0,9.0
2003-05-10,VfL Wolfsburg,Kaiserslautern,1666.45,1678.6,4.0,3.0,7.0,7.0
2003-05-11,Bielefeld,VfL Bochum,1644.76,1621.13,2.0,7.0,5.0,8.0
2003-05-11,Schalke 04,Hannover,1719.97,1633.81,3.0,3.0,7.0,4.0
2003-05-17,Bayern Munich,VfB Stuttgart,1867.2,1716.78,9.0,4.0,9.0,7.0
2003-05-17,VfL Bochum,Hamburger SV,1633.32,1712.86,7.0,7.0,10.0,9.0
2003-05-17,Cottbus,Nurnberg,1558.22,1559.39,2.0,0.0,3.0,1.0
2003-05-17,Hannover,MGladbach,1643.19,1630.32,3.0,5.0,6.0,9.0
2003-05-17,Hansa Rostock,Bielefeld,1609.43,1622.0,4.0,1.0,4.0,5.0
2003-05-17,Kaiserslautern,Borussia Dortmund,1677.96,1803.69,4.0,5.0,7.0,9.0
2003-05-17,Bayer Leverkusen,Munich 1860,1653.06,1675.47,4.0,7.0,4.0,8.0
2003-05-17,Werder Bremen,Schalke 04,1699.77,1690.35,6.0,0.0,9.0,6.0
2003-05-17,VfL Wolfsburg,Hertha,1669.86,1722.89,2.0,3.0,8.0,9.0
2003-05-24,Bielefeld,Hannover,1622.0,1643.19,0.0,4.0,2.0,7.0
2003-05-24,Borussia Dortmund,Cottbus,1803.69,1558.22,5.0,4.0,9.0,6.0
2003-05-24,Hamburger SV,Hansa Rostock,1712.86,1609.43,5.0,6.0,9.0,7.0
2003-05-24,Hertha,Kaiserslautern,1722.89,1677.96,0.0,2.0,6.0,5.0
2003-05-24,MGladbach,Werder Bremen,1630.32,1699.77,5.0,9.0,7.0,9.0
2003-05-24,Munich 1860,VfL Bochum,1675.47,1633.32,6.0,5.0,8.0,11.0
2003-05-24,Nurnberg,Bayer Leverkusen,1559.39,1653.06,0.0,6.0,1.0,7.0
2003-05-24,Schalke 04,Bayern Munich,1690.35,1867.2,0.0,9.0,3.0,12.0
2003-05-24,VfB Stuttgart,VfL Wolfsburg,1716.78,1669.86,3.0,5.0,4.0,8.0
2003-08-01,Bayern Munich,Eintracht Frankfurt,1859.38,1593.25,6.0,4.0,12.0,8.0
2003-08-02,Hamburger SV,Hannover,1718.57,1649.81,7.0,7.0,11.0,7.0
2003-08-02,Hertha,Werder Bremen,1719.92,1692.12,3.0,6.0,6.0,9.0
2003-08-02,Kaiserslautern,Munich 1860,1671.87,1649.47,2.0,3.0,5.0,7.0
2003-08-02,Bayer Leverkusen,SC Freiburg,1671.34,1615.79,6.0,6.0,10.0,10.0
2003-08-02,Schalke 04,Borussia Dortmund,1695.44,1795.06,3.0,5.0,3.0,7.0
2003-08-02,VfL Wolfsburg,VfL Bochum,1672.79,1648.17,4.0,7.0,5.0,11.0
2003-08-03,Hansa Rostock,VfB Stuttgart,1614.97,1721.21,3.0,3.0,7.0,7.0
2003-08-03,MGladbach,1. FC Koln,1646.33,1575.03,7.0,6.0,9.0,10.0
2003-08-09,VfL Bochum,Hamburger SV,1648.17,1718.57,4.0,4.0,8.0,8.0
2003-08-09,Borussia Dortmund,VfL Wolfsburg,1795.06,1672.79,3.0,6.0,7.0,8.0
2003-08-09,1. FC Koln,Kaiserslautern,1575.03,1671.87,3.0,1.0,9.0,2.0
2003-08-09,SC Freiburg,Hansa Rostock,1615.79,1614.97,6.0,3.0,7.0,6.0
2003-08-09,Hannover,Bayern Munich,1649.81,1859.38,7.0,6.0,10.0,12.0
2003-08-09,Munich 1860,Schalke 04,1649.47,1695.44,3.0,4.0,9.0,4.0
2003-09-20,1. FC Koln,VfL Wolfsburg,1566.32,1687.01,3.0,3.0,6.0,7.0
2003-09-20,SC Freiburg,Schalke 04,1620.69,1687.93,4.0,5.0,7.0,5.0
2003-09-20,Hannover,MGladbach,1667.72,1632.46,7.0,7.0,11.0,11.0
2003-09-20,VfB Stuttgart,Borussia Dortmund,1742.0,1792.49,6.0,5.0,9.0,9.0
2003-09-20,Werder Bremen,Munich 1860,1719.21,1663.26,6.0,4.0,12.0,7.0
2003-09-21,Eintracht Frankfurt,Kaiserslautern,1573.4,1652.1,1.0,3.0,7.0,5.0
2003-09-21,Hamburger SV,Hansa Rostock,1669.99,1605.45,4.0,1.0,8.0,4.0
2003-09-27,Borussia Dortmund,SC Freiburg,1792.49,1620.69,4.0,4.0,6.0,10.0
2003-09-27,1. FC Koln,Werder Bremen,1566.32,1719.21,0.0,6.0,3.0,12.0
2003-09-27,Hansa Rostock,Bayern Munich,1605.45,1856.52,1.0,4.0,4.0,10.0
2003-09-27,Kaiserslautern,Hannover,1652.1,1667.72,6.0,7.0,7.0,11.0
2003-09-27,MGladbach,VfL Bochum,1632.46,1657.85,6.0,4.0,10.0,8.0
2003-09-27,Munich 1860,VfB Stuttgart,1663.26,1742.0,4.0,9.0,4.0,9.0
2003-09-27,VfL Wolfsburg,Bayer Leverkusen,1687.01,1694.91,6.0,9.0,9.0,12.0
2003-09-28,Hertha,Hamburger SV,1685.7,1669.99,3.0,4.0,3.0,8.0
2003-09-28,Schalke 04,Eintracht Frankfurt,1687.93,1573.4,2.0,1.0,5.0,4.0
2003-10-04,Bayern Munich,Hertha,1852.47,1674.63,7.0,4.0,10.0,4.0
2003-10-04,VfL Bochum,Kaiserslautern,1651.15,1647.72,2.0,9.0,6.0,9.0
2003-10-04,Eintracht Frankfurt,Borussia Dortmund,1576.29,1784.9,1.0,6.0,2.0,8.0
2003-10-04,SC Freiburg,Munich 1860,1622.26,1639.15,4.0,1.0,7.0,4.0
2003-10-04,Hamburger SV,MGladbach,1670.85,1602.33,5.0,4.0,8.0,8.0
2003-10-04,Hannover,Schalke 04,1661.91,1668.39,4.0,2.0,10.0,6.0
2003-10-04,VfB Stuttgart,1. FC Koln,1751.18,1543.96,9.0,0.0,12.0,3.0
2003-10-05,Bayer Leverkusen,Hansa Rostock,1704.3,1590.83,9.0,1.0,12.0,1.0
2003-10-05,Werder Bremen,VfL Wolfsburg,1727.47,1678.08,9.0,3.0,12.0,6.0
2003-10-18,Borussia Dortmund,Hannover,1792.92,1655.7,6.0,3.0,10.0,7.0
2003-10-18,1. FC Koln,SC Freiburg,1554.12,1632.05,1.0,6.0,1.0,7.0
2003-10-18,Hertha,Bayer Leverkusen,1673.23,1713.97,1.0,9.0,4.0,15.0
2003-10-18,MGladbach,Bayern Munich,1600.99,1860.52,1.0,7.0,7.0,10.0
2003-10-18,Munich 1860,Eintracht Frankfurt,1636.01,1574.93,0.0,1.0,4.0,2.0
2003-10-18,Werder Bremen,VfB Stuttgart,1737.89,1757.1,9.0,7.0,12.0,13.0
2003-10-18,VfL Wolfsburg,Hansa Rostock,1674.31,1587.82,3.0,0.0,6.0,1.0
2003-10-19,Kaiserslautern,Hamburger SV,1639.12,1678.83,6.0,7.0,9.0,8.0
2003-10-19,Schalke 04,VfL Bochum,1681.25,1666.4,4.0,5.0,6.0,8.0
2003-10-25,Bayern Munich,Kaiserslautern,1860.52,1639.12,7.0,6.0,11.0,12.0
2003-10-25,Eintracht Frankfurt,1. FC Koln,1574.93,1554.12,1.0,4.0,1.0,4.0
2003-10-25,SC Freiburg,Werder Bremen,1632.05,1737.89,3.0,6.0,7.0,12.0
2003-10-25,Hamburger SV,Schalke 04,1678.83,1681.25,4.0,4.0,8.0,5.0
2003-10-25,Hannover,Munich 1860,1655.7,1636.01,0.0,3.0,4.0,4.0
2003-10-25,Hansa Rostock,Hertha,1587.82,1673.23,0.0,1.0,1.0,4.0
2003-10-25,VfB Stuttgart,VfL Wolfsburg,1757.1,1674.31,7.0,3.0,13.0,6.0
2003-10-26,VfL Bochum,Borussia Dortmund,1666.4,1792.92,7.0,9.0,8.0,12.0
2003-10-26,Bayer Leverkusen,MGladbach,1713.97,1600.99,9.0,2.0,15.0,5.0
2003-11-01,1. FC Koln,Hannover,1540.1,1633.08,4.0,1.0,4.0,4.0
2003-11-01,MGladbach,Hansa Rostock,1588.72,1559.75,1.0,0.0,2.0,0.0
2003-11-01,Munich 1860,VfL Bochum,1629.49,1682.42,4.0,9.0,4.0,11.0
2003-11-01,Schalke 04,Bayern Munich,1657.12,1846.32,4.0,7.0,5.0,11.0
2003-11-01,VfB Stuttgart,SC Freiburg,1768.22,1600.15,7.0,3.0,13.0,6.0
2003-12-06,Eintracht Frankfurt,Hannover,1550.28,1623.62,3.0,4.0,4.0,4.0
2003-12-06,SC Freiburg,VfL Bochum,1590.97,1666.03,0.0,6.0,3.0,10.0
2003-12-06,Munich 1860,Hansa Rostock,1622.79,1592.36,7.0,1.0,7.0,1.0
2003-12-06,VfB Stuttgart,Hamburger SV,1792.19,1628.34,9.0,4.0,13.0,8.0
2003-12-06,Werder Bremen,Bayern Munich,1738.05,1819.23,6.0,4.0,12.0,10.0
2003-12-06,VfL Wolfsburg,Kaiserslautern,1631.47,1606.55,3.0,3.0,6.0,9.0
2003-12-07,1. FC Koln,Bayer Leverkusen,1519.8,1716.1,3.0,9.0,4.0,15.0
2003-12-07,Schalke 04,MGladbach,1654.62,1596.59,4.0,2.0,8.0,3.0
2003-12-13,Bayern Munich,VfB Stuttgart,1819.23,1792.19,4.0,7.0,8.0,11.0
2003-12-13,VfL Bochum,Eintracht Frankfurt,1666.03,1550.28,3.0,4.0,9.0,5.0
2003-12-13,Hamburger SV,SC Freiburg,1628.34,1590.97,2.0,3.0,6.0,6.0
2003-12-13,Hansa Rostock,1. FC Koln,1592.36,1519.8,4.0,1.0,4.0,5.0
2003-12-13,Hertha,Munich 1860,1605.72,1622.79,3.0,4.0,4.0,7.0
2003-12-13,Kaiserslautern,Schalke 04,1606.55,1654.62,3.0,7.0,6.0,10.0
2003-12-13,Bayer Leverkusen,Werder Bremen,1716.1,1738.05,7.0,4.0,13.0,10.0
2003-12-14,MGladbach,Borussia Dortmund,1596.59,1718.81,1.0,6.0,2.0,9.0
2003-12-14,VfL Wolfsburg,Hannover,1631.47,1623.62,6.0,5.0,6.0,5.0
2003-12-16,Eintracht Frankfurt,Hamburger SV,1546.37,1643.42,4.0,5.0,4.0,8.0
2003-12-16,1. FC Koln,Hertha,1527.52,1608.26,2.0,4.0,5.0,5.0
2003-12-16,SC Freiburg,Bayern Munich,1592.74,1828.6,3.0,4.0,3.0,8.0
2003-12-16,Werder Bremen,Hansa Rostock,1750.91,1606.69,7.0,5.0,10.0,5.0
2003-12-17,Borussia Dortmund,Kaiserslautern,1704.77,1585.23,3.0,0.0,9.0,3.0
2003-12-17,Hannover,VfL Bochum,1618.53,1658.83,4.0,3.0,5.0,9.0
2003-12-17,Munich 1860,MGladbach,1606.38,1600.73,4.0,4.0,8.0,5.0
2003-12-17,Schalke 04,VfL Wolfsburg,1671.44,1645.99,9.0,6.0,10.0,9.0
2003-12-17,VfB Stuttgart,Bayer Leverkusen,1776.66,1699.98,4.0,4.0,10.0,10.0
2004-01-30,Borussia Dortmund,Schalke 04,1699.53,1668.43,1.0,7.0,7.0,11.0
2004-01-31,VfL Bochum,VfL Wolfsburg,1660.04,1649.0,4.0,7.0,7.0,10.0
2004-01-31,Eintracht Frankfurt,Bayern Munich,1538.81,1838.99,1.0,7.0,4.0,10.0
2004-01-31,1. FC Koln,MGladbach,1541.2,1610.81,5.0,6.0,5.0,7.0
2004-01-31,Munich 1860,Kaiserslautern,1596.31,1590.46,1.0,1.0,5.0,4.0
2004-01-31,VfB Stuttgart,Hansa Rostock,1764.75,1601.5,1.0,4.0,7.0,5.0
2004-01-31,Werder Bremen,Hertha,1756.1,1594.58,7.0,4.0,10.0,4.0
2004-02-01,SC Freiburg,Bayer Leverkusen,1582.35,1711.88,3.0,4.0,3.0,10.0
2004-02-01,Hannover,Hamburger SV,1617.32,1650.98,2.0,7.0,6.0,8.0
2004-02-07,Hamburger SV,VfL Bochum,1650.98,1665.65,6.0,7.0,8.0,7.0
2004-02-07,Hansa Rostock,SC Freiburg,1597.39,1582.35,1.0,3.0,5.0,6.0
2004-02-07,Kaiserslautern,1. FC Koln,1584.64,1548.91,1.0,7.0,1.0,8.0
2004-02-07,Bayer Leverkusen,Eintracht Frankfurt,1711.88,1544.43,3.0,1.0,7.0,5.0
2004-02-07,MGladbach,Werder Bremen,1603.1,1761.63,6.0,9.0,7.0,13.0
2004-02-07,Schalke 04,Munich 1860,1679.29,1602.13,7.0,4.0,13.0,7.0
2004-02-07,VfL Wolfsburg,Borussia Dortmund,1643.38,1688.68,4.0,1.0,7.0,4.0
2004-02-08,Bayern Munich,Hannover,1833.37,1617.32,7.0,4.0,8.0,8.0
2004-02-08,Hertha,VfB Stuttgart,1589.05,1768.86,1.0,3.0,4.0,7.0
2004-02-14,VfL Bochum,Bayern Munich,1665.65,1833.37,5.0,7.0,8.0,11.0
2004-02-14,Eintracht Frankfurt,Hansa Rostock,1544.43,1597.39,4.0,3.0,5.0,7.0
2004-02-14,1. FC Koln,Schalke 04,1548.91,1679.29,6.0,5.0,8.0,11.0
2004-02-14,SC Freiburg,Hertha,1582.35,1589.05,3.0,3.0,6.0,7.0
2004-02-28,Eintracht Frankfurt,MGladbach,1557.97,1597.21,5.0,3.0,5.0,6.0
2004-02-28,1. FC Koln,Munich 1860,1543.77,1606.47,3.0,4.0,7.0,5.0
2004-02-28,Hamburger SV,Bayer Leverkusen,1642.64,1689.4,4.0,3.0,8.0,4.0
2004-02-28,VfB Stuttgart,Schalke 04,1758.2,1674.95,3.0,7.0,4.0,11.0
2004-02-28,Werder Bremen,Borussia Dortmund,1767.52,1701.21,9.0,4.0,13.0,4.0
2004-02-29,SC Freiburg,Kaiserslautern,1581.25,1589.78,3.0,4.0,3.0,4.0
2004-02-29,Hannover,Hertha,1620.88,1599.7,4.0,6.0,5.0,7.0
2004-03-06,Borussia Dortmund,VfB Stuttgart,1704.74,1728.51,3.0,4.0,4.0,4.0
2004-03-06,Hansa Rostock,Hamburger SV,1618.31,1654.16,4.0,4.0,5.0,10.0
2004-03-06,Hertha,VfL Bochum,1608.75,1684.51,9.0,7.0,9.0,11.0
2004-03-06,Kaiserslautern,Eintracht Frankfurt,1588.11,1575.13,3.0,7.0,4.0,8.0
2004-03-06,Bayer Leverkusen,Bayern Munich,1663.29,1827.16,0.0,4.0,3.0,10.0
2004-03-06,MGladbach,Hannover,1587.45,1594.45,0.0,3.0,6.0,4.0
2004-03-06,Schalke 04,SC Freiburg,1685.25,1578.27,5.0,3.0,9.0,6.0
2004-03-07,Munich 1860,Werder Bremen,1597.27,1773.51,7.0,9.0,8.0,15.0
2004-03-07,VfL Wolfsburg,1. FC Koln,1624.14,1516.31,1.0,0.0,7.0,6.0
2004-03-13,Bayern Munich,Hansa Rostock,1827.16,1618.31,6.0,7.0,10.0,7.0
2004-03-13,Eintracht Frankfurt,Schalke 04,1575.13,1685.25,4.0,7.0,8.0,11.0
2004-03-13,SC Freiburg,Borussia Dortmund,1578.27,1704.74,3.0,3.0,6.0,4.0
2004-03-13,Hamburger SV,Hertha,1654.16,1608.75,4.0,7.0,7.0,10.0
2004-03-13,Hannover,Kaiserslautern,1594.45,1588.11,0.0,6.0,4.0,7.0
2004-03-13,Bayer Leverkusen,VfL Wolfsburg,1663.29,1624.14,0.0,3.0,3.0,7.0
2004-03-13,Werder Bremen,1. FC Koln,1773.51,1516.31,9.0,0.0,15.0,3.0
2004-03-14,VfL Bochum,MGladbach,1684.51,1587.45,5.0,3.0,9.0,6.0
2004-03-14,VfB Stuttgart,Munich 1860,1728.51,1597.27,4.0,4.0,7.0,7.0
2004-03-20,Borussia Dortmund,Eintracht Frankfurt,1688.77,1583.59,1.0,6.0,4.0,10.0
2004-03-20,1. FC Koln,VfB Stuttgart,1508.22,1744.62,0.0,7.0,0.0,10.0
2004-03-20,Hansa Rostock,Bayer Leverkusen,1635.69,1661.23,5.0,3.0,8.0,3.0
2004-03-20,Hertha,Bayern Munich,1599.86,1823.56,4.0,4.0,10.0,8.0
2004-03-20,Kaiserslautern,VfL Bochum,1602.17,1687.19,6.0,7.0,9.0,11.0
2004-03-20,MGladbach,Hamburger SV,1588.13,1648.13,3.0,6.0,3.0,7.0
2004-03-20,Schalke 04,Hannover,1674.74,1577.35,4.0,0.0,8.0,3.0
2004-03-21,Munich 1860,SC Freiburg,1584.08,1571.45,3.0,4.0,7.0,4.0
2004-03-21,VfL Wolfsburg,Werder Bremen,1620.46,1781.21,3.0,9.0,4.0,15.0
2004-03-27,Bayern Munich,MGladbach,1823.56,1588.13,5.0,6.0,8.0,6.0
2004-03-27,VfL Bochum,Schalke 04,1687.19,1674.74,5.0,4.0,9.0,8.0
2004-03-27,Eintracht Frankfurt,Munich 1860,1583.59,1584.08,3.0,1.0,7.0,5.0
2004-03-27,SC Freiburg,1. FC Koln,1571.45,1508.22,2.0,1.0,5.0,1.0
2004-03-27,Hannover,Borussia Dortmund,1577.35,1688.77,1.0,4.0,1.0,7.0
2004-03-27,Hansa Rostock,VfL Wolfsburg,1635.69,1620.46,4.0,3.0,8.0,3.0
2004-03-27,Bayer Leverkusen,Hertha,1661.23,1599.86,6.0,2.0,6.0,8.0
2004-03-28,Hamburger SV,Kaiserslautern,1648.13,1602.17,3.0,7.0,7.0,10.0
2004-03-28,VfB Stuttgart,Werder Bremen,1744.62,1781.21,7.0,9.0,8.0,15.0
2004-04-03,1. FC Koln,Eintracht Frankfurt,1504.53,1560.96,1.0,3.0,1.0,6.0
2004-04-03,Hertha,Hansa Rostock,1596.22,1630.52,1.0,4.0,5.0,8.0
2004-04-03,Kaiserslautern,Bayern Munich,1597.04,1823.3,4.0,5.0,7.0,8.0
2004-04-03,MGladbach,Bayer Leverkusen,1597.35,1681.91,3.0,9.0,6.0,9.0
2004-04-03,Munich 1860,Hannover,1598.74,1582.9,4.0,2.0,7.0,2.0
2004-04-03,Schalke 04,Hamburger SV,1680.52,1640.52,4.0,6.0,8.0,9.0
2004-04-03,VfL Wolfsburg,VfB Stuttgart,1604.41,1739.43,0.0,5.0,3.0,9.0
2004-04-04,Borussia Dortmund,VfL Bochum,1693.27,1676.58,5.0,4.0,5.0,8.0
2004-04-04,Werder Bremen,SC Freiburg,1790.26,1581.99,7.0,5.0,13.0,8.0
2004-04-10,Bayern Munich,Schalke 04,1823.3,1680.52,7.0,7.0,11.0,10.0
2004-04-10,VfL Bochum,Munich 1860,1676.58,1598.74,1.0,4.0,5.0,4.0
2004-04-10,Eintracht Frankfurt,Werder Bremen,1560.96,1790.26,0.0,5.0,3.0,11.0
2004-04-10,Hamburger SV,Borussia Dortmund,1640.52,1693.27,3.0,7.0,6.0,8.0
2004-04-10,Hansa Rostock,MGladbach,1630.52,1597.35,4.0,4.0,8.0,7.0
2004-04-10,Hertha,VfL Wolfsburg,1596.22,1604.41,2.0,0.0,3.0,3.0
2004-04-10,Bayer Leverkusen,Kaiserslautern,1681.91,1597.04,7.0,1.0,10.0,7.0
2004-04-11,SC Freiburg,VfB Stuttgart,1581.99,1739.43,5.0,5.0,6.0,11.0
2004-04-11,Hannover,1. FC Koln,1582.9,1504.53,5.0,4.0,5.0,4.0
2004-04-17,Borussia Dortmund,Bayern Munich,1714.61,1832.84,7.0,9.0,11.0,11.0
2004-04-17,Kaiserslautern,Hansa Rostock,1581.1,1620.77,0.0,4.0,4.0,5.0
2004-04-17,MGladbach,Hertha,1608.54,1600.57,4.0,4.0,7.0,5.0
2004-04-17,Munich 1860,Hamburger SV,1576.22,1619.95,3.0,3.0,4.0,6.0
2004-04-17,Schalke 04,Bayer Leverkusen,1686.22,1691.47,6.0,7.0,7.0,13.0
2004-04-17,VfB Stuttgart,Eintracht Frankfurt,1758.51,1546.39,7.0,0.0,11.0,3.0
2004-04-17,VfL Wolfsburg,SC Freiburg,1585.46,1582.95,0.0,4.0,0.0,6.0
2004-04-18,1. FC Koln,VfL Bochum,1510.85,1675.06,3.0,3.0,4.0,7.0
2004-04-18,Werder Bremen,Hannover,1787.63,1601.31,5.0,7.0,11.0,8.0
2004-04-24,Eintracht Frankfurt,SC Freiburg,1546.39,1582.95,0.0,1.0,0.0,5.0
2004-04-24,Hamburger SV,1. FC Koln,1619.95,1510.85,3.0,3.0,6.0,4.0
2004-04-24,Hannover,VfB Stuttgart,1601.31,1758.51,7.0,9.0,9.0,11.0
2004-04-24,Hansa Rostock,Schalke 04,1620.77,1686.22,1.0,3.0,4.0,7.0
2004-04-24,Hertha,Kaiserslautern,1600.57,1581.1,5.0,3.0,6.0,4.0
2004-04-24,Bayer Leverkusen,Borussia Dortmund,1691.47,1714.61,7.0,9.0,13.0,13.0
2004-04-24,MGladbach,VfL Wolfsburg,1608.54,1585.46,5.0,3.0,8.0,3.0
2004-04-25,Bayern Munich,Munich 1860,1832.84,1576.22,6.0,0.0,10.0,4.0
2004-04-25,VfL Bochum,Werder Bremen,1675.06,1787.63,6.0,5.0,7.0,9.0
2004-05-01,Borussia Dortmund,Hansa Rostock,1715.78,1624.41,6.0,3.0,10.0,7.0
2004-05-22,Bayer Leverkusen,VfB Stuttgart,1713.77,1753.94,9.0,9.0,13.0,13.0
2004-05-22,MGladbach,Munich 1860,1604.58,1559.35,4.0,0.0,5.0,3.0
2004-05-22,VfL Wolfsburg,Schalke 04,1609.28,1662.87,6.0,0.0,6.0,6.0
2004-08-06,Werder Bremen,Schalke 04,1765.6,1670.83,5.0,1.0,7.0,4.0
2004-08-07,Borussia Dortmund,VfL Wolfsburg,1709.16,1610.59,6.0,7.0,12.0,7.0
2004-08-07,SC Freiburg,Hansa Rostock,1562.78,1622.0,0.0,3.0,4.0,4.0
2004-08-07,Hamburger SV,Bayern Munich,1640.17,1801.26,6.0,6.0,9.0,12.0
2004-08-07,Hertha,VfL Bochum,1627.69,1687.6,7.0,7.0,8.0,7.0
2004-08-07,Kaiserslautern,Nurnberg,1577.15,1545.96,3.0,6.0,3.0,6.0
2004-08-07,Bayer Leverkusen,Hannover,1746.88,1590.97,9.0,4.0,13.0,8.0
2004-08-08,Bielefeld,MGladbach,1537.5,1606.32,1.0,4.0,1.0,8.0
2004-08-08,VfB Stuttgart,FSV Mainz 05,1755.15,1543.75,6.0,9.0,12.0,12.0
2004-08-14,Bayern Munich,Hertha,1801.26,1627.69,6.0,5.0,12.0,9.0
2004-08-14,Hansa Rostock,Werder Bremen,1622.0,1765.6,4.0,5.0,4.0,9.0
2004-08-14,FSV Mainz 05,Hamburger SV,1543.75,1640.17,6.0,6.0,9.0,6.0
2004-08-14,MGladbach,Borussia Dortmund,1606.32,1709.16,4.0,3.0,8.0,9.0
2004-08-14,Nurnberg,VfB Stuttgart,1545.96,1755.15,9.0,6.0,9.0,12.0
2004-08-14,Schalke 04,Kaiserslautern,1670.83,1577.15,1.0,3.0,1.0,3.0
2004-08-15,VfL Bochum,Bayer Leverkusen,1692.49,1763.07,5.0,9.0,8.0,15.0
2004-08-15,VfL Wolfsburg,SC Freiburg,1626.86,1565.48,7.0,1.0,10.0,2.0
2004-08-28,Bielefeld,VfL Bochum,1540.57,1692.49,2.0,3.0,2.0,9.0
2004-08-28,SC Freiburg,MGladbach,1565.48,1602.75,4.0,4.0,4.0,5.0
2004-08-28,Hamburger SV,Nurnberg,1627.28,1568.49,3.0,7.0,6.0,10.0
2004-08-28,Hertha,FSV Mainz 05,1637.05,1552.4,5.0,6.0,9.0,12.0
2004-08-28,Kaiserslautern,VfB Stuttgart,1561.57,1759.04,0.0,4.0,3.0,10.0
2004-08-28,Bayer Leverkusen,Bayern Munich,1763.07,1807.33,7.0,7.0,13.0,10.0
2004-08-28,Schalke 04,Hansa Rostock,1674.55,1613.99,4.0,1.0,4.0,4.0
2004-08-29,Borussia Dortmund,Hannover,1708.6,1592.26,6.0,1.0,9.0,7.0
2004-08-29,Werder Bremen,VfL Wolfsburg,1785.89,1626.86,7.0,4.0,11.0,10.0
2004-09-11,Bayern Munich,Bielefeld,1795.3,1533.74,4.0,2.0,7.0,2.0
2004-09-11,VfL Bochum,Borussia Dortmund,1697.84,1702.84,5.0,4.0,9.0,7.0
2004-09-11,FSV Mainz 05,Bayer Leverkusen,1556.7,1773.91,4.0,7.0,10.0,13.0
2004-09-11,MGladbach,Werder Bremen,1604.26,1771.93,2.0,6.0,5.0,8.0
2004-09-11,Nurnberg,Hertha,1563.74,1631.93,4.0,3.0,10.0,7.0
2004-09-11,VfB Stuttgart,Hamburger SV,1763.98,1631.23,7.0,3.0,10.0,9.0
2004-09-11,VfL Wolfsburg,Schalke 04,1628.31,1657.39,6.0,3.0,10.0,4.0
2004-09-12,Hannover,SC Freiburg,1597.21,1574.85,1.0,5.0,5.0,5.0
2004-09-12,Hansa Rostock,Kaiserslautern,1630.34,1555.82,4.0,0.0,7.0,3.0
2004-09-18,Bielefeld,FSV Mainz 05,1532.13,1572.23,1.0,7.0,2.0,10.0
2004-09-18,Borussia Dortmund,Bayern Munich,1705.21,1796.92,5.0,4.0,8.0,10.0
2004-09-18,Hansa Rostock,VfL Wolfsburg,1618.39,1639.66,3.0,6.0,4.0,10.0
2004-09-18,Kaiserslautern,Hamburger SV,1567.77,1626.77,3.0,3.0,3.0,6.0
2004-09-18,Bayer Leverkusen,Nurnberg,1758.38,1563.14,4.0,2.0,10.0,8.0
2004-09-18,Schalke 04,MGladbach,1646.05,1618.38,3.0,4.0,4.0,8.0
2004-09-18,Werder Bremen,Hannover,1757.81,1594.03,3.0,2.0,7.0,3.0
2004-09-19,SC Freiburg,VfL Bochum,1578.04,1695.47,5.0,5.0,6.0,7.0
2004-09-19,Hertha,VfB Stuttgart,1632.53,1768.43,3.0,7.0,7.0,10.0
2004-09-25,Bayern Munich,SC Freiburg,1796.92,1578.04,4.0,3.0,8.0,7.0
2004-09-25,VfL Bochum,Werder Bremen,1695.47,1757.81,5.0,3.0,7.0,9.0
2004-09-25,Hannover,Schalke 04,1594.03,1646.05,2.0,3.0,2.0,6.0
2004-09-25,MGladbach,Hansa Rostock,1618.38,1618.39,4.0,3.0,5.0,4.0
2004-09-25,Nurnberg,Bielefeld,1563.14,1532.13,2.0,1.0,6.0,3.0
2004-09-25,VfB Stuttgart,Bayer Leverkusen,1768.43,1758.38,7.0,4.0,11.0,8.0
2004-09-25,VfL Wolfsburg,Kaiserslautern,1639.66,1567.77,9.0,6.0,12.0,6.0
2004-09-26,Hamburger SV,Hertha,1626.77,1632.53,3.0,3.0,3.0,5.0
2004-09-26,FSV Mainz 05,Borussia Dortmund,1572.23,1705.21,5.0,3.0,8.0,6.0
2004-09-28,Hannover,Bielefeld,1594.03,1532.13,4.0,4.0,5.0,5.0
2004-10-02,Borussia Dortmund,Nurnberg,1711.29,1565.77,3.0,2.0,7.0,3.0
2004-10-02,SC Freiburg,FSV Mainz 05,1583.17,1581.85,2.0,5.0,6.0,9.0
2004-10-02,Hansa Rostock,Hannover,1618.53,1592.05,1.0,3.0,4.0,5.0
2004-10-02,Kaiserslautern,Hertha,1577.85,1634.97,6.0,2.0,6.0,4.0
2004-10-02,Bayer Leverkusen,Hamburger SV,1754.63,1632.8,1.0,3.0,5.0,6.0
2004-10-02,Werder Bremen,Bayern Munich,1786.96,1819.46,6.0,7.0,9.0,8.0
2004-10-02,VfL Wolfsburg,MGladbach,1660.36,1617.46,9.0,4.0,12.0,5.0
2004-10-03,Bielefeld,VfB Stuttgart,1560.79,1788.0,7.0,7.0,7.0,11.0
2004-10-03,Schalke 04,VfL Bochum,1652.32,1675.35,3.0,2.0,6.0,6.0
2004-10-16,Bayern Munich,Schalke 04,1828.94,1658.66,7.0,6.0,10.0,6.0
2004-10-16,VfL Bochum,Hansa Rostock,1669.0,1602.94,1.0,1.0,5.0,4.0
2004-10-16,Hamburger SV,Bielefeld,1627.43,1554.09,3.0,6.0,6.0,7.0
2004-10-16,Hertha,Bayer Leverkusen,1647.4,1760.01,4.0,4.0,6.0,7.0
2004-10-16,FSV Mainz 05,Werder Bremen,1592.29,1777.48,5.0,6.0,9.0,6.0
2004-10-16,Nurnberg,SC Freiburg,1571.75,1572.73,2.0,1.0,3.0,3.0
2004-10-16,VfB Stuttgart,Borussia Dortmund,1794.7,1705.31,7.0,3.0,13.0,5.0
2004-10-17,Hannover,VfL Wolfsburg,1607.64,1665.07,6.0,9.0,7.0,15.0
2004-10-17,MGladbach,Kaiserslautern,1612.75,1565.42,1.0,3.0,5.0,6.0
2004-10-23,Bielefeld,Hertha,1554.09,1647.4,6.0,6.0,10.0,8.0
2004-10-23,Borussia Dortmund,Hamburger SV,1705.31,1627.43,2.0,3.0,4.0,3.0
2004-10-23,Hansa Rostock,Bayern Munich,1602.94,1828.94,4.0,6.0,4.0,10.0
2004-10-23,Kaiserslautern,Bayer Leverkusen,1565.42,1760.01,0.0,3.0,6.0,4.0
2004-10-23,MGladbach,Hannover,1612.75,1607.64,4.0,6.0,7.0,9.0
2004-10-23,Werder Bremen,Nurnberg,1777.48,1571.75,3.0,4.0,6.0,6.0
2004-10-23,VfL Wolfsburg,VfL Bochum,1665.07,1669.0,6.0,0.0,12.0,2.0
2004-10-24,SC Freiburg,VfB Stuttgart,1572.73,1794.7,0.0,9.0,2.0,13.0
2004-10-24,Schalke 04,FSV Mainz 05,1658.66,1592.29,6.0,7.0,9.0,11.0
2004-10-26,Bayern Munich,VfL Wolfsburg,1828.94,1665.07,6.0,6.0,10.0,12.0
2004-10-26,VfL Bochum,MGladbach,1669.0,1612.75,0.0,3.0,1.0,4.0
2004-10-26,Hannover,Kaiserslautern,1607.64,1565.42,9.0,1.0,12.0,4.0
2004-10-26,Hertha,Borussia Dortmund,1647.4,1705.31,6.0,1.0,7.0,3.0
2004-10-27,Hamburger SV,SC Freiburg,1627.43,1572.73,3.0,3.0,6.0,4.0
2004-10-27,Bayer Leverkusen,Bielefeld,1760.01,1554.09,4.0,6.0,5.0,12.0
2004-10-27,FSV Mainz 05,Hansa Rostock,1592.29,1602.94,6.0,3.0,8.0,4.0
2004-10-27,Nurnberg,Schalke 04,1571.75,1658.66,4.0,9.0,5.0,12.0
2004-10-27,VfB Stuttgart,Werder Bremen,1794.7,1777.48,6.0,3.0,10.0,9.0
2004-10-30,Borussia Dortmund,Bayer Leverkusen,1705.31,1760.01,3.0,4.0,5.0,7.0
2004-10-30,SC Freiburg,Hertha,1572.73,1647.4,3.0,3.0,3.0,6.0
2004-10-30,Hannover,VfL Bochum,1607.64,1669.0,9.0,3.0,12.0,3.0
2004-10-30,MGladbach,Bayern Munich,1612.75,1828.94,3.0,6.0,4.0,12.0
2004-10-30,Schalke 04,VfB Stuttgart,1658.66,1794.7,9.0,3.0,12.0,9.0
2004-10-30,Werder Bremen,Hamburger SV,1777.48,1627.43,6.0,6.0,9.0,9.0
2004-10-30,VfL Wolfsburg,FSV Mainz 05,1665.07,1592.29,3.0,6.0,9.0,10.0
2004-10-31,Hansa Rostock,Nurnberg,1602.94,1571.75,3.0,3.0,4.0,4.0
2004-10-31,Kaiserslautern,Bielefeld,1565.42,1554.09,1.0,6.0,1.0,9.0
2004-11-06,Bayern Munich,Hannover,1814.64,1659.04,6.0,9.0,9.0,15.0
2004-11-06,Bielefeld,Borussia Dortmund,1579.23,1707.99,3.0,6.0,6.0,7.0
2004-11-06,VfL Bochum,Kaiserslautern,1654.29,1570.86,3.0,4.0,3.0,4.0
2004-11-06,Hertha,Werder Bremen,1662.7,1793.65,3.0,7.0,9.0,7.0
2004-11-06,Bayer Leverkusen,SC Freiburg,1756.91,1566.95,4.0,3.0,7.0,3.0
2004-11-06,FSV Mainz 05,MGladbach,1610.88,1621.36,3.0,3.0,9.0,6.0
2004-11-06,Nurnberg,VfL Wolfsburg,1591.5,1672.29,3.0,6.0,7.0,9.0
2004-11-07,Hamburger SV,Schalke 04,1651.88,1700.6,7.0,9.0,7.0,15.0
2004-11-07,VfB Stuttgart,Hansa Rostock,1778.58,1591.59,0.0,0.0,6.0,3.0
2004-11-13,SC Freiburg,Bielefeld,1566.95,1579.23,0.0,3.0,3.0,9.0
2004-11-13,Hannover,FSV Mainz 05,1659.04,1610.88,6.0,4.0,12.0,7.0
2004-11-13,Kaiserslautern,Borussia Dortmund,1570.86,1707.99,4.0,6.0,5.0,6.0
2004-11-13,MGladbach,Nurnberg,1621.36,1591.5,4.0,6.0,7.0,9.0
2004-11-13,Schalke 04,Hertha,1700.6,1662.7,9.0,4.0,15.0,7.0
2004-11-13,Werder Bremen,Bayer Leverkusen,1793.65,1756.91,5.0,6.0,8.0,7.0
2004-11-13,VfL Wolfsburg,VfB Stuttgart,1672.29,1778.58,3.0,3.0,6.0,6.0
2004-11-14,VfL Bochum,Bayern Munich,1654.29,1814.64,4.0,6.0,4.0,9.0
2004-11-14,Hansa Rostock,Hamburger SV,1591.59,1651.88,0.0,4.0,3.0,7.0
2004-11-20,Bayern Munich,Kaiserslautern,1813.75,1587.96,6.0,7.0,12.0,8.0
2004-11-20,Bielefeld,Werder Bremen,1601.96,1799.11,6.0,3.0,9.0,9.0
2004-11-20,Borussia Dortmund,SC Freiburg,1694.7,1557.01,3.0,0.0,6.0,3.0
2004-11-20,Hertha,Hansa Rostock,1684.48,1591.13,7.0,0.0,7.0,0.0
2004-11-20,Bayer Leverkusen,Schalke 04,1771.06,1702.76,4.0,6.0,8.0,12.0
2004-11-20,FSV Mainz 05,VfL Bochum,1605.96,1653.32,1.0,1.0,4.0,4.0
2004-11-20,VfB Stuttgart,MGladbach,1778.32,1632.81,3.0,7.0,3.0,7.0
2004-11-21,Hamburger SV,VfL Wolfsburg,1646.55,1676.28,4.0,6.0,10.0,9.0
2004-11-21,Nurnberg,Hannover,1604.94,1664.34,6.0,6.0,6.0,12.0
2004-11-27,Bayern Munich,FSV Mainz 05,1813.75,1605.96,9.0,4.0,12.0,7.0
2004-11-27,VfL Bochum,Nurnberg,1653.32,1604.94,1.0,4.0,4.0,7.0
2004-11-27,Hansa Rostock,Bayer Leverkusen,1591.13,1771.06,1.0,4.0,1.0,7.0
2004-11-27,Kaiserslautern,SC Freiburg,1587.96,1557.01,4.0,0.0,7.0,0.0
2004-11-27,MGladbach,Hamburger SV,1632.81,1646.55,4.0,6.0,7.0,10.0
2004-11-27,Werder Bremen,Borussia Dortmund,1799.11,1694.7,2.0,3.0,6.0,9.0
2004-11-27,VfL Wolfsburg,Hertha,1676.28,1684.48,3.0,5.0,6.0,8.0
2004-11-28,Hannover,VfB Stuttgart,1664.34,1778.32,4.0,6.0,10.0,6.0
2004-11-28,Schalke 04,Bielefeld,1702.76,1601.96,6.0,9.0,12.0,9.0
2004-12-04,Bielefeld,Hansa Rostock,1608.35,1565.21,6.0,1.0,9.0,1.0
2004-12-04,SC Freiburg,Werder Bremen,1544.0,1790.03,0.0,4.0,0.0,6.0
2004-12-04,Hamburger SV,Hannover,1689.54,1664.95,9.0,5.0,10.0,8.0
2004-12-04,Hertha,MGladbach,1688.5,1615.99,7.0,3.0,11.0,7.0
2004-12-04,Bayer Leverkusen,VfL Wolfsburg,1763.33,1657.35,4.0,3.0,7.0,6.0
2004-12-04,Nurnberg,Bayern Munich,1596.27,1828.97,1.0,9.0,7.0,12.0
2004-12-04,VfB Stuttgart,VfL Bochum,1770.73,1643.61,4.0,3.0,7.0,4.0
2004-12-05,Borussia Dortmund,Schalke 04,1692.84,1729.01,3.0,6.0,6.0,12.0
2004-12-05,Kaiserslautern,FSV Mainz 05,1593.04,1608.86,6.0,3.0,10.0,4.0
2004-12-11,Bayern Munich,VfB Stuttgart,1828.97,1770.73,7.0,7.0,13.0,10.0
2004-12-11,VfL Bochum,Hamburger SV,1643.61,1689.54,3.0,6.0,4.0,9.0
2004-12-11,Hannover,Hertha,1664.95,1688.5,5.0,7.0,8.0,11.0
2004-12-11,Hansa Rostock,Borussia Dortmund,1565.21,1692.84,2.0,3.0,2.0,3.0
2004-12-11,FSV Mainz 05,Nurnberg,1608.86,1596.27,3.0,2.0,4.0,5.0
2004-12-11,Schalke 04,SC Freiburg,1729.01,1544.0,9.0,0.0,12.0,0.0
2004-12-11,Werder Bremen,Kaiserslautern,1790.03,1593.04,6.0,6.0,8.0,10.0
2004-12-12,MGladbach,Bayer Leverkusen,1615.99,1763.33,0.0,6.0,4.0,10.0
2004-12-12,VfL Wolfsburg,Bielefeld,1657.35,1608.35,0.0,4.0,3.0,10.0
2005-01-21,Bayern Munich,Hamburger SV,1836.17,1697.66,5.0,6.0,11.0,12.0
2005-01-22,Hansa Rostock,SC Freiburg,1583.73,1554.83,2.0,1.0,3.0,1.0
2005-01-22,FSV Mainz 05,VfB Stuttgart,1604.31,1795.78,0.0,5.0,3.0,8.0
2005-01-22,MGladbach,Bielefeld,1622.53,1608.64,1.0,1.0,4.0,7.0
2005-01-22,Nurnberg,Kaiserslautern,1624.71,1622.86,4.0,7.0,5.0,10.0
2005-01-22,Schalke 04,Werder Bremen,1740.66,1826.04,7.0,7.0,10.0,8.0
2005-01-22,VfL Wolfsburg,Borussia Dortmund,1678.44,1696.9,3.0,1.0,6.0,4.0
2005-01-23,VfL Bochum,Hertha,1643.05,1722.7,3.0,9.0,3.0,13.0
2005-01-23,Hannover,Bayer Leverkusen,1684.78,1788.49,4.0,7.0,8.0,8.0
2005-01-29,Bielefeld,Hannover,1608.64,1684.78,1.0,3.0,4.0,5.0
2005-01-29,Borussia Dortmund,MGladbach,1696.9,1622.53,4.0,4.0,7.0,4.0
2005-01-29,SC Freiburg,VfL Wolfsburg,1554.83,1678.44,2.0,3.0,2.0,3.0
2005-01-29,Hamburger SV,FSV Mainz 05,1697.66,1604.31,3.0,0.0,9.0,3.0
2005-01-29,Kaiserslautern,Schalke 04,1622.86,1740.66,7.0,7.0,10.0,13.0
2005-01-29,Bayer Leverkusen,VfL Bochum,1788.49,1643.05,7.0,1.0,10.0,4.0
2005-01-29,VfB Stuttgart,Nurnberg,1795.78,1624.71,7.0,4.0,11.0,5.0
2005-01-30,Hertha,Bayern Munich,1722.7,1836.17,7.0,5.0,11.0,11.0
2005-01-30,Werder Bremen,Hansa Rostock,1826.04,1583.73,4.0,3.0,7.0,4.0
2005-02-05,Bayern Munich,Bayer Leverkusen,1840.47,1806.89,5.0,7.0,9.0,13.0
2005-02-05,VfL Bochum,Bielefeld,1637.47,1594.56,1.0,0.0,4.0,1.0
2005-02-05,Hannover,Borussia Dortmund,1680.12,1702.36,3.0,5.0,7.0,5.0
2005-02-05,Hansa Rostock,Schalke 04,1578.44,1736.45,2.0,4.0,3.0,10.0
2005-02-05,FSV Mainz 05,Hertha,1594.97,1723.87,0.0,5.0,0.0,11.0
2005-02-05,Nurnberg,Hamburger SV,1630.1,1696.38,6.0,6.0,7.0,9.0
2005-02-05,VfB Stuttgart,Kaiserslautern,1781.17,1649.49,4.0,7.0,8.0,13.0
2005-02-06,MGladbach,SC Freiburg,1632.56,1566.49,5.0,5.0,5.0,5.0
2005-02-06,VfL Wolfsburg,Werder Bremen,1660.23,1820.28,3.0,4.0,3.0,10.0
2005-02-12,Borussia Dortmund,VfL Bochum,1702.36,1637.47,7.0,2.0,8.0,2.0
2005-02-12,SC Freiburg,Hannover,1566.49,1680.12,4.0,3.0,5.0,6.0
2005-02-12,Hamburger SV,VfB Stuttgart,1696.38,1781.17,6.0,4.0,9.0,8.0
2005-02-12,Hertha,Nurnberg,1723.87,1630.1,5.0,3.0,11.0,7.0
2005-02-12,Kaiserslautern,Hansa Rostock,1649.49,1578.44,7.0,2.0,11.0,4.0
2005-02-12,Schalke 04,VfL Wolfsburg,1736.45,1660.23,4.0,0.0,8.0,3.0
2005-02-12,Werder Bremen,MGladbach,1820.28,1632.56,6.0,7.0,10.0,8.0
2005-02-13,Bielefeld,Bayern Munich,1594.56,1840.47,1.0,7.0,2.0,9.0
2005-02-13,Bayer Leverkusen,FSV Mainz 05,1806.89,1594.97,6.0,0.0,10.0,0.0
2005-02-19,Bayern Munich,Borussia Dortmund,1847.24,1716.7,4.0,7.0,8.0,11.0
2005-02-19,VfL Bochum,SC Freiburg,1633.55,1562.32,1.0,4.0,2.0,6.0
2005-02-19,Hamburger SV,Kaiserslautern,1708.56,1655.33,9.0,7.0,12.0,11.0
2005-02-19,Hannover,Werder Bremen,1665.78,1826.37,4.0,9.0,4.0,10.0
2005-02-19,FSV Mainz 05,Bielefeld,1582.46,1598.48,0.0,4.0,0.0,4.0
2005-02-19,Nurnberg,Bayer Leverkusen,1617.92,1800.11,3.0,6.0,6.0,10.0
2005-02-19,VfL Wolfsburg,Hansa Rostock,1654.13,1580.07,0.0,1.0,3.0,3.0
2005-02-20,MGladbach,Schalke 04,1636.74,1734.81,4.0,4.0,8.0,8.0
2005-02-20,VfB Stuttgart,Hertha,1775.32,1736.37,1.0,7.0,5.0,11.0
2005-02-26,Bielefeld,Nurnberg,1598.48,1617.92,5.0,0.0,5.0,3.0
2005-02-26,Borussia Dortmund,FSV Mainz 05,1716.7,1582.46,6.0,1.0,10.0,1.0
2005-02-26,SC Freiburg,Bayern Munich,1562.32,1847.24,1.0,6.0,5.0,10.0
2005-02-26,Hansa Rostock,MGladbach,1580.07,1636.74,1.0,3.0,2.0,7.0
2005-02-26,Hertha,Hamburger SV,1736.37,1708.56,6.0,9.0,8.0,12.0
2005-02-26,Kaiserslautern,VfL Wolfsburg,1655.33,1654.13,4.0,3.0,10.0,3.0
2005-02-26,Werder Bremen,VfL Bochum,1826.37,1633.55,9.0,4.0,12.0,5.0
2005-02-27,Bayer Leverkusen,VfB Stuttgart,1800.11,1775.32,6.0,4.0,12.0,7.0
2005-02-27,Schalke 04,Hannover,1734.81,1665.78,7.0,1.0,10.0,4.0
2005-03-05,Bayern Munich,Werder Bremen,1830.64,1807.57,6.0,9.0,10.0,15.0
2005-03-05,VfL Bochum,Schalke 04,1610.49,1722.11,3.0,9.0,4.0,10.0
2005-03-05,Hamburger SV,Bayer Leverkusen,1690.1,1776.25,6.0,7.0,12.0,10.0
2005-03-05,Hannover,Hansa Rostock,1630.43,1546.16,1.0,1.0,4.0,2.0
2005-03-05,FSV Mainz 05,SC Freiburg,1552.11,1532.51,1.0,1.0,1.0,4.0
2005-03-05,MGladbach,VfL Wolfsburg,1603.31,1637.4,1.0,4.0,5.0,4.0
2005-03-05,VfB Stuttgart,Bielefeld,1733.18,1603.99,4.0,7.0,5.0,8.0
2005-03-06,Hertha,Kaiserslautern,1722.97,1631.52,6.0,4.0,10.0,8.0
2005-03-06,Nurnberg,Borussia Dortmund,1578.52,1697.37,0.0,6.0,3.0,10.0
2005-03-12,Bielefeld,Hamburger SV,1603.99,1690.1,4.0,6.0,8.0,12.0
2005-03-12,SC Freiburg,Nurnberg,1532.51,1578.52,0.0,1.0,1.0,1.0
2005-03-12,Hansa Rostock,VfL Bochum,1546.16,1610.49,4.0,3.0,5.0,4.0
2005-03-12,Kaiserslautern,MGladbach,1631.52,1603.31,2.0,4.0,6.0,7.0
2005-03-12,Bayer Leverkusen,Hertha,1776.25,1722.97,4.0,4.0,7.0,10.0
2005-03-12,Werder Bremen,FSV Mainz 05,1807.57,1552.11,6.0,4.0,12.0,4.0
2005-03-12,VfL Wolfsburg,Hannover,1637.4,1630.43,4.0,0.0,4.0,1.0
2005-03-13,Borussia Dortmund,VfB Stuttgart,1697.37,1733.18,4.0,7.0,10.0,8.0
2005-03-13,Schalke 04,Bayern Munich,1722.11,1830.64,9.0,9.0,13.0,12.0
2005-03-19,Bayern Munich,Hansa Rostock,1825.56,1562.34,6.0,7.0,9.0,7.0
2005-03-19,VfL Bochum,VfL Wolfsburg,1585.12,1630.81,0.0,4.0,3.0,7.0
2005-03-19,Hamburger SV,Borussia Dortmund,1700.15,1677.66,6.0,4.0,12.0,7.0
2005-03-19,Hannover,MGladbach,1607.37,1599.17,0.0,4.0,1.0,4.0
2005-03-19,Hertha,Bielefeld,1716.29,1587.41,5.0,3.0,8.0,7.0
2005-03-19,Bayer Leverkusen,Kaiserslautern,1747.31,1636.17,2.0,5.0,8.0,8.0
2005-03-19,Nurnberg,Werder Bremen,1582.49,1783.15,4.0,4.0,4.0,10.0
2005-03-20,FSV Mainz 05,Schalke 04,1565.92,1735.54,4.0,9.0,5.0,15.0
2005-03-20,VfB Stuttgart,SC Freiburg,1744.53,1506.42,7.0,0.0,10.0,1.0
2005-04-02,Bielefeld,Bayer Leverkusen,1582.03,1751.95,0.0,4.0,4.0,8.0
2005-04-02,SC Freiburg,Hamburger SV,1504.7,1689.06,0.0,6.0,0.0,9.0
2005-04-02,Hansa Rostock,FSV Mainz 05,1560.21,1575.84,6.0,7.0,7.0,8.0
2005-04-02,Kaiserslautern,Hannover,1631.53,1612.88,4.0,3.0,5.0,3.0
2005-04-02,Schalke 04,Nurnberg,1725.62,1577.37,6.0,4.0,12.0,4.0
2005-04-02,Werder Bremen,VfB Stuttgart,1788.27,1746.24,4.0,9.0,10.0,13.0
2005-04-02,VfL Wolfsburg,Bayern Munich,1617.66,1827.69,3.0,6.0,7.0,12.0
2005-04-03,Borussia Dortmund,Hertha,1688.76,1721.66,4.0,5.0,7.0,8.0
2005-04-03,MGladbach,VfL Bochum,1593.66,1598.27,3.0,3.0,4.0,6.0
2005-04-09,Bayern Munich,MGladbach,1827.69,1593.66,6.0,1.0,12.0,5.0
2005-04-09,VfL Bochum,Hannover,1598.27,1612.88,4.0,6.0,4.0,6.0
2005-04-09,Hamburger SV,Werder Bremen,1689.06,1788.27,4.0,4.0,7.0,7.0
2005-04-09,Hertha,SC Freiburg,1721.66,1504.7,4.0,1.0,8.0,1.0
2005-04-09,Bayer Leverkusen,Borussia Dortmund,1751.95,1688.76,4.0,6.0,5.0,10.0
2005-04-09,FSV Mainz 05,VfL Wolfsburg,1575.84,1617.66,4.0,3.0,7.0,4.0
2005-04-09,VfB Stuttgart,Schalke 04,1746.24,1725.62,9.0,6.0,13.0,12.0
2005-04-10,Bielefeld,Kaiserslautern,1582.03,1631.53,3.0,3.0,6.0,5.0
2005-04-10,Nurnberg,Hansa Rostock,1577.37,1560.21,3.0,6.0,4.0,10.0
2005-04-16,Borussia Dortmund,Bielefeld,1704.62,1575.4,9.0,3.0,10.0,3.0
2005-04-16,SC Freiburg,Bayer Leverkusen,1502.18,1728.53,1.0,3.0,1.0,4.0
2005-04-16,Hannover,Bayern Munich,1620.52,1830.39,6.0,9.0,6.0,12.0
2005-04-16,Hansa Rostock,VfB Stuttgart,1557.1,1764.44,3.0,9.0,9.0,15.0
2005-04-16,MGladbach,FSV Mainz 05,1587.21,1551.83,1.0,3.0,4.0,7.0
2005-04-16,Schalke 04,Hamburger SV,1719.38,1676.53,3.0,1.0,9.0,7.0
2005-04-16,Werder Bremen,Hertha,1782.7,1715.92,6.0,6.0,7.0,8.0
2005-04-17,Kaiserslautern,VfL Bochum,1627.82,1604.93,3.0,7.0,7.0,7.0
2005-04-17,VfL Wolfsburg,Nurnberg,1620.12,1579.94,3.0,3.0,6.0,7.0
2005-04-23,Bayern Munich,VfL Bochum,1830.39,1604.93,9.0,7.0,12.0,10.0
2005-04-23,Bielefeld,SC Freiburg,1575.4,1502.18,4.0,1.0,4.0,1.0
2005-04-23,Borussia Dortmund,Kaiserslautern,1704.62,1627.82,7.0,3.0,10.0,6.0
2005-04-23,Hamburger SV,Hansa Rostock,1676.53,1557.1,4.0,6.0,7.0,9.0
2005-04-23,Hertha,Schalke 04,1715.92,1719.38,6.0,3.0,10.0,6.0
2005-04-23,FSV Mainz 05,Hannover,1551.83,1620.52,1.0,3.0,5.0,6.0
2005-04-23,VfB Stuttgart,VfL Wolfsburg,1764.44,1620.12,6.0,3.0,12.0,6.0
2005-04-24,Bayer Leverkusen,Werder Bremen,1728.53,1782.7,3.0,3.0,7.0,7.0
2005-04-24,Nurnberg,MGladbach,1579.94,1587.21,6.0,2.0,9.0,2.0
2005-04-30,VfL Bochum,FSV Mainz 05,1604.93,1551.83,6.0,4.0,10.0,7.0
2005-04-30,SC Freiburg,Borussia Dortmund,1502.18,1704.62,0.0,7.0,1.0,13.0
2005-04-30,Hansa Rostock,Hertha,1557.1,1715.92,3.0,9.0,6.0,12.0
2005-04-30,Kaiserslautern,Bayern Munich,1627.82,1830.39,3.0,9.0,3.0,15.0
2005-04-30,MGladbach,VfB Stuttgart,1587.21,1764.44,2.0,4.0,3.0,10.0
2005-04-30,Schalke 04,Bayer Leverkusen,1719.38,1728.53,0.0,6.0,3.0,9.0
2005-04-30,Werder Bremen,Bielefeld,1782.7,1575.4,3.0,4.0,6.0,7.0
2005-05-01,Hannover,Nurnberg,1605.04,1588.21,0.0,7.0,6.0,7.0
2005-05-01,VfL Wolfsburg,Hamburger SV,1614.92,1693.55,4.0,6.0,4.0,7.0
2005-05-07,Bielefeld,Schalke 04,1582.62,1697.11,4.0,1.0,7.0,4.0
2005-05-07,SC Freiburg,Kaiserslautern,1493.26,1601.61,1.0,0.0,2.0,3.0
2005-05-07,Hertha,VfL Wolfsburg,1726.97,1614.92,6.0,4.0,9.0,7.0
2005-05-07,Bayer Leverkusen,Hansa Rostock,1743.08,1572.55,7.0,6.0,7.0,9.0
2005-05-07,FSV Mainz 05,Bayern Munich,1588.71,1847.73,7.0,9.0,7.0,15.0
2005-05-07,Nurnberg,VfL Bochum,1588.21,1590.44,4.0,3.0,7.0,7.0
2005-05-07,VfB Stuttgart,Hannover,1733.63,1605.04,1.0,3.0,7.0,6.0
2005-05-08,Borussia Dortmund,Werder Bremen,1701.18,1768.61,5.0,3.0,11.0,6.0
2005-05-08,Hamburger SV,MGladbach,1693.55,1600.31,6.0,5.0,7.0,6.0
2005-05-14,Bayern Munich,Nurnberg,1847.73,1588.21,9.0,4.0,15.0,10.0
2005-05-14,VfL Bochum,VfB Stuttgart,1590.44,1733.63,0.0,4.0,6.0,7.0
2005-05-14,Hannover,Hamburger SV,1605.04,1693.55,3.0,4.0,3.0,7.0
2005-05-14,Hansa Rostock,Bielefeld,1572.55,1582.62,3.0,3.0,6.0,4.0
2005-05-14,FSV Mainz 05,Kaiserslautern,1588.71,1601.61,6.0,3.0,7.0,6.0
2005-05-14,MGladbach,Hertha,1600.31,1726.97,5.0,6.0,6.0,12.0
2005-05-14,Schalke 04,Borussia Dortmund,1697.11,1701.18,4.0,7.0,4.0,11.0
2005-05-14,Werder Bremen,SC Freiburg,1768.61,1493.26,3.0,1.0,6.0,1.0
2005-05-14,VfL Wolfsburg,Bayer Leverkusen,1614.92,1743.08,4.0,7.0,7.0,10.0
2005-05-21,Bielefeld,VfL Wolfsburg,1574.55,1618.43,1.0,4.0,5.0,5.0
2005-05-21,Borussia Dortmund,Hansa Rostock,1718.72,1565.84,7.0,4.0,11.0,7.0
2005-05-21,SC Freiburg,Schalke 04,1483.37,1697.32,1.0,4.0,1.0,4.0
2005-05-21,Hamburger SV,VfL Bochum,1673.96,1598.22,1.0,3.0,7.0,6.0
2005-05-21,Hertha,Hannover,1730.92,1614.55,4.0,6.0,10.0,6.0
2005-05-21,Kaiserslautern,Werder Bremen,1602.67,1763.8,3.0,6.0,3.0,6.0
2005-05-21,Bayer Leverkusen,MGladbach,1746.22,1606.08,5.0,5.0,11.0,7.0
2005-05-21,Nurnberg,FSV Mainz 05,1586.0,1589.48,3.0,6.0,7.0,10.0
2005-05-21,VfB Stuttgart,Bayern Munich,1723.46,1855.96,3.0,9.0,4.0,15.0
2005-08-05,Bayern Munich,MGladbach,1865.66,1600.05,9.0,2.0,15.0,6.0
2005-08-06,Duisburg,VfB Stuttgart,1514.27,1713.88,4.0,3.0,5.0,4.0
2005-08-06,1. FC Koln,FSV Mainz 05,1574.26,1599.59,6.0,6.0,8.0,12.0
2005-08-06,Hamburger SV,Nurnberg,1662.43,1576.18,1.0,3.0,4.0,4.0
2005-08-06,Hannover,Hertha,1619.88,1725.71,4.0,5.0,7.0,8.0
2005-08-06,Werder Bremen,Bielefeld,1769.76,1565.4,6.0,1.0,9.0,4.0
2005-08-06,VfL Wolfsburg,Borussia Dortmund,1627.69,1721.66,4.0,9.0,8.0,13.0
2005-08-07,Eintracht Frankfurt,Bayer Leverkusen,1587.66,1752.37,9.0,7.0,12.0,11.0
2005-08-07,Schalke 04,Kaiserslautern,1702.19,1596.83,6.0,3.0,7.0,3.0
2005-08-13,Bielefeld,Hamburger SV,1565.4,1662.43,1.0,3.0,1.0,4.0
2005-08-13,Borussia Dortmund,Schalke 04,1721.66,1702.19,7.0,6.0,11.0,10.0
2005-08-13,Hertha,Eintracht Frankfurt,1725.71,1587.66,3.0,6.0,6.0,12.0
2005-08-13,Kaiserslautern,Duisburg,1596.83,1514.27,0.0,2.0,3.0,5.0
2005-08-13,Bayer Leverkusen,Bayern Munich,1752.37,1865.66,7.0,9.0,11.0,15.0
2005-08-13,MGladbach,VfL Wolfsburg,1600.05,1627.69,1.0,5.0,5.0,8.0
2005-08-13,Nurnberg,Hannover,1576.18,1619.88,0.0,5.0,3.0,8.0
2005-08-14,FSV Mainz 05,Werder Bremen,1599.59,1769.76,6.0,9.0,9.0,12.0
2005-08-14,VfB Stuttgart,1. FC Koln,1713.88,1574.26,1.0,6.0,4.0,10.0
2005-08-27,Bayern Munich,Hertha,1879.97,1728.27,9.0,5.0,15.0,9.0
2005-08-27,Eintracht Frankfurt,Nurnberg,1572.66,1567.35,3.0,1.0,9.0,4.0
2005-08-27,1. FC Koln,Kaiserslautern,1593.1,1598.19,9.0,3.0,12.0,6.0
2005-08-27,Hamburger SV,Hannover,1678.75,1620.61,6.0,3.0,7.0,6.0
2005-08-27,Schalke 04,MGladbach,1715.58,1594.74,9.0,1.0,12.0,3.0
2005-08-27,Werder Bremen,VfB Stuttgart,1777.47,1696.51,9.0,1.0,12.0,4.0
2005-08-27,VfL Wolfsburg,Bayer Leverkusen,1628.66,1748.85,5.0,6.0,6.0,10.0
2005-08-28,Bielefeld,FSV Mainz 05,1550.26,1584.75,0.0,3.0,1.0,6.0
2005-08-28,Duisburg,Borussia Dortmund,1510.57,1709.76,1.0,4.0,5.0,10.0
2005-09-10,Hannover,Eintracht Frankfurt,1628.55,1582.31,3.0,3.0,7.0,9.0
2005-09-10,Kaiserslautern,Werder Bremen,1612.14,1786.98,6.0,7.0,6.0,13.0
2005-09-10,Bayer Leverkusen,Schalke 04,1744.35,1714.25,3.0,7.0,7.0,10.0
2005-09-10,FSV Mainz 05,Hamburger SV,1579.49,1678.83,0.0,7.0,6.0,7.0
2005-09-10,MGladbach,Duisburg,1604.09,1517.73,2.0,2.0,3.0,3.0
2005-09-10,Nurnberg,Bayern Munich,1565.72,1888.95,1.0,9.0,1.0,15.0
2005-09-10,VfB Stuttgart,Bielefeld,1705.22,1563.88,2.0,3.0,2.0,4.0
2005-09-11,Borussia Dortmund,1. FC Koln,1710.62,1587.18,2.0,6.0,8.0,9.0
2005-09-11,Hertha,VfL Wolfsburg,1727.31,1641.19,4.0,5.0,6.0,9.0
2005-09-17,Bayern Munich,Hannover,1890.6,1634.63,9.0,5.0,15.0,7.0
2005-09-17,Bielefeld,Kaiserslautern,1568.56,1600.21,4.0,6.0,4.0,6.0
2005-09-17,1. FC Koln,MGladbach,1582.74,1607.2,3.0,5.0,9.0,5.0
2005-09-17,Hamburger SV,Eintracht Frankfurt,1688.37,1574.21,7.0,3.0,10.0,6.0
2005-09-17,FSV Mainz 05,VfB Stuttgart,1567.94,1698.53,0.0,2.0,3.0,3.0
2005-09-17,Werder Bremen,Borussia Dortmund,1796.89,1713.05,7.0,4.0,13.0,8.0
2005-09-17,VfL Wolfsburg,Nurnberg,1633.08,1562.06,4.0,1.0,8.0,1.0
2005-09-18,Duisburg,Bayer Leverkusen,1512.61,1740.2,1.0,1.0,2.0,7.0
2005-09-18,Schalke 04,Hertha,1713.76,1733.41,5.0,6.0,11.0,8.0
2005-09-20,Borussia Dortmund,Bielefeld,1713.05,1568.56,4.0,5.0,5.0,5.0
2005-09-20,Eintracht Frankfurt,Bayern Munich,1574.21,1890.6,4.0,9.0,4.0,15.0
2005-09-20,Hannover,VfL Wolfsburg,1634.63,1633.08,4.0,4.0,6.0,6.0
2005-09-20,MGladbach,Werder Bremen,1607.2,1796.89,4.0,7.0,5.0,13.0
2005-09-21,Hertha,Duisburg,1733.41,1512.61,4.0,1.0,8.0,2.0
2005-09-21,Kaiserslautern,FSV Mainz 05,1600.21,1567.94,4.0,0.0,7.0,0.0
2005-09-21,Bayer Leverkusen,1. FC Koln,1740.2,1582.74,4.0,3.0,7.0,9.0
2005-09-21,Nurnberg,Schalke 04,1562.06,1713.76,1.0,3.0,2.0,9.0
2005-09-21,VfB Stuttgart,Hamburger SV,1698.53,1688.37,5.0,5.0,6.0,11.0
2005-09-24,Bielefeld,MGladbach,1568.56,1607.2,2.0,6.0,5.0,8.0
2005-09-24,Duisburg,Nurnberg,1512.61,1562.06,0.0,2.0,1.0,3.0
2005-09-24,Hamburger SV,Bayern Munich,1688.37,1890.6,7.0,9.0,11.0,15.0
2005-09-24,FSV Mainz 05,Borussia Dortmund,1567.94,1713.05,3.0,6.0,3.0,7.0
2005-09-24,Schalke 04,Hannover,1713.76,1634.63,3.0,3.0,7.0,5.0
2005-09-24,Werder Bremen,Bayer Leverkusen,1796.89,1740.2,6.0,7.0,10.0,7.0
2005-09-24,VfL Wolfsburg,Eintracht Frankfurt,1633.08,1574.21,4.0,1.0,8.0,4.0
2005-09-25,1. FC Koln,Hertha,1582.74,1733.41,3.0,7.0,6.0,10.0
2005-09-25,VfB Stuttgart,Kaiserslautern,1698.53,1600.21,4.0,1.0,5.0,7.0
2005-10-01,Bayern Munich,VfL Wolfsburg,1872.08,1635.16,6.0,7.0,12.0,10.0
2005-10-01,Eintracht Frankfurt,Schalke 04,1559.14,1705.52,1.0,5.0,4.0,7.0
2005-10-01,Hannover,Duisburg,1600.04,1498.95,0.0,3.0,4.0,4.0
2005-10-01,Hertha,Werder Bremen,1733.08,1762.41,7.0,6.0,10.0,10.0
2005-10-01,Bayer Leverkusen,Bielefeld,1707.88,1537.15,6.0,1.0,7.0,5.0
2005-10-01,MGladbach,FSV Mainz 05,1611.4,1559.58,6.0,4.0,10.0,4.0
2005-10-01,Nurnberg,1. FC Koln,1547.88,1567.53,2.0,3.0,2.0,3.0
2005-10-02,Borussia Dortmund,VfB Stuttgart,1698.94,1686.84,4.0,6.0,8.0,8.0
2005-10-02,Kaiserslautern,Hamburger SV,1569.5,1701.6,1.0,7.0,4.0,11.0
2005-10-15,Bielefeld,Hertha,1543.32,1723.79,1.0,6.0,3.0,10.0
2005-10-15,Hamburger SV,VfL Wolfsburg,1712.83,1632.51,9.0,6.0,13.0,7.0
2005-10-15,Kaiserslautern,Borussia Dortmund,1558.27,1696.39,0.0,5.0,1.0,8.0
2005-10-15,FSV Mainz 05,Bayer Leverkusen,1554.58,1701.71,4.0,4.0,4.0,8.0
2005-10-15,Schalke 04,Bayern Munich,1711.8,1874.73,7.0,6.0,9.0,12.0
2005-10-15,VfB Stuttgart,MGladbach,1689.39,1616.41,4.0,9.0,8.0,12.0
2005-10-15,Werder Bremen,Nurnberg,1771.7,1554.38,6.0,4.0,12.0,5.0
2005-10-16,Duisburg,Eintracht Frankfurt,1503.73,1552.86,4.0,0.0,4.0,1.0
2005-10-16,1. FC Koln,Hannover,1561.03,1595.26,0.0,1.0,3.0,4.0
2005-10-22,Bayern Munich,Duisburg,1874.73,1503.73,4.0,4.0,10.0,4.0
2005-10-22,Eintracht Frankfurt,1. FC Koln,1552.86,1561.03,3.0,0.0,4.0,3.0
2005-10-22,Hannover,Werder Bremen,1595.26,1771.7,4.0,9.0,4.0,12.0
2005-10-22,Hertha,FSV Mainz 05,1723.79,1554.58,3.0,4.0,7.0,7.0
2005-10-22,MGladbach,Kaiserslautern,1616.41,1558.27,7.0,1.0,10.0,2.0
2005-10-22,Nurnberg,Bielefeld,1554.38,1543.32,3.0,4.0,5.0,5.0
2005-10-22,VfL Wolfsburg,Schalke 04,1632.51,1711.8,6.0,7.0,10.0,9.0
2005-10-23,Borussia Dortmund,Hamburger SV,1696.39,1712.83,3.0,6.0,6.0,10.0
2005-10-23,Bayer Leverkusen,VfB Stuttgart,1701.71,1689.39,1.0,5.0,7.0,8.0
2005-10-29,Borussia Dortmund,MGladbach,1696.39,1616.41,3.0,7.0,7.0,13.0
2005-10-29,Duisburg,VfL Wolfsburg,1503.73,1632.51,1.0,4.0,4.0,10.0
2005-10-29,1. FC Koln,Bayern Munich,1561.03,1874.73,0.0,7.0,0.0,10.0
2005-10-29,Hamburger SV,Schalke 04,1712.83,1711.8,4.0,5.0,10.0,9.0
2005-10-29,Kaiserslautern,Bayer Leverkusen,1558.27,1701.71,1.0,2.0,1.0,5.0
2005-10-29,VfB Stuttgart,Hertha,1689.39,1723.79,3.0,3.0,6.0,9.0
2005-10-29,Werder Bremen,Eintracht Frankfurt,1771.7,1552.86,7.0,6.0,10.0,6.0
2005-10-30,Bielefeld,Hannover,1543.32,1595.26,7.0,5.0,7.0,5.0
2005-10-30,FSV Mainz 05,Nurnberg,1554.58,1554.38,3.0,3.0,7.0,4.0
2005-11-05,Bayern Munich,Werder Bremen,1898.2,1794.69,7.0,7.0,10.0,13.0
2005-11-05,Eintracht Frankfurt,Bielefeld,1582.84,1599.13,6.0,9.0,6.0,10.0
2005-11-05,Hannover,FSV Mainz 05,1616.78,1588.19,4.0,6.0,5.0,7.0
2005-11-05,Hertha,Kaiserslautern,1730.42,1568.38,4.0,2.0,7.0,2.0
2005-11-05,Bayer Leverkusen,Borussia Dortmund,1699.72,1712.55,2.0,5.0,3.0,7.0
2005-11-05,Schalke 04,Duisburg,1726.31,1518.06,2.0,3.0,8.0,7.0
2005-11-05,VfL Wolfsburg,1. FC Koln,1649.33,1547.75,4.0,0.0,7.0,0.0
2005-11-06,MGladbach,Hamburger SV,1639.15,1733.55,4.0,4.0,10.0,10.0
2005-11-06,Nurnberg,VfB Stuttgart,1546.23,1716.75,0.0,3.0,3.0,7.0
2005-11-19,Bielefeld,Bayern Munich,1585.63,1895.9,6.0,9.0,10.0,13.0
2005-11-19,Borussia Dortmund,Hertha,1703.98,1732.71,4.0,7.0,6.0,7.0
2005-11-19,1. FC Koln,Schalke 04,1550.22,1734.9,1.0,4.0,1.0,8.0
2005-11-19,Kaiserslautern,Nurnberg,1561.24,1537.63,1.0,0.0,2.0,3.0
2005-11-19,FSV Mainz 05,Eintracht Frankfurt,1588.91,1591.48,4.0,6.0,7.0,9.0
2005-11-19,MGladbach,Bayer Leverkusen,1637.01,1703.43,4.0,5.0,8.0,6.0
2005-11-19,Werder Bremen,VfL Wolfsburg,1790.79,1641.99,4.0,2.0,10.0,5.0
2005-11-20,Hamburger SV,Duisburg,1733.27,1512.0,5.0,3.0,8.0,4.0
2005-11-20,VfB Stuttgart,Hannover,1705.14,1611.19,5.0,2.0,7.0,6.0
2005-11-26,Bayern Munich,FSV Mainz 05,1895.9,1588.91,9.0,5.0,13.0,8.0
2005-11-26,Hannover,Kaiserslautern,1611.19,1561.24,2.0,1.0,6.0,2.0
2005-11-26,Bayer Leverkusen,Hamburger SV,1703.43,1733.27,5.0,7.0,6.0,8.0
2005-11-26,Nurnberg,Borussia Dortmund,1537.63,1703.98,3.0,6.0,3.0,8.0
2005-11-26,Schalke 04,Werder Bremen,1734.9,1790.79,4.0,6.0,6.0,10.0
2005-11-26,VfL Wolfsburg,Bielefeld,1641.99,1585.63,1.0,3.0,5.0,9.0
2005-11-27,Eintracht Frankfurt,VfB Stuttgart,1591.48,1705.14,4.0,5.0,10.0,7.0
2005-11-27,Hertha,MGladbach,1732.71,1637.01,4.0,2.0,7.0,6.0
2005-12-03,Bielefeld,Schalke 04,1590.37,1757.8,1.0,7.0,7.0,8.0
2005-12-03,Borussia Dortmund,Hannover,1723.2,1628.87,6.0,5.0,10.0,6.0
2005-12-03,Hamburger SV,1. FC Koln,1742.84,1557.03,7.0,2.0,11.0,2.0
2005-12-03,MGladbach,Nurnberg,1644.94,1551.01,3.0,3.0,6.0,3.0
2005-12-03,VfB Stuttgart,Bayern Munich,1708.77,1905.83,5.0,9.0,7.0,15.0
2005-12-03,Werder Bremen,Duisburg,1790.74,1513.23,3.0,3.0,7.0,3.0
2005-12-04,Bayer Leverkusen,Hertha,1698.62,1723.09,4.0,4.0,6.0,8.0
2005-12-04,FSV Mainz 05,VfL Wolfsburg,1589.39,1635.98,2.0,2.0,5.0,3.0
2005-12-06,Duisburg,1. FC Koln,1513.23,1557.03,0.0,2.0,3.0,2.0
2005-12-10,Duisburg,Bielefeld,1513.23,1590.37,1.0,1.0,4.0,4.0
2005-12-10,Eintracht Frankfurt,Borussia Dortmund,1598.75,1723.2,5.0,6.0,8.0,9.0
2005-12-10,Hamburger SV,Hertha,1742.84,1723.09,9.0,4.0,13.0,8.0
2005-12-10,Hannover,MGladbach,1628.87,1644.94,7.0,2.0,8.0,3.0
2005-12-10,Nurnberg,Bayer Leverkusen,1551.01,1698.62,6.0,1.0,6.0,5.0
2005-12-10,Schalke 04,FSV Mainz 05,1757.8,1589.39,7.0,4.0,10.0,8.0
2005-12-10,VfL Wolfsburg,VfB Stuttgart,1635.98,1708.77,1.0,3.0,2.0,7.0
2005-12-11,Bayern Munich,Kaiserslautern,1905.83,1541.31,7.0,0.0,13.0,1.0
2005-12-11,1. FC Koln,Werder Bremen,1557.03,1790.74,2.0,6.0,3.0,9.0
2005-12-14,Kaiserslautern,Eintracht Frankfurt,1541.31,1598.75,0.0,5.0,1.0,8.0
2005-12-17,Bielefeld,1. FC Koln,1585.01,1548.39,2.0,1.0,2.0,3.0
2005-12-17,Borussia Dortmund,Bayern Munich,1693.9,1899.62,3.0,7.0,6.0,13.0
2005-12-17,Kaiserslautern,VfL Wolfsburg,1532.62,1614.45,0.0,1.0,0.0,2.0
2005-12-17,Bayer Leverkusen,Hannover,1688.18,1644.15,1.0,7.0,5.0,9.0
2005-12-17,FSV Mainz 05,Duisburg,1601.1,1510.51,3.0,2.0,5.0,2.0
2005-12-17,MGladbach,Eintracht Frankfurt,1635.66,1619.59,2.0,7.0,4.0,11.0
2005-12-17,VfB Stuttgart,Schalke 04,1723.32,1764.13,5.0,9.0,9.0,13.0
2005-12-18,Hertha,Nurnberg,1727.18,1565.05,4.0,4.0,7.0,7.0
2005-12-18,Werder Bremen,Hamburger SV,1804.93,1752.48,6.0,9.0,9.0,13.0
2006-01-27,MGladbach,Bayern Munich,1640.89,1903.9,4.0,7.0,6.0,13.0
2006-01-28,Borussia Dortmund,VfL Wolfsburg,1688.54,1605.95,0.0,0.0,6.0,1.0
2006-01-28,Hertha,Hannover,1716.19,1646.94,4.0,5.0,5.0,9.0
2006-01-28,Bayer Leverkusen,Eintracht Frankfurt,1684.3,1613.28,2.0,6.0,3.0,8.0
2006-01-28,FSV Mainz 05,1. FC Koln,1596.08,1542.51,4.0,1.0,5.0,2.0
2006-01-28,Nurnberg,Hamburger SV,1570.41,1758.46,5.0,7.0,8.0,13.0
2006-01-28,VfB Stuttgart,Duisburg,1733.03,1514.44,7.0,3.0,9.0,3.0
2006-01-29,Bielefeld,Werder Bremen,1589.81,1800.89,4.0,7.0,5.0,10.0
2006-01-29,Kaiserslautern,Schalke 04,1540.03,1753.34,3.0,6.0,3.0,10.0
2006-02-04,Bayern Munich,Bayer Leverkusen,1909.1,1688.79,9.0,5.0,13.0,5.0
2006-02-04,Duisburg,Kaiserslautern,1529.28,1533.57,5.0,3.0,6.0,3.0
2006-02-04,Eintracht Frankfurt,Hertha,1608.79,1712.26,3.0,2.0,7.0,6.0
2006-02-04,1. FC Koln,VfB Stuttgart,1535.53,1718.2,0.0,6.0,1.0,8.0
2006-02-04,Hamburger SV,Bielefeld,1747.59,1585.25,4.0,4.0,10.0,5.0
2006-02-04,Schalke 04,Borussia Dortmund,1759.8,1692.87,6.0,3.0,12.0,6.0
2006-02-04,Werder Bremen,FSV Mainz 05,1805.45,1603.06,7.0,4.0,10.0,7.0
2006-02-05,Hannover,Nurnberg,1650.88,1581.28,3.0,5.0,9.0,8.0
2006-02-05,VfL Wolfsburg,MGladbach,1601.62,1635.69,0.0,4.0,1.0,5.0
2006-02-07,Borussia Dortmund,Duisburg,1692.87,1529.28,4.0,5.0,4.0,7.0
2006-02-07,Hertha,Bayern Munich,1712.26,1909.1,3.0,9.0,6.0,13.0
2006-02-07,Kaiserslautern,1. FC Koln,1533.57,1535.53,4.0,1.0,4.0,2.0
2006-02-07,FSV Mainz 05,Bielefeld,1603.06,1585.25,4.0,3.0,7.0,4.0
2006-02-08,Hannover,Hamburger SV,1650.88,1747.59,3.0,4.0,7.0,10.0
2006-02-08,Bayer Leverkusen,VfL Wolfsburg,1688.79,1601.62,4.0,3.0,5.0,3.0
2006-02-08,MGladbach,Schalke 04,1635.69,1759.8,3.0,4.0,4.0,10.0
2006-02-08,Nurnberg,Eintracht Frankfurt,1581.28,1608.79,5.0,1.0,9.0,7.0
2006-02-08,VfB Stuttgart,Werder Bremen,1718.2,1805.45,4.0,7.0,8.0,13.0
2006-02-11,Bielefeld,VfB Stuttgart,1585.25,1718.2,1.0,2.0,5.0,8.0
2006-02-11,Duisburg,MGladbach,1529.28,1635.69,4.0,1.0,6.0,5.0
2006-02-11,Eintracht Frankfurt,Hannover,1608.79,1650.88,4.0,5.0,7.0,7.0
2006-02-11,Hamburger SV,FSV Mainz 05,1747.59,1603.06,3.0,4.0,7.0,5.0
2006-02-11,Schalke 04,Bayer Leverkusen,1759.8,1688.79,5.0,6.0,8.0,8.0
2006-02-11,Werder Bremen,Kaiserslautern,1805.45,1533.57,7.0,2.0,11.0,5.0
2006-02-11,VfL Wolfsburg,Hertha,1601.62,1712.26,3.0,3.0,3.0,4.0
2006-02-12,Bayern Munich,Nurnberg,1909.1,1581.28,7.0,4.0,13.0,6.0
2006-02-12,1. FC Koln,Borussia Dortmund,1535.53,1692.87,2.0,7.0,2.0,7.0
2006-02-18,Borussia Dortmund,Werder Bremen,1700.72,1786.86,5.0,4.0,8.0,8.0
2006-02-18,Hannover,Bayern Munich,1664.85,1907.81,7.0,7.0,9.0,13.0
2006-02-18,Hertha,Schalke 04,1713.93,1762.6,3.0,5.0,5.0,8.0
2006-02-18,Kaiserslautern,Bielefeld,1554.79,1594.39,5.0,4.0,8.0,7.0
2006-02-18,Bayer Leverkusen,Duisburg,1687.26,1523.98,3.0,2.0,7.0,6.0
2006-02-18,MGladbach,1. FC Koln,1626.74,1540.62,2.0,3.0,5.0,3.0
2006-02-18,Nurnberg,VfL Wolfsburg,1575.91,1603.53,1.0,4.0,5.0,4.0
2006-02-19,Eintracht Frankfurt,Hamburger SV,1609.68,1744.95,4.0,6.0,4.0,7.0
2006-02-19,VfB Stuttgart,FSV Mainz 05,1706.24,1594.11,2.0,1.0,5.0,5.0
2006-02-25,Bayern Munich,Eintracht Frankfurt,1907.81,1609.68,5.0,3.0,11.0,4.0
2006-02-25,Bielefeld,Borussia Dortmund,1594.39,1700.72,4.0,4.0,4.0,8.0
2006-02-25,1. FC Koln,Bayer Leverkusen,1540.62,1687.26,2.0,6.0,3.0,9.0
2006-02-25,FSV Mainz 05,Kaiserslautern,1594.11,1554.79,1.0,7.0,4.0,8.0
2006-02-25,Schalke 04,Nurnberg,1762.6,1575.91,7.0,3.0,11.0,7.0
2006-02-25,Werder Bremen,MGladbach,1786.86,1626.74,4.0,5.0,10.0,5.0
2006-02-25,VfL Wolfsburg,Hannover,1603.53,1664.85,1.0,7.0,4.0,9.0
2006-02-26,Duisburg,Hertha,1523.98,1713.93,1.0,2.0,5.0,4.0
2006-02-26,Hamburger SV,VfB Stuttgart,1744.95,1706.24,6.0,4.0,9.0,5.0
2006-03-04,Bayern Munich,Hamburger SV,1898.23,1732.53,7.0,6.0,11.0,9.0
2006-03-04,Borussia Dortmund,FSV Mainz 05,1677.18,1570.2,1.0,0.0,5.0,1.0
2006-03-04,Hannover,Schalke 04,1656.5,1787.13,4.0,9.0,8.0,11.0
2006-03-04,Hertha,1. FC Koln,1664.76,1521.86,1.0,1.0,3.0,3.0
2006-03-04,Bayer Leverkusen,Werder Bremen,1695.2,1796.78,6.0,6.0,9.0,10.0
2006-03-04,Nurnberg,Duisburg,1573.35,1526.45,3.0,4.0,4.0,5.0
2006-03-05,Eintracht Frankfurt,VfL Wolfsburg,1595.74,1599.89,0.0,4.0,4.0,7.0
2006-03-05,MGladbach,Bielefeld,1623.96,1588.36,4.0,6.0,5.0,7.0
2006-03-07,Kaiserslautern,VfB Stuttgart,1574.76,1713.93,9.0,6.0,11.0,8.0
2006-03-11,Bielefeld,Bayer Leverkusen,1588.36,1695.2,3.0,7.0,7.0,10.0
2006-03-11,Duisburg,Hannover,1526.45,1656.5,3.0,1.0,4.0,7.0
2006-03-11,1. FC Koln,Nurnberg,1521.86,1573.35,3.0,6.0,5.0,6.0
2006-03-11,FSV Mainz 05,MGladbach,1570.2,1623.96,1.0,6.0,2.0,8.0
2006-03-11,VfB Stuttgart,Borussia Dortmund,1713.93,1677.18,7.0,1.0,8.0,5.0
2006-03-11,Werder Bremen,Hertha,1796.78,1664.76,7.0,0.0,8.0,2.0
2006-03-11,VfL Wolfsburg,Bayern Munich,1599.89,1898.23,4.0,4.0,5.0,8.0
2006-03-12,Hamburger SV,Kaiserslautern,1732.53,1574.76,6.0,7.0,9.0,11.0
2006-03-12,Schalke 04,Eintracht Frankfurt,1787.13,1595.74,9.0,1.0,13.0,4.0
2006-03-18,Borussia Dortmund,Kaiserslautern,1662.31,1558.24,2.0,4.0,3.0,10.0
2006-03-18,Eintracht Frankfurt,Duisburg,1577.04,1506.08,1.0,4.0,1.0,5.0
2006-03-18,Hannover,1. FC Koln,1635.04,1518.68,1.0,3.0,5.0,4.0
2006-03-18,Bayer Leverkusen,FSV Mainz 05,1673.81,1574.96,4.0,4.0,7.0,4.0
2006-03-18,MGladbach,VfB Stuttgart,1605.45,1695.7,3.0,5.0,7.0,8.0
2006-03-18,Nurnberg,Werder Bremen,1577.84,1753.39,6.0,4.0,9.0,7.0
2006-03-18,VfL Wolfsburg,Hamburger SV,1593.78,1725.68,5.0,6.0,6.0,12.0
2006-03-19,Bayern Munich,Schalke 04,1853.32,1778.46,4.0,9.0,8.0,15.0
2006-03-19,Hertha,Bielefeld,1655.59,1576.23,3.0,6.0,4.0,9.0
2006-03-25,Duisburg,Bayern Munich,1506.08,1853.32,1.0,4.0,4.0,8.0
2006-03-25,1. FC Koln,Eintracht Frankfurt,1518.68,1577.04,3.0,4.0,3.0,4.0
2006-03-25,Hamburger SV,Borussia Dortmund,1725.68,1662.31,9.0,5.0,12.0,5.0
2006-03-25,FSV Mainz 05,Hertha,1574.96,1655.59,7.0,6.0,7.0,6.0
2006-03-25,Schalke 04,VfL Wolfsburg,1778.46,1593.78,6.0,2.0,12.0,5.0
2006-03-25,VfB Stuttgart,Bayer Leverkusen,1695.7,1673.81,3.0,1.0,9.0,7.0
2006-03-25,Werder Bremen,Hannover,1753.39,1635.04,1.0,4.0,7.0,5.0
2006-03-26,Bielefeld,Nurnberg,1576.23,1577.84,3.0,9.0,6.0,12.0
2006-03-26,Kaiserslautern,MGladbach,1558.24,1605.45,1.0,4.0,7.0,7.0
2006-04-01,Bayern Munich,1. FC Koln,1874.1,1524.2,7.0,1.0,10.0,4.0
2006-04-01,Eintracht Frankfurt,Werder Bremen,1594.56,1756.83,4.0,3.0,5.0,7.0
2006-04-01,Hertha,VfB Stuttgart,1669.6,1689.21,7.0,2.0,7.0,6.0
2006-04-01,Bayer Leverkusen,Kaiserslautern,1686.53,1576.5,3.0,3.0,7.0,7.0
2006-04-01,MGladbach,Borussia Dortmund,1602.48,1692.22,1.0,7.0,4.0,8.0
2006-04-01,Nurnberg,FSV Mainz 05,1603.46,1596.4,7.0,7.0,10.0,8.0
2006-04-01,VfL Wolfsburg,Duisburg,1603.27,1504.53,2.0,1.0,6.0,4.0
2006-04-02,Hannover,Bielefeld,1639.39,1579.61,4.0,4.0,4.0,7.0
2006-04-02,Schalke 04,Hamburger SV,1797.6,1727.17,4.0,6.0,10.0,9.0
2006-04-08,Bielefeld,Eintracht Frankfurt,1579.61,1594.56,4.0,4.0,7.0,5.0
2006-04-08,Borussia Dortmund,Bayer Leverkusen,1692.22,1686.53,6.0,6.0,8.0,7.0
2006-04-08,1. FC Koln,VfL Wolfsburg,1524.2,1603.27,2.0,2.0,5.0,4.0
2006-04-08,Kaiserslautern,Hertha,1576.5,1669.6,3.0,7.0,4.0,10.0
2006-04-08,FSV Mainz 05,Hannover,1596.4,1639.39,4.0,3.0,8.0,4.0
2006-04-08,VfB Stuttgart,Nurnberg,1689.21,1603.46,1.0,7.0,3.0,13.0
2006-04-08,Werder Bremen,Bayern Munich,1756.83,1874.1,6.0,7.0,7.0,8.0
2006-04-09,Duisburg,Schalke 04,1504.53,1797.6,1.0,1.0,2.0,7.0
2006-04-09,Hamburger SV,MGladbach,1727.17,1602.48,6.0,4.0,12.0,7.0
2006-04-15,Bayern Munich,Bielefeld,1850.84,1597.32,4.0,7.0,8.0,10.0
2006-04-15,Duisburg,Hamburger SV,1514.11,1748.41,2.0,6.0,3.0,12.0
2006-04-15,Eintracht Frankfurt,FSV Mainz 05,1582.74,1585.02,1.0,2.0,4.0,8.0
2006-04-15,Hertha,Borussia Dortmund,1689.07,1673.96,7.0,3.0,13.0,7.0
2006-04-15,Bayer Leverkusen,MGladbach,1703.39,1605.95,9.0,3.0,9.0,4.0
2006-04-15,Schalke 04,1. FC Koln,1775.52,1545.77,2.0,5.0,5.0,5.0
2006-04-15,VfL Wolfsburg,Werder Bremen,1585.2,1776.97,2.0,9.0,3.0,9.0
2006-04-16,Hannover,VfB Stuttgart,1628.56,1684.17,1.0,3.0,5.0,5.0
2006-04-16,Nurnberg,Kaiserslautern,1608.82,1559.13,4.0,3.0,10.0,3.0
2006-04-22,Bielefeld,VfL Wolfsburg,1597.32,1585.2,6.0,2.0,7.0,3.0
2006-04-22,Borussia Dortmund,Nurnberg,1673.96,1608.82,1.0,6.0,7.0,10.0
2006-04-22,1. FC Koln,Duisburg,1545.77,1514.11,5.0,2.0,6.0,2.0
2006-04-22,Hamburger SV,Bayer Leverkusen,1748.41,1703.39,9.0,9.0,12.0,12.0
2006-04-22,Kaiserslautern,Hannover,1559.13,1628.56,0.0,2.0,3.0,5.0
2006-04-22,MGladbach,Hertha,1605.95,1689.07,3.0,7.0,4.0,11.0
2006-04-22,VfB Stuttgart,Eintracht Frankfurt,1684.17,1582.74,4.0,1.0,5.0,5.0
2006-04-23,FSV Mainz 05,Bayern Munich,1585.02,1850.84,2.0,4.0,6.0,10.0
2006-04-23,Werder Bremen,Schalke 04,1776.97,1775.52,7.0,2.0,10.0,3.0
2006-05-02,1. FC Koln,Hamburger SV,1556.83,1735.41,7.0,6.0,9.0,9.0
2006-05-02,Hannover,Borussia Dortmund,1616.84,1678.08,2.0,4.0,2.0,7.0
2006-05-02,Hertha,Bayer Leverkusen,1683.06,1719.93,5.0,9.0,9.0,15.0
2006-05-02,Nurnberg,MGladbach,1605.83,1598.97,3.0,1.0,7.0,4.0
2006-05-03,Bayern Munich,VfB Stuttgart,1845.22,1663.64,4.0,4.0,8.0,4.0
2006-05-03,Duisburg,Werder Bremen,1497.72,1768.26,1.0,5.0,2.0,11.0
2006-05-03,Eintracht Frankfurt,Kaiserslautern,1595.34,1558.89,4.0,3.0,5.0,6.0
2006-05-03,Schalke 04,Bielefeld,1758.49,1581.2,3.0,3.0,4.0,7.0
2006-05-03,VfL Wolfsburg,FSV Mainz 05,1595.5,1588.96,4.0,3.0,6.0,4.0
2006-05-06,Bielefeld,Duisburg,1581.2,1497.72,0.0,0.0,6.0,2.0
2006-05-06,Borussia Dortmund,Eintracht Frankfurt,1678.08,1595.34,7.0,5.0,7.0,5.0
2006-05-06,Hertha,Hamburger SV,1683.06,1735.41,2.0,6.0,8.0,12.0
2006-05-06,Kaiserslautern,Bayern Munich,1558.89,1845.22,4.0,7.0,4.0,8.0
2006-05-06,Bayer Leverkusen,Nurnberg,1719.93,1605.83,9.0,6.0,15.0,9.0
2006-05-06,FSV Mainz 05,Schalke 04,1588.96,1758.49,5.0,5.0,6.0,6.0
2006-05-06,MGladbach,Hannover,1598.97,1616.84,1.0,1.0,4.0,2.0
2006-05-06,VfB Stuttgart,VfL Wolfsburg,1663.64,1595.5,1.0,4.0,4.0,5.0
2006-05-06,Werder Bremen,1. FC Koln,1768.26,1556.83,5.0,4.0,11.0,8.0
2006-05-13,Bayern Munich,Borussia Dortmund,1845.22,1678.08,5.0,7.0,8.0,8.0
2006-05-13,Duisburg,FSV Mainz 05,1497.72,1588.96,3.0,7.0,4.0,9.0
2006-05-13,Eintracht Frankfurt,MGladbach,1595.34,1598.97,5.0,2.0,6.0,2.0
2006-05-13,1. FC Koln,Bielefeld,1556.83,1581.2,3.0,0.0,7.0,3.0
2006-05-13,Hamburger SV,Werder Bremen,1735.41,1768.26,3.0,7.0,9.0,11.0
2006-05-13,Hannover,Bayer Leverkusen,1616.84,1719.93,1.0,7.0,3.0,13.0
2006-05-13,Nurnberg,Hertha,1605.83,1683.06,4.0,4.0,7.0,8.0
2006-05-13,Schalke 04,VfB Stuttgart,1758.49,1663.64,4.0,3.0,6.0,7.0
2006-05-13,VfL Wolfsburg,Kaiserslautern,1595.5,1558.89,3.0,5.0,4.0,5.0
2006-08-11,Bayern Munich,Borussia Dortmund,1837.67,1688.13,5.0,5.0,9.0,9.0
2006-08-12,Hamburger SV,Bielefeld,1720.52,1551.03,3.0,0.0,6.0,0.0
2006-08-12,Bayer Leverkusen,Aachen,1731.61,1550.03,5.0,4.0,11.0,4.0
2006-08-12,FSV Mainz 05,VfL Bochum,1615.74,1597.49,7.0,4.0,9.0,7.0
2006-08-12,MGladbach,Cottbus,1601.47,1502.22,4.0,4.0,5.0,8.0
2006-08-12,Schalke 04,Eintracht Frankfurt,1756.58,1582.36,6.0,2.0,8.0,6.0
2006-08-12,VfB Stuttgart,Nurnberg,1659.94,1628.66,3.0,7.0,4.0,10.0
2006-08-13,Hannover,Werder Bremen,1611.14,1786.74,2.0,9.0,3.0,11.0
2006-08-13,VfL Wolfsburg,Hertha,1571.25,1669.04,1.0,3.0,5.0,5.0
2006-08-18,Nurnberg,MGladbach,1646.45,1606.56,7.0,7.0,10.0,8.0
2006-08-19,Aachen,Schalke 04,1544.86,1749.77,1.0,4.0,4.0,8.0
2006-08-19,Cottbus,Hamburger SV,1495.72,1711.99,3.0,1.0,5.0,4.0
2006-08-19,Borussia Dortmund,FSV Mainz 05,1682.95,1620.88,2.0,7.0,8.0,11.0
2006-08-19,Eintracht Frankfurt,VfL Wolfsburg,1587.76,1571.31,2.0,2.0,6.0,5.0
2006-08-19,Hertha,Hannover,1667.52,1603.03,4.0,2.0,5.0,2.0
2006-08-19,Werder Bremen,Bayer Leverkusen,1793.44,1735.37,9.0,5.0,13.0,11.0
2006-08-20,Bielefeld,VfB Stuttgart,1556.31,1640.74,1.0,3.0,1.0,3.0
2006-08-20,VfL Bochum,Bayern Munich,1590.95,1841.45,1.0,5.0,4.0,9.0
2006-08-25,Schalke 04,Werder Bremen,1749.77,1793.44,7.0,9.0,10.0,15.0
2006-08-26,Bayern Munich,Nurnberg,1841.45,1646.45,7.0,9.0,11.0,13.0
2006-08-26,VfL Bochum,Cottbus,1590.95,1495.72,1.0,4.0,4.0,5.0
2006-08-26,Hannover,Aachen,1603.03,1544.86,1.0,1.0,2.0,4.0
2006-08-26,Bayer Leverkusen,VfL Wolfsburg,1735.37,1571.31,4.0,3.0,8.0,3.0
2006-08-26,MGladbach,Bielefeld,1606.56,1556.31,6.0,1.0,7.0,1.0
2006-08-26,VfB Stuttgart,Borussia Dortmund,1640.74,1682.95,3.0,2.0,6.0,6.0
2006-08-27,Hamburger SV,Hertha,1711.99,1667.52,2.0,4.0,5.0,7.0
2006-08-27,FSV Mainz 05,Eintracht Frankfurt,1620.88,1587.76,5.0,2.0,11.0,4.0
2006-09-15,VfL Wolfsburg,Hannover,1581.41,1575.61,3.0,0.0,4.0,2.0
2006-09-16,Aachen,MGladbach,1561.41,1608.07,3.0,6.0,4.0,10.0
2006-09-16,Bielefeld,Bayern Munich,1545.16,1844.53,1.0,7.0,1.0,9.0
2006-09-16,Cottbus,FSV Mainz 05,1513.48,1623.26,4.0,5.0,7.0,9.0
2006-09-16,Borussia Dortmund,Hamburger SV,1694.27,1710.63,4.0,3.0,6.0,3.0
2006-09-16,Nurnberg,VfL Bochum,1660.09,1576.9,7.0,0.0,11.0,1.0
2006-09-16,Werder Bremen,VfB Stuttgart,1786.25,1637.14,6.0,3.0,12.0,6.0
2006-09-17,Eintracht Frankfurt,Bayer Leverkusen,1590.13,1726.6,3.0,4.0,4.0,6.0
2006-09-17,Hertha,Schalke 04,1682.53,1766.45,5.0,7.0,8.0,10.0
2006-09-22,MGladbach,Borussia Dortmund,1608.07,1694.27,3.0,7.0,9.0,8.0
2006-09-23,Bayern Munich,Aachen,1844.53,1561.41,4.0,6.0,8.0,7.0
2006-09-23,Hamburger SV,Werder Bremen,1710.63,1786.25,2.0,3.0,3.0,9.0
2006-09-23,Hannover,Bayer Leverkusen,1575.61,1726.6,3.0,1.0,4.0,5.0
2006-09-23,FSV Mainz 05,Hertha,1623.26,1682.53,2.0,7.0,6.0,8.0
2006-09-23,Schalke 04,VfL Wolfsburg,1766.45,1581.41,6.0,2.0,10.0,4.0
2006-09-23,VfB Stuttgart,Eintracht Frankfurt,1637.14,1590.13,6.0,5.0,6.0,6.0
2006-09-24,VfL Bochum,Bielefeld,1576.9,1545.16,1.0,3.0,2.0,4.0
2006-09-24,Cottbus,Nurnberg,1513.48,1660.09,7.0,5.0,10.0,11.0
2006-09-29,Borussia Dortmund,Hannover,1694.27,1575.61,6.0,4.0,7.0,4.0
2006-09-30,Aachen,VfL Bochum,1561.41,1576.9,6.0,4.0,6.0,4.0
2006-09-30,Bielefeld,Cottbus,1545.16,1513.48,3.0,7.0,4.0,8.0
2006-09-30,Eintracht Frankfurt,Hamburger SV,1590.13,1710.63,5.0,2.0,7.0,4.0
2006-09-30,Nurnberg,FSV Mainz 05,1660.09,1623.26,3.0,2.0,9.0,6.0
2006-09-30,Werder Bremen,MGladbach,1786.25,1608.07,1.0,6.0,7.0,9.0
2006-09-30,VfL Wolfsburg,Bayern Munich,1581.41,1844.53,1.0,4.0,3.0,10.0
2006-10-01,Hertha,VfB Stuttgart,1673.47,1646.08,5.0,4.0,9.0,7.0
2006-10-01,Bayer Leverkusen,Schalke 04,1714.16,1740.48,2.0,6.0,5.0,10.0
2006-10-13,FSV Mainz 05,Aachen,1612.41,1575.57,2.0,6.0,4.0,9.0
2006-10-14,Bayern Munich,Hertha,1833.63,1673.47,3.0,5.0,7.0,9.0
2006-10-14,VfL Bochum,Werder Bremen,1578.81,1779.4,4.0,4.0,4.0,7.0
2006-10-14,Hamburger SV,Schalke 04,1697.35,1740.48,2.0,3.0,4.0,9.0
2006-10-14,Hannover,Eintracht Frankfurt,1590.49,1619.63,5.0,5.0,5.0,7.0
2006-10-14,MGladbach,VfL Wolfsburg,1600.11,1579.48,3.0,3.0,6.0,5.0
2006-10-14,VfB Stuttgart,Bayer Leverkusen,1646.08,1714.16,5.0,4.0,8.0,5.0
2006-10-15,Cottbus,Borussia Dortmund,1518.47,1686.19,4.0,4.0,8.0,8.0
2006-10-15,Nurnberg,Bielefeld,1649.77,1559.96,3.0,6.0,7.0,6.0
2006-10-20,Borussia Dortmund,VfL Bochum,1686.19,1566.95,4.0,3.0,10.0,4.0
2006-10-21,Aachen,Cottbus,1591.02,1518.47,6.0,1.0,12.0,7.0
2006-10-21,Bielefeld,FSV Mainz 05,1559.96,1596.96,4.0,2.0,7.0,3.0
2006-10-21,Hertha,MGladbach,1666.52,1608.2,2.0,6.0,6.0,9.0
2006-10-21,Schalke 04,Hannover,1740.2,1589.08,6.0,3.0,9.0,6.0
2006-10-21,Werder Bremen,Bayern Munich,1791.26,1837.73,7.0,6.0,7.0,7.0
2006-10-21,VfL Wolfsburg,VfB Stuttgart,1571.39,1662.62,3.0,5.0,4.0,8.0
2006-10-22,Eintracht Frankfurt,Nurnberg,1621.04,1649.77,3.0,3.0,7.0,5.0
2006-10-22,Bayer Leverkusen,Hamburger SV,1710.07,1688.03,4.0,2.0,5.0,3.0
2006-10-27,FSV Mainz 05,Werder Bremen,1596.96,1791.26,1.0,9.0,2.0,10.0
2006-10-28,Bayern Munich,Eintracht Frankfurt,1837.73,1621.04,3.0,3.0,6.0,7.0
2006-10-28,VfL Bochum,VfL Wolfsburg,1566.95,1571.39,1.0,4.0,5.0,4.0
2006-10-28,Cottbus,Hertha,1518.47,1666.52,3.0,4.0,7.0,8.0
2006-10-28,Hamburger SV,Hannover,1688.03,1589.08,4.0,2.0,5.0,6.0
2006-10-28,MGladbach,Bayer Leverkusen,1608.2,1710.07,3.0,3.0,6.0,4.0
2006-10-28,Nurnberg,Borussia Dortmund,1649.77,1686.19,3.0,5.0,5.0,8.0
2006-10-29,Bielefeld,Aachen,1559.96,1591.02,7.0,6.0,10.0,9.0
2006-10-29,VfB Stuttgart,Schalke 04,1662.62,1740.2,5.0,6.0,9.0,9.0
2006-11-03,Hannover,VfL Bochum,1591.36,1562.8,2.0,1.0,4.0,4.0
2006-11-04,Aachen,VfB Stuttgart,1567.15,1677.09,3.0,7.0,6.0,9.0
2006-11-04,Borussia Dortmund,Bielefeld,1688.4,1584.97,5.0,7.0,6.0,10.0
2006-11-04,Hertha,Nurnberg,1658.01,1646.1,3.0,3.0,5.0,5.0
2006-11-04,Bayer Leverkusen,FSV Mainz 05,1710.44,1580.47,3.0,0.0,7.0,2.0
2006-11-04,Werder Bremen,Cottbus,1828.51,1538.99,9.0,6.0,13.0,7.0
2006-11-04,VfL Wolfsburg,Hamburger SV,1582.44,1687.15,4.0,4.0,7.0,6.0
2006-11-05,Eintracht Frankfurt,MGladbach,1608.49,1593.61,2.0,3.0,4.0,6.0
2006-11-05,Schalke 04,Bayern Munich,1729.67,1832.64,6.0,6.0,9.0,9.0
2006-11-07,Borussia Dortmund,Aachen,1688.4,1567.15,3.0,0.0,7.0,6.0
2006-11-07,FSV Mainz 05,VfL Wolfsburg,1580.47,1582.44,1.0,7.0,2.0,10.0
2006-11-07,Nurnberg,Werder Bremen,1646.1,1828.51,2.0,7.0,4.0,13.0
2006-11-07,VfB Stuttgart,Hamburger SV,1677.09,1687.15,7.0,4.0,11.0,5.0
2006-11-08,Bayern Munich,Hannover,1832.64,1591.36,4.0,1.0,7.0,3.0
2006-11-08,Bielefeld,Hertha,1584.97,1658.01,7.0,6.0,11.0,7.0
2006-11-08,VfL Bochum,Bayer Leverkusen,1562.8,1710.44,4.0,4.0,4.0,7.0
2006-11-08,Cottbus,Eintracht Frankfurt,1538.99,1608.49,7.0,4.0,7.0,6.0
2006-11-08,MGladbach,Schalke 04,1593.61,1729.67,0.0,4.0,3.0,7.0
2006-11-10,Werder Bremen,Borussia Dortmund,1828.51,1688.4,7.0,3.0,13.0,7.0
2006-11-11,Eintracht Frankfurt,Bielefeld,1608.49,1584.97,6.0,5.0,8.0,9.0
2006-11-11,Hamburger SV,MGladbach,1687.15,1593.61,1.0,0.0,4.0,3.0
2006-11-11,Hertha,VfL Bochum,1658.01,1562.8,4.0,3.0,7.0,4.0
2006-11-11,Bayer Leverkusen,Bayern Munich,1710.44,1832.64,7.0,4.0,7.0,7.0
2006-11-11,Schalke 04,FSV Mainz 05,1729.67,1580.47,4.0,1.0,10.0,1.0
2006-11-11,VfL Wolfsburg,Cottbus,1582.44,1538.99,9.0,4.0,10.0,7.0
2006-11-12,Aachen,Nurnberg,1567.15,1646.1,1.0,1.0,4.0,3.0
2006-11-12,Hannover,VfB Stuttgart,1591.36,1677.09,4.0,9.0,5.0,13.0
2006-11-17,VfL Bochum,Eintracht Frankfurt,1570.97,1608.21,4.0,6.0,5.0,7.0
2006-11-18,Aachen,Werder Bremen,1560.34,1804.85,2.0,4.0,2.0,10.0
2006-11-18,Bayern Munich,VfB Stuttgart,1821.72,1700.03,4.0,9.0,7.0,13.0
2006-11-18,Cottbus,Schalke 04,1540.17,1743.14,2.0,7.0,8.0,10.0
2006-11-18,Borussia Dortmund,Hertha,1694.89,1657.2,5.0,5.0,7.0,8.0
2006-11-18,FSV Mainz 05,Hamburger SV,1567.6,1651.09,1.0,1.0,1.0,5.0
2006-11-18,Nurnberg,Bayer Leverkusen,1632.76,1705.06,1.0,4.0,3.0,7.0
2006-11-19,Bielefeld,VfL Wolfsburg,1606.37,1594.95,5.0,7.0,11.0,11.0
2006-11-19,MGladbach,Hannover,1580.85,1581.86,1.0,3.0,1.0,4.0
2006-11-24,Schalke 04,VfL Bochum,1743.14,1570.97,9.0,4.0,10.0,7.0
2006-11-25,Eintracht Frankfurt,Borussia Dortmund,1608.21,1694.89,3.0,4.0,6.0,6.0
2006-11-25,Hamburger SV,Bayern Munich,1651.09,1821.72,2.0,6.0,3.0,10.0
2006-11-25,Hannover,FSV Mainz 05,1581.86,1567.6,6.0,1.0,7.0,2.0
2006-11-25,Hertha,Aachen,1657.2,1560.34,5.0,3.0,8.0,3.0
2006-11-25,Werder Bremen,Bielefeld,1804.85,1606.37,4.0,5.0,8.0,9.0
2006-11-25,VfL Wolfsburg,Nurnberg,1594.95,1632.76,5.0,4.0,11.0,5.0
2006-11-26,Bayer Leverkusen,Cottbus,1705.06,1540.17,3.0,1.0,7.0,5.0
2006-11-26,VfB Stuttgart,MGladbach,1700.03,1580.85,6.0,1.0,12.0,1.0
2006-12-01,FSV Mainz 05,VfB Stuttgart,1559.37,1697.27,1.0,6.0,2.0,12.0
2006-12-02,Bayern Munich,MGladbach,1826.04,1564.49,9.0,1.0,10.0,1.0
2006-12-02,Bielefeld,Bayer Leverkusen,1597.27,1684.29,4.0,3.0,6.0,7.0
2006-12-02,VfL Bochum,Hamburger SV,1572.56,1640.41,4.0,2.0,7.0,2.0
2006-12-02,Cottbus,Hannover,1526.18,1594.88,1.0,6.0,2.0,9.0
2006-12-02,Borussia Dortmund,VfL Wolfsburg,1680.98,1593.79,4.0,3.0,6.0,9.0
2006-12-02,Werder Bremen,Hertha,1811.34,1669.2,4.0,7.0,8.0,11.0
2006-12-03,Aachen,Eintracht Frankfurt,1558.26,1599.89,2.0,1.0,3.0,7.0
2006-12-03,Nurnberg,Schalke 04,1638.65,1750.14,5.0,9.0,5.0,13.0
2006-12-08,Bayer Leverkusen,Hertha,1684.29,1669.2,4.0,6.0,7.0,8.0
2006-12-09,Bayern Munich,Cottbus,1826.04,1526.18,7.0,0.0,10.0,1.0
2006-12-09,Eintracht Frankfurt,Werder Bremen,1599.89,1811.34,4.0,7.0,7.0,10.0
2006-12-09,Hamburger SV,Nurnberg,1640.41,1638.65,1.0,5.0,2.0,6.0
2006-12-09,Hannover,Bielefeld,1594.88,1597.27,9.0,2.0,12.0,6.0
2006-12-09,MGladbach,FSV Mainz 05,1564.49,1559.37,1.0,2.0,2.0,2.0
2006-12-09,VfB Stuttgart,VfL Bochum,1697.27,1572.56,4.0,6.0,10.0,7.0
2006-12-10,Schalke 04,Borussia Dortmund,1750.14,1680.98,7.0,4.0,13.0,8.0
2006-12-10,VfL Wolfsburg,Aachen,1593.79,1558.26,2.0,1.0,6.0,3.0
2006-12-15,VfL Bochum,MGladbach,1580.62,1573.59,3.0,2.0,7.0,3.0
2006-12-16,Aachen,Hamburger SV,1564.16,1641.96,3.0,1.0,5.0,3.0
2006-12-16,Bielefeld,Schalke 04,1603.77,1759.95,2.0,7.0,6.0,13.0
2006-12-16,Cottbus,VfB Stuttgart,1520.46,1703.11,0.0,7.0,1.0,10.0
2006-12-16,Hertha,Eintracht Frankfurt,1662.67,1608.7,3.0,4.0,7.0,4.0
2006-12-16,FSV Mainz 05,Bayern Munich,1567.45,1822.13,2.0,7.0,3.0,13.0
2006-12-16,Nurnberg,Hannover,1645.69,1604.88,3.0,7.0,7.0,10.0
2006-12-17,Borussia Dortmund,Bayer Leverkusen,1682.27,1696.78,4.0,7.0,7.0,7.0
2006-12-17,Werder Bremen,VfL Wolfsburg,1825.89,1582.52,9.0,1.0,10.0,3.0
2007-01-26,Borussia Dortmund,Bayern Munich,1672.94,1829.45,3.0,7.0,4.0,13.0
2007-01-27,Bielefeld,Hamburger SV,1598.01,1641.61,2.0,2.0,3.0,3.0
2007-01-27,VfL Bochum,FSV Mainz 05,1589.5,1560.13,6.0,2.0,9.0,3.0
2007-01-27,Cottbus,MGladbach,1523.7,1564.71,1.0,2.0,1.0,2.0
2007-01-27,Eintracht Frankfurt,Schalke 04,1603.54,1765.71,3.0,7.0,4.0,13.0
2007-01-27,Hertha,VfL Wolfsburg,1667.83,1580.57,3.0,0.0,9.0,2.0
2007-01-27,Nurnberg,VfB Stuttgart,1653.52,1699.86,5.0,5.0,9.0,8.0
2007-01-28,Aachen,Bayer Leverkusen,1564.51,1706.11,4.0,7.0,5.0,10.0
2007-01-28,Werder Bremen,Hannover,1827.84,1597.05,9.0,4.0,13.0,10.0
2007-01-30,Bayern Munich,VfL Bochum,1829.45,1589.5,6.0,3.0,10.0,6.0
2007-01-30,MGladbach,Nurnberg,1564.71,1653.52,1.0,7.0,2.0,9.0
2007-01-30,VfB Stuttgart,Bielefeld,1699.86,1598.01,4.0,2.0,8.0,3.0
2007-01-30,VfL Wolfsburg,Eintracht Frankfurt,1580.57,1603.54,0.0,0.0,1.0,4.0
2007-01-31,Hamburger SV,Cottbus,1641.61,1523.7,3.0,4.0,3.0,4.0
2007-01-31,Hannover,Hertha,1597.05,1667.83,1.0,6.0,7.0,9.0
2007-01-31,Bayer Leverkusen,Werder Bremen,1706.11,1827.84,9.0,9.0,13.0,15.0
2007-01-31,FSV Mainz 05,Borussia Dortmund,1560.13,1672.94,4.0,3.0,5.0,7.0
2007-01-31,Schalke 04,Aachen,1765.71,1564.51,9.0,4.0,13.0,4.0
2007-02-02,Nurnberg,Bayern Munich,1665.44,1811.88,7.0,4.0,9.0,8.0
2007-02-03,Aachen,Hannover,1556.52,1612.14,1.0,3.0,4.0,7.0
2007-02-03,Bielefeld,MGladbach,1592.91,1555.31,1.0,1.0,3.0,3.0
2007-02-03,Cottbus,VfL Bochum,1539.04,1586.11,5.0,4.0,5.0,7.0
2007-02-03,Eintracht Frankfurt,FSV Mainz 05,1597.15,1579.84,1.0,6.0,4.0,8.0
2007-02-03,Hertha,Hamburger SV,1653.7,1637.57,6.0,3.0,6.0,4.0
2007-02-03,VfL Wolfsburg,Bayer Leverkusen,1574.64,1703.01,1.0,6.0,1.0,10.0
2007-02-04,Borussia Dortmund,VfB Stuttgart,1674.2,1691.15,3.0,4.0,6.0,8.0
2007-02-04,Werder Bremen,Schalke 04,1840.3,1775.69,9.0,9.0,15.0,13.0
2007-02-09,Hannover,VfL Wolfsburg,1612.14,1574.64,6.0,4.0,7.0,4.0
2007-02-10,Hamburger SV,Borussia Dortmund,1637.57,1674.2,2.0,3.0,4.0,3.0
2007-02-10,Bayer Leverkusen,Eintracht Frankfurt,1703.01,1597.15,3.0,2.0,9.0,2.0
2007-02-10,FSV Mainz 05,Cottbus,1579.84,1539.04,7.0,5.0,8.0,6.0
2007-02-10,MGladbach,Aachen,1555.31,1556.52,4.0,0.0,5.0,4.0
2007-02-10,Schalke 04,Hertha,1775.69,1653.7,9.0,6.0,15.0,9.0
2007-02-10,VfB Stuttgart,Werder Bremen,1691.15,1840.3,6.0,6.0,10.0,12.0
2007-02-11,Bayern Munich,Bielefeld,1811.88,1592.91,1.0,1.0,7.0,2.0
2007-02-11,VfL Bochum,Nurnberg,1586.11,1665.44,2.0,7.0,5.0,11.0
2007-02-16,Eintracht Frankfurt,VfB Stuttgart,1599.13,1716.97,3.0,9.0,3.0,10.0
2007-02-17,Aachen,Bayern Munich,1544.68,1796.71,1.0,4.0,2.0,7.0
2007-02-17,Borussia Dortmund,MGladbach,1652.11,1568.03,0.0,5.0,3.0,5.0
2007-02-17,Hertha,FSV Mainz 05,1654.54,1591.96,3.0,7.0,9.0,10.0
2007-02-17,Bayer Leverkusen,Hannover,1689.09,1623.6,1.0,7.0,7.0,7.0
2007-02-17,Werder Bremen,Hamburger SV,1808.15,1644.23,3.0,4.0,9.0,6.0
2007-02-17,VfL Wolfsburg,Schalke 04,1587.18,1796.61,5.0,9.0,5.0,15.0
2007-02-18,Bielefeld,VfL Bochum,1575.27,1576.59,0.0,2.0,1.0,5.0
2007-02-18,Nurnberg,Cottbus,1693.04,1528.72,7.0,2.0,13.0,6.0
2007-02-23,VfB Stuttgart,Hertha,1716.97,1654.54,9.0,3.0,12.0,6.0
2007-02-24,Bayern Munich,VfL Wolfsburg,1796.71,1587.18,3.0,5.0,4.0,6.0
2007-02-24,VfL Bochum,Aachen,1576.59,1544.68,4.0,4.0,5.0,4.0
2007-02-24,Cottbus,Bielefeld,1528.72,1575.27,1.0,0.0,5.0,1.0
2007-02-24,Hamburger SV,Eintracht Frankfurt,1644.23,1599.13,6.0,2.0,8.0,3.0
2007-02-24,Hannover,Borussia Dortmund,1623.6,1652.11,7.0,3.0,10.0,6.0
2007-02-24,FSV Mainz 05,Nurnberg,1591.96,1693.04,7.0,9.0,13.0,13.0
2007-02-25,MGladbach,Werder Bremen,1568.03,1808.15,4.0,0.0,5.0,6.0
2007-02-25,Schalke 04,Bayer Leverkusen,1796.61,1689.09,7.0,1.0,13.0,4.0
2007-03-02,Schalke 04,Hamburger SV,1787.34,1676.52,4.0,9.0,10.0,10.0
2007-03-03,Bielefeld,Nurnberg,1560.66,1694.15,0.0,6.0,0.0,10.0
2007-03-03,Eintracht Frankfurt,Hannover,1585.87,1651.48,1.0,7.0,3.0,13.0
2007-03-03,Hertha,Bayern Munich,1654.1,1793.35,1.0,6.0,4.0,7.0
2007-03-03,Bayer Leverkusen,VfB Stuttgart,1710.74,1732.92,4.0,7.0,4.0,13.0
2007-03-03,Werder Bremen,VfL Bochum,1796.83,1594.49,1.0,4.0,4.0,6.0
2007-03-03,VfL Wolfsburg,MGladbach,1595.13,1574.54,2.0,2.0,6.0,6.0
2007-03-04,Aachen,FSV Mainz 05,1566.6,1618.73,5.0,9.0,5.0,13.0
2007-03-04,Borussia Dortmund,Cottbus,1653.45,1539.78,3.0,3.0,3.0,5.0
2007-03-09,Nurnberg,Eintracht Frankfurt,1694.15,1585.87,3.0,3.0,9.0,5.0
2007-03-10,VfL Bochum,Borussia Dortmund,1594.49,1653.45,4.0,3.0,5.0,3.0
2007-03-10,Cottbus,Aachen,1539.78,1566.6,6.0,7.0,7.0,8.0
2007-03-10,Hannover,Schalke 04,1651.48,1787.34,6.0,1.0,10.0,7.0
2007-03-10,FSV Mainz 05,Bielefeld,1618.73,1560.66,6.0,3.0,10.0,3.0
2007-03-10,MGladbach,Hertha,1574.54,1654.1,1.0,1.0,5.0,4.0
2007-03-10,VfB Stuttgart,VfL Wolfsburg,1732.92,1595.13,4.0,4.0,10.0,8.0
2007-03-11,Bayern Munich,Werder Bremen,1793.35,1796.83,6.0,4.0,9.0,4.0
2007-03-11,Hamburger SV,Bayer Leverkusen,1676.52,1710.74,9.0,6.0,12.0,7.0
2007-03-16,Hertha,Cottbus,1650.76,1553.75,1.0,6.0,1.0,6.0
2007-03-17,Aachen,Bielefeld,1601.82,1579.49,7.0,3.0,11.0,3.0
2007-03-17,Borussia Dortmund,Nurnberg,1644.69,1694.58,0.0,1.0,3.0,7.0
2007-03-17,Eintracht Frankfurt,Bayern Munich,1615.89,1822.39,4.0,7.0,5.0,10.0
2007-03-17,Hannover,Hamburger SV,1656.33,1707.32,4.0,7.0,8.0,13.0
2007-03-17,Schalke 04,VfB Stuttgart,1782.49,1732.55,1.0,2.0,5.0,8.0
2007-03-17,VfL Wolfsburg,VfL Bochum,1620.7,1615.46,4.0,4.0,6.0,7.0
2007-03-18,Bayer Leverkusen,MGladbach,1752.69,1594.73,7.0,4.0,8.0,5.0
2007-03-18,Werder Bremen,FSV Mainz 05,1831.55,1631.15,5.0,6.0,5.0,12.0
2007-03-30,Bielefeld,Borussia Dortmund,1579.49,1644.69,3.0,1.0,3.0,4.0
2007-03-31,Bayern Munich,Schalke 04,1822.39,1782.49,4.0,4.0,7.0,5.0
2007-03-31,Cottbus,Werder Bremen,1553.75,1831.55,6.0,7.0,9.0,8.0
2007-03-31,FSV Mainz 05,Bayer Leverkusen,1631.15,1752.69,3.0,7.0,9.0,10.0
2007-03-31,MGladbach,Eintracht Frankfurt,1594.73,1615.89,3.0,7.0,4.0,7.0
2007-03-31,Nurnberg,Hertha,1694.58,1650.76,2.0,0.0,5.0,1.0
2007-03-31,VfB Stuttgart,Aachen,1732.55,1601.82,1.0,9.0,5.0,13.0
2007-04-01,VfL Bochum,Hannover,1606.59,1655.79,3.0,2.0,7.0,8.0
2007-04-01,Hamburger SV,VfL Wolfsburg,1707.86,1629.57,5.0,7.0,11.0,8.0
2007-04-07,Aachen,Borussia Dortmund,1604.7,1635.94,6.0,1.0,10.0,1.0
2007-04-07,Eintracht Frankfurt,Cottbus,1628.38,1571.23,5.0,4.0,8.0,10.0
2007-04-07,Hamburger SV,VfB Stuttgart,1707.86,1732.56,5.0,4.0,11.0,5.0
2007-04-07,Hannover,Bayern Munich,1655.79,1819.13,2.0,4.0,5.0,10.0
2007-04-07,Hertha,Bielefeld,1633.43,1579.47,0.0,3.0,1.0,6.0
2007-04-07,Schalke 04,MGladbach,1779.6,1590.61,4.0,4.0,4.0,5.0
2007-04-07,VfL Wolfsburg,FSV Mainz 05,1629.57,1618.55,4.0,3.0,7.0,6.0
2007-04-08,Bayer Leverkusen,VfL Bochum,1765.0,1606.59,7.0,6.0,13.0,7.0
2007-04-08,Werder Bremen,Nurnberg,1829.79,1700.12,5.0,5.0,9.0,5.0
2007-04-13,MGladbach,Hamburger SV,1590.61,1707.86,1.0,4.0,4.0,8.0
2007-04-14,Bielefeld,Eintracht Frankfurt,1579.47,1628.38,4.0,4.0,7.0,8.0
2007-04-14,VfL Bochum,Hertha,1606.59,1633.43,6.0,1.0,9.0,1.0
2007-04-14,Cottbus,VfL Wolfsburg,1571.23,1629.57,7.0,6.0,10.0,10.0
2007-04-14,FSV Mainz 05,Schalke 04,1618.55,1779.6,0.0,6.0,3.0,7.0
2007-04-14,Nurnberg,Aachen,1700.12,1604.7,4.0,3.0,5.0,9.0
2007-04-14,VfB Stuttgart,Hannover,1732.56,1655.79,6.0,1.0,7.0,2.0
2007-04-15,Bayern Munich,Bayer Leverkusen,1803.9,1719.62,6.0,6.0,10.0,10.0
2007-04-15,Borussia Dortmund,Werder Bremen,1645.15,1839.91,4.0,7.0,4.0,11.0
2007-04-20,Werder Bremen,Aachen,1839.91,1582.68,7.0,0.0,11.0,6.0
2007-04-21,Eintracht Frankfurt,VfL Bochum,1605.89,1632.69,4.0,6.0,8.0,9.0
2007-04-21,Hertha,Borussia Dortmund,1623.56,1645.15,4.0,3.0,4.0,4.0
2007-04-21,Bayer Leverkusen,Nurnberg,1719.62,1690.2,3.0,6.0,7.0,8.0
2007-04-21,Schalke 04,Cottbus,1776.96,1580.91,6.0,7.0,10.0,10.0
2007-04-21,VfB Stuttgart,Bayern Munich,1739.58,1803.9,9.0,9.0,10.0,10.0
2007-04-21,VfL Wolfsburg,Bielefeld,1624.81,1576.52,3.0,4.0,7.0,4.0
2007-04-22,Hamburger SV,FSV Mainz 05,1699.62,1605.92,6.0,0.0,8.0,3.0
2007-04-22,Hannover,MGladbach,1633.61,1573.43,0.0,1.0,2.0,4.0
2007-04-27,VfL Bochum,Schalke 04,1632.69,1776.96,6.0,9.0,9.0,12.0
2007-04-28,Aachen,Hertha,1582.68,1623.56,0.0,4.0,3.0,4.0
2007-04-28,Bayern Munich,Hamburger SV,1803.9,1699.62,6.0,4.0,9.0,8.0
2007-04-28,Borussia Dortmund,Eintracht Frankfurt,1645.15,1605.89,6.0,3.0,7.0,7.0
2007-04-28,FSV Mainz 05,Hannover,1605.92,1633.61,1.0,3.0,1.0,4.0
2007-04-28,MGladbach,VfB Stuttgart,1573.43,1739.58,0.0,9.0,1.0,12.0
2007-04-28,Nurnberg,VfL Wolfsburg,1690.2,1624.81,3.0,3.0,7.0,6.0
2007-04-29,Bielefeld,Werder Bremen,1576.52,1839.91,4.0,9.0,7.0,13.0
2007-04-29,Cottbus,Bayer Leverkusen,1580.91,1719.62,6.0,3.0,10.0,9.0
2007-05-04,Hannover,Cottbus,1637.89,1588.83,6.0,6.0,6.0,10.0
2007-05-05,Eintracht Frankfurt,Aachen,1588.52,1553.96,3.0,0.0,4.0,0.0
2007-05-05,Hamburger SV,VfL Bochum,1701.53,1639.97,7.0,6.0,10.0,12.0
2007-05-05,MGladbach,Bayern Munich,1557.17,1778.77,0.0,3.0,1.0,9.0
2007-05-05,Schalke 04,Nurnberg,1773.86,1676.01,6.0,4.0,9.0,7.0
2007-05-05,VfB Stuttgart,FSV Mainz 05,1754.22,1586.14,9.0,1.0,15.0,1.0
2007-05-05,VfL Wolfsburg,Borussia Dortmund,1604.17,1649.81,1.0,6.0,4.0,9.0
2007-05-06,Hertha,Werder Bremen,1638.58,1813.93,6.0,6.0,7.0,10.0
2007-05-06,Bayer Leverkusen,Bielefeld,1707.58,1581.73,3.0,6.0,6.0,10.0
2007-05-12,Aachen,VfL Wolfsburg,1553.96,1604.17,0.0,1.0,0.0,4.0
2007-05-12,Bielefeld,Hannover,1581.73,1637.89,9.0,9.0,10.0,9.0
2007-05-12,VfL Bochum,VfB Stuttgart,1639.97,1754.22,9.0,9.0,12.0,15.0
2007-05-12,Cottbus,Bayern Munich,1588.83,1778.77,3.0,1.0,9.0,7.0
2007-05-12,Borussia Dortmund,Schalke 04,1649.81,1773.86,9.0,6.0,12.0,12.0
2007-05-12,Hertha,Bayer Leverkusen,1638.58,1707.58,3.0,3.0,7.0,3.0
2007-05-12,FSV Mainz 05,MGladbach,1586.14,1557.17,1.0,1.0,1.0,1.0
2007-05-12,Nurnberg,Hamburger SV,1676.01,1701.53,1.0,4.0,4.0,7.0
2007-05-12,Werder Bremen,Eintracht Frankfurt,1813.93,1588.52,6.0,3.0,12.0,6.0
2007-05-19,Bayern Munich,FSV Mainz 05,1780.53,1590.18,4.0,3.0,7.0,4.0
2007-05-19,Eintracht Frankfurt,Hertha,1610.98,1619.34,6.0,3.0,9.0,6.0
2007-05-19,Hamburger SV,Aachen,1692.78,1540.31,6.0,1.0,10.0,1.0
2007-05-19,Hannover,Nurnberg,1631.9,1656.1,6.0,1.0,9.0,4.0
2007-05-19,Bayer Leverkusen,Borussia Dortmund,1700.28,1673.13,3.0,9.0,6.0,12.0
2007-05-19,MGladbach,VfL Bochum,1548.26,1650.26,1.0,6.0,1.0,9.0
2007-05-19,Schalke 04,Bielefeld,1762.22,1603.17,3.0,9.0,9.0,12.0
2007-05-19,VfB Stuttgart,Cottbus,1763.11,1570.59,9.0,3.0,15.0,6.0
2007-05-19,VfL Wolfsburg,Werder Bremen,1589.94,1800.09,2.0,3.0,2.0,9.0
2007-08-10,VfB Stuttgart,Schalke 04,1765.92,1765.57,9.0,6.0,15.0,9.0
2007-08-11,Bayern Munich,Hansa Rostock,1785.4,1512.82,7.0,6.0,7.0,7.0
2007-08-11,VfL Bochum,Werder Bremen,1660.02,1806.01,6.0,6.0,12.0,9.0
2007-08-11,Eintracht Frankfurt,Hertha,1601.82,1628.5,6.0,3.0,6.0,6.0
2007-08-11,Hannover,Hamburger SV,1616.49,1699.5,3.0,6.0,9.0,10.0
2007-08-11,Bayer Leverkusen,Cottbus,1706.22,1567.78,6.0,0.0,9.0,3.0
2007-08-11,VfL Wolfsburg,Bielefeld,1584.03,1599.82,1.0,6.0,2.0,12.0
2007-08-12,Borussia Dortmund,Duisburg,1667.19,1550.38,6.0,6.0,12.0,8.0
2007-08-12,Nurnberg,Karlsruhe,1671.5,1553.24,3.0,4.0,4.0,10.0
2007-08-17,Karlsruhe,Hannover,1570.47,1609.25,6.0,0.0,10.0,6.0
2007-08-18,Bielefeld,Eintracht Frankfurt,1612.69,1609.0,6.0,6.0,12.0,9.0
2007-08-18,Duisburg,VfL Wolfsburg,1567.72,1571.16,9.0,1.0,10.0,2.0
2007-08-18,Hansa Rostock,Nurnberg,1509.7,1654.28,6.0,3.0,7.0,4.0
2007-08-18,Hertha,VfB Stuttgart,1621.31,1764.31,3.0,7.0,6.0,13.0
2007-08-18,Schalke 04,Borussia Dortmund,1767.18,1649.86,4.0,3.0,7.0,9.0
2007-08-18,Werder Bremen,Bayern Munich,1803.47,1788.52,4.0,9.0,7.0,10.0
2007-08-19,Cottbus,VfL Bochum,1572.85,1662.56,1.0,4.0,4.0,10.0
2007-08-19,Hamburger SV,Bayer Leverkusen,1706.75,1701.15,9.0,7.0,12.0,7.0
2007-08-24,VfL Bochum,Hamburger SV,1662.56,1706.75,7.0,9.0,10.0,12.0
2007-08-25,Bayern Munich,Hannover,1788.52,1609.25,9.0,3.0,13.0,6.0
2007-08-25,Bielefeld,Hertha,1612.69,1621.31,4.0,6.0,10.0,6.0
2007-08-25,Borussia Dortmund,Cottbus,1649.86,1572.85,0.0,1.0,6.0,1.0
2007-08-25,Bayer Leverkusen,Karlsruhe,1701.15,1570.47,4.0,6.0,7.0,7.0
2007-08-25,Nurnberg,Werder Bremen,1654.28,1803.47,6.0,4.0,6.0,7.0
2007-08-25,VfB Stuttgart,Duisburg,1764.31,1567.72,4.0,6.0,10.0,9.0
2007-08-26,Eintracht Frankfurt,Hansa Rostock,1609.0,1509.7,4.0,3.0,10.0,6.0
2007-08-26,VfL Wolfsburg,Schalke 04,1571.16,1767.18,3.0,7.0,4.0,10.0
2007-08-31,Schalke 04,Bayer Leverkusen,1767.18,1701.15,5.0,4.0,8.0,10.0
2007-09-01,Cottbus,Nurnberg,1559.05,1655.87,1.0,3.0,1.0,6.0
2007-09-01,Duisburg,Bielefeld,1553.97,1623.55,3.0,7.0,9.0,10.0
2007-09-01,Hannover,VfL Bochum,1614.49,1679.43,3.0,7.0,3.0,10.0
2007-09-01,Hansa Rostock,Borussia Dortmund,1501.74,1653.39,0.0,3.0,6.0,6.0
2007-09-01,Hertha,VfL Wolfsburg,1627.62,1589.89,3.0,4.0,6.0,5.0
2007-09-01,Werder Bremen,Eintracht Frankfurt,1796.81,1616.86,4.0,7.0,7.0,10.0
2007-09-02,Hamburger SV,Bayern Munich,1708.32,1814.76,6.0,9.0,12.0,15.0
2007-09-02,Karlsruhe,VfB Stuttgart,1557.68,1754.39,3.0,4.0,6.0,10.0
2007-09-14,Borussia Dortmund,Werder Bremen,1653.39,1796.81,6.0,6.0,6.0,10.0
2007-09-15,Bayern Munich,Schalke 04,1813.31,1769.35,7.0,5.0,13.0,9.0
2007-09-15,Bielefeld,Hansa Rostock,1609.04,1496.17,4.0,0.0,7.0,3.0
2007-09-15,Eintracht Frankfurt,Hamburger SV,1613.96,1709.76,4.0,4.0,7.0,10.0
2007-09-15,Bayer Leverkusen,VfL Bochum,1706.36,1671.11,4.0,6.0,8.0,10.0
2007-09-15,Nurnberg,Hannover,1654.64,1622.81,4.0,6.0,7.0,6.0
2007-09-15,VfB Stuttgart,Cottbus,1742.85,1560.28,3.0,1.0,7.0,2.0
2007-09-16,Duisburg,Hertha,1568.48,1633.39,3.0,6.0,9.0,9.0
2007-09-16,VfL Wolfsburg,Karlsruhe,1584.12,1569.22,4.0,3.0,4.0,9.0
2007-09-21,VfL Bochum,Eintracht Frankfurt,1671.11,1613.96,3.0,6.0,7.0,10.0
2007-09-22,Cottbus,VfL Wolfsburg,1560.28,1584.12,1.0,1.0,2.0,4.0
2007-09-22,Hamburger SV,Nurnberg,1709.76,1654.64,1.0,2.0,7.0,5.0
2007-09-22,Hansa Rostock,Duisburg,1496.17,1568.48,0.0,3.0,0.0,6.0
2007-09-22,Hertha,Borussia Dortmund,1633.39,1658.95,6.0,9.0,9.0,9.0
2007-09-22,Schalke 04,Bielefeld,1769.35,1609.04,3.0,6.0,7.0,10.0
2007-09-22,Werder Bremen,VfB Stuttgart,1799.71,1742.85,6.0,6.0,7.0,7.0
2007-09-23,Hannover,Bayer Leverkusen,1622.81,1706.36,4.0,7.0,7.0,8.0
2007-09-23,Karlsruhe,Bayern Munich,1569.22,1813.31,6.0,5.0,9.0,11.0
2007-09-25,Borussia Dortmund,Hamburger SV,1658.95,1709.76,6.0,4.0,9.0,7.0
2007-09-25,Duisburg,Schalke 04,1568.48,1769.35,3.0,5.0,3.0,9.0
2007-09-25,Hertha,Hansa Rostock,1633.39,1496.17,9.0,3.0,12.0,3.0
2007-09-25,VfL Wolfsburg,Werder Bremen,1584.12,1799.71,3.0,6.0,7.0,9.0
2007-09-26,Bayern Munich,Cottbus,1813.31,1560.28,5.0,1.0,11.0,1.0
2007-09-26,Bielefeld,Hannover,1609.04,1622.81,3.0,4.0,7.0,7.0
2007-09-26,Eintracht Frankfurt,Karlsruhe,1613.96,1569.22,4.0,6.0,8.0,6.0
2007-09-26,Nurnberg,Bayer Leverkusen,1654.64,1706.36,2.0,7.0,5.0,10.0
2007-09-26,VfB Stuttgart,VfL Bochum,1742.85,1671.11,3.0,1.0,6.0,7.0
2007-09-28,Schalke 04,Hertha,1769.35,1633.39,7.0,6.0,9.0,9.0
2007-09-29,VfL Bochum,Nurnberg,1671.11,1654.64,1.0,1.0,4.0,2.0
2007-09-29,Hamburger SV,VfL Wolfsburg,1709.76,1584.12,6.0,4.0,7.0,5.0
2007-09-29,Hansa Rostock,VfB Stuttgart,1496.17,1742.85,6.0,6.0,6.0,9.0
2007-09-29,Karlsruhe,Borussia Dortmund,1569.22,1658.95,6.0,3.0,9.0,9.0
2007-09-29,Bayer Leverkusen,Bayern Munich,1706.36,1813.31,9.0,7.0,13.0,11.0
2007-09-29,Werder Bremen,Bielefeld,1799.71,1609.04,4.0,3.0,10.0,6.0
2007-09-30,Cottbus,Eintracht Frankfurt,1560.28,1613.96,0.0,4.0,1.0,7.0
2007-09-30,Hannover,Duisburg,1622.81,1568.48,4.0,0.0,7.0,3.0
2007-10-05,Borussia Dortmund,VfL Bochum,1636.89,1647.63,0.0,2.0,6.0,2.0
2007-10-06,Bielefeld,Hamburger SV,1583.01,1713.9,0.0,7.0,3.0,8.0
2007-10-06,Duisburg,Werder Bremen,1533.06,1787.35,0.0,7.0,3.0,10.0
2007-10-06,Hertha,Cottbus,1621.27,1536.94,3.0,1.0,9.0,2.0
2007-10-06,Schalke 04,Karlsruhe,1773.49,1589.38,9.0,6.0,11.0,12.0
2007-10-06,VfB Stuttgart,Hannover,1717.12,1625.74,3.0,6.0,6.0,10.0
2007-10-06,VfL Wolfsburg,Hansa Rostock,1587.1,1526.94,5.0,9.0,5.0,9.0
2007-10-07,Bayern Munich,Nurnberg,1823.64,1633.13,9.0,1.0,11.0,3.0
2007-10-07,Eintracht Frankfurt,Bayer Leverkusen,1609.1,1725.31,2.0,6.0,5.0,10.0
2007-10-19,Cottbus,Duisburg,1539.74,1526.53,2.0,0.0,2.0,0.0
2007-10-20,VfL Bochum,Bayern Munich,1639.68,1830.76,1.0,9.0,2.0,13.0
2007-10-20,Hamburger SV,VfB Stuttgart,1721.39,1693.64,7.0,3.0,10.0,6.0
2007-10-20,Hansa Rostock,Schalke 04,1520.56,1758.82,6.0,6.0,9.0,10.0
2007-10-20,Bayer Leverkusen,Borussia Dortmund,1714.64,1642.37,3.0,3.0,9.0,6.0
2007-10-20,Nurnberg,Eintracht Frankfurt,1636.26,1617.21,1.0,4.0,2.0,8.0
2007-10-20,Werder Bremen,Hertha,1773.02,1616.01,7.0,1.0,10.0,7.0
2007-10-21,Hannover,VfL Wolfsburg,1641.06,1591.02,9.0,5.0,10.0,8.0
2007-10-21,Karlsruhe,Bielefeld,1607.43,1575.56,9.0,0.0,12.0,3.0
2007-10-26,Eintracht Frankfurt,Hannover,1617.21,1641.06,4.0,7.0,5.0,10.0
2007-10-27,Bielefeld,Cottbus,1575.56,1539.74,1.0,2.0,1.0,2.0
2007-10-27,Hansa Rostock,Karlsruhe,1520.56,1607.43,4.0,7.0,10.0,10.0
2007-10-27,Hertha,VfL Bochum,1616.01,1639.68,1.0,1.0,4.0,2.0
2007-10-27,Schalke 04,Werder Bremen,1758.82,1773.02,4.0,9.0,10.0,13.0
2007-10-27,VfB Stuttgart,Bayer Leverkusen,1693.64,1714.64,0.0,1.0,3.0,7.0
2007-10-27,VfL Wolfsburg,Nurnberg,1591.02,1636.26,5.0,4.0,9.0,4.0
2007-10-28,Borussia Dortmund,Bayern Munich,1642.37,1830.76,4.0,9.0,4.0,15.0
2007-10-28,Duisburg,Hamburger SV,1526.53,1721.39,3.0,7.0,3.0,13.0
2007-11-02,Cottbus,Schalke 04,1534.44,1751.57,2.0,2.0,3.0,8.0
2007-11-03,Bayern Munich,Eintracht Frankfurt,1837.11,1605.89,7.0,4.0,13.0,5.0
2007-11-03,Hamburger SV,Hertha,1742.92,1624.3,9.0,4.0,13.0,4.0
2007-11-03,Hannover,Borussia Dortmund,1640.3,1651.19,5.0,5.0,11.0,5.0
2007-11-03,Bayer Leverkusen,Bielefeld,1709.03,1576.74,1.0,2.0,4.0,2.0
2007-11-03,Nurnberg,VfB Stuttgart,1638.58,1682.8,3.0,3.0,4.0,6.0
2007-11-03,Werder Bremen,Hansa Rostock,1783.24,1527.27,7.0,2.0,11.0,8.0
2007-11-04,VfL Bochum,VfL Wolfsburg,1626.63,1606.98,0.0,7.0,1.0,9.0
2007-11-04,Karlsruhe,Duisburg,1605.77,1533.35,5.0,3.0,11.0,3.0
2007-11-09,Duisburg,VfL Bochum,1533.35,1626.63,3.0,3.0,3.0,4.0
2007-11-10,Borussia Dortmund,Eintracht Frankfurt,1651.19,1605.89,2.0,2.0,5.0,6.0
2007-11-10,Hansa Rostock,Cottbus,1527.27,1534.44,2.0,4.0,5.0,6.0
2007-11-10,Hertha,Hannover,1624.3,1640.3,3.0,5.0,4.0,11.0
2007-11-10,Schalke 04,Hamburger SV,1751.57,1742.92,2.0,9.0,5.0,13.0
2007-11-10,VfB Stuttgart,Bayern Munich,1682.8,1837.11,6.0,5.0,6.0,11.0
2007-11-10,Werder Bremen,Karlsruhe,1783.24,1605.77,7.0,5.0,13.0,11.0
2007-11-11,Bielefeld,Nurnberg,1576.74,1638.58,2.0,3.0,2.0,4.0
2007-11-11,VfL Wolfsburg,Bayer Leverkusen,1606.98,1709.03,4.0,4.0,8.0,4.0
2007-11-23,Karlsruhe,Hertha,1593.94,1616.56,4.0,6.0,8.0,7.0
2007-11-24,Bayern Munich,VfL Wolfsburg,1799.35,1581.09,2.0,3.0,8.0,7.0
2007-11-24,VfL Bochum,Bielefeld,1633.77,1569.49,6.0,4.0,6.0,5.0
2007-11-24,Cottbus,Werder Bremen,1528.63,1772.44,4.0,7.0,5.0,13.0
2007-11-24,Eintracht Frankfurt,VfB Stuttgart,1604.81,1690.62,3.0,9.0,6.0,9.0
2007-11-24,Hannover,Schalke 04,1629.26,1730.02,4.0,2.0,8.0,3.0
2007-11-24,Bayer Leverkusen,Duisburg,1705.53,1508.15,6.0,0.0,7.0,3.0
2007-11-25,Hamburger SV,Hansa Rostock,1737.8,1521.64,7.0,4.0,13.0,5.0
2007-11-25,Nurnberg,Borussia Dortmund,1598.84,1630.84,0.0,2.0,3.0,6.0
2007-11-30,Hansa Rostock,Hannover,1521.64,1629.26,3.0,3.0,5.0,5.0
2007-12-01,Cottbus,Karlsruhe,1533.27,1610.8,3.0,6.0,4.0,8.0
2007-12-01,Hertha,Bayer Leverkusen,1619.84,1719.78,3.0,9.0,6.0,10.0
2007-12-01,Schalke 04,VfL Bochum,1751.87,1652.15,4.0,9.0,6.0,9.0
2007-12-01,VfB Stuttgart,Borussia Dortmund,1718.72,1630.95,9.0,1.0,12.0,3.0
2007-12-01,Werder Bremen,Hamburger SV,1797.37,1758.72,9.0,7.0,13.0,13.0
2007-12-01,VfL Wolfsburg,Eintracht Frankfurt,1588.97,1601.79,0.0,2.0,4.0,3.0
2007-12-02,Bielefeld,Bayern Munich,1571.24,1809.07,3.0,4.0,5.0,8.0
2007-12-02,Duisburg,Nurnberg,1514.04,1623.54,0.0,3.0,3.0,6.0
2007-12-07,Borussia Dortmund,Bielefeld,1630.95,1571.24,4.0,3.0,5.0,4.0
2007-12-08,Bayern Munich,Duisburg,1809.07,1514.04,6.0,3.0,8.0,3.0
2007-12-08,VfL Bochum,Karlsruhe,1652.15,1610.8,6.0,3.0,9.0,7.0
2007-12-08,Eintracht Frankfurt,Schalke 04,1601.79,1751.87,2.0,7.0,4.0,8.0
2007-12-08,Hamburger SV,Cottbus,1758.72,1533.27,4.0,3.0,10.0,7.0
2007-12-08,Hannover,Werder Bremen,1644.41,1797.37,3.0,9.0,7.0,13.0
2007-12-08,VfB Stuttgart,VfL Wolfsburg,1718.72,1588.97,6.0,1.0,12.0,4.0
2007-12-09,Bayer Leverkusen,Hansa Rostock,1719.78,1516.08,9.0,3.0,12.0,4.0
2007-12-09,Nurnberg,Hertha,1623.54,1619.84,3.0,3.0,3.0,6.0
2007-12-14,Cottbus,Hannover,1533.27,1644.41,4.0,6.0,7.0,9.0
2007-12-15,Bielefeld,VfB Stuttgart,1559.68,1712.54,0.0,6.0,3.0,12.0
2007-12-15,Hertha,Bayern Munich,1604.54,1808.09,0.0,7.0,3.0,8.0
2007-12-15,Karlsruhe,Hamburger SV,1605.21,1759.03,4.0,4.0,7.0,8.0
2007-12-15,Schalke 04,Nurnberg,1759.68,1630.23,7.0,6.0,8.0,6.0
2007-12-15,Werder Bremen,Bayer Leverkusen,1783.39,1741.47,6.0,9.0,12.0,15.0
2007-12-15,VfL Wolfsburg,Borussia Dortmund,1584.9,1656.11,1.0,6.0,1.0,7.0
2007-12-16,Duisburg,Eintracht Frankfurt,1533.56,1608.57,4.0,2.0,4.0,4.0
2007-12-16,Hansa Rostock,VfL Bochum,1515.08,1647.54,0.0,4.0,3.0,10.0
2008-02-01,Hansa Rostock,Bayern Munich,1536.53,1816.15,3.0,5.0,6.0,8.0
2008-02-02,Bielefeld,VfL Wolfsburg,1581.94,1609.09,3.0,4.0,6.0,4.0
2008-02-02,Cottbus,Bayer Leverkusen,1580.4,1758.05,7.0,6.0,7.0,12.0
2008-02-02,Duisburg,Borussia Dortmund,1533.66,1648.18,4.0,6.0,4.0,7.0
2008-02-02,Hamburger SV,Hannover,1760.01,1647.87,2.0,6.0,6.0,6.0
2008-02-02,Hertha,Eintracht Frankfurt,1616.25,1624.72,1.0,5.0,4.0,6.0
2008-02-02,Karlsruhe,Nurnberg,1615.62,1642.46,2.0,3.0,5.0,6.0
2008-02-03,Schalke 04,VfB Stuttgart,1771.37,1706.54,7.0,3.0,11.0,9.0
2008-02-03,Werder Bremen,VfL Bochum,1800.34,1642.34,6.0,1.0,12.0,7.0
2008-02-08,Eintracht Frankfurt,Bielefeld,1624.72,1581.94,7.0,3.0,8.0,3.0
2008-02-09,VfL Bochum,Cottbus,1642.34,1580.4,4.0,4.0,7.0,7.0
2008-02-09,Hannover,Karlsruhe,1647.87,1615.62,4.0,5.0,7.0,8.0
2008-02-09,Bayer Leverkusen,Hamburger SV,1758.05,1760.01,6.0,3.0,12.0,6.0
2008-02-09,Nurnberg,Hansa Rostock,1642.46,1536.53,3.0,3.0,6.0,3.0
2008-02-09,VfB Stuttgart,Hertha,1706.54,1616.25,3.0,1.0,6.0,1.0
2008-02-09,VfL Wolfsburg,Duisburg,1609.09,1533.66,6.0,2.0,7.0,5.0
2008-02-10,Bayern Munich,Werder Bremen,1816.15,1800.34,5.0,3.0,11.0,9.0
2008-02-10,Borussia Dortmund,Schalke 04,1648.18,1771.37,4.0,7.0,7.0,13.0
2008-02-15,Schalke 04,VfL Wolfsburg,1786.2,1622.67,9.0,9.0,13.0,10.0
2008-02-16,Cottbus,Borussia Dortmund,1579.15,1640.66,4.0,1.0,8.0,7.0
2008-02-16,Duisburg,VfB Stuttgart,1530.4,1680.87,1.0,0.0,5.0,3.0
2008-02-16,Hansa Rostock,Eintracht Frankfurt,1537.67,1646.19,4.0,9.0,4.0,11.0
2008-02-16,Hertha,Bielefeld,1616.73,1568.02,4.0,3.0,4.0,3.0
2008-02-16,Karlsruhe,Bayer Leverkusen,1628.04,1761.15,5.0,4.0,6.0,10.0
2008-02-16,Werder Bremen,Nurnberg,1789.94,1628.25,4.0,1.0,7.0,4.0
2008-02-17,Hamburger SV,VfL Bochum,1757.35,1651.48,3.0,4.0,4.0,5.0
2008-02-17,Hannover,Bayern Munich,1650.01,1816.72,2.0,5.0,8.0,9.0
2008-02-22,VfL Bochum,Hannover,1651.48,1650.01,4.0,2.0,5.0,5.0
2008-02-23,Bielefeld,Duisburg,1568.02,1530.4,0.0,1.0,3.0,2.0
2008-02-23,Borussia Dortmund,Hansa Rostock,1640.66,1537.67,4.0,4.0,7.0,7.0
2008-02-23,Eintracht Frankfurt,Werder Bremen,1646.19,1789.94,6.0,4.0,10.0,7.0
2008-02-23,Bayer Leverkusen,Schalke 04,1761.15,1786.2,5.0,6.0,8.0,10.0
2008-02-23,VfB Stuttgart,Karlsruhe,1680.87,1628.04,3.0,5.0,6.0,7.0
2008-02-23,VfL Wolfsburg,Hertha,1622.67,1616.73,9.0,6.0,12.0,7.0
2008-02-24,Bayern Munich,Hamburger SV,1816.72,1757.35,7.0,5.0,9.0,7.0
2008-02-24,Nurnberg,Cottbus,1628.25,1579.15,1.0,1.0,4.0,5.0
2008-02-29,Hertha,Duisburg,1616.73,1530.4,7.0,3.0,8.0,4.0
2008-03-01,Hannover,Nurnberg,1644.4,1624.99,1.0,2.0,2.0,2.0
2008-03-01,Hansa Rostock,Bielefeld,1552.72,1557.78,4.0,0.0,7.0,3.0
2008-03-01,Karlsruhe,VfL Wolfsburg,1632.89,1644.03,2.0,7.0,6.0,13.0
2008-03-01,Schalke 04,Bayern Munich,1782.06,1834.72,3.0,5.0,9.0,9.0
2008-03-01,Werder Bremen,Borussia Dortmund,1801.56,1666.55,4.0,6.0,7.0,7.0
2008-03-02,VfL Bochum,Bayer Leverkusen,1661.04,1790.06,4.0,5.0,7.0,8.0
2008-03-02,Hamburger SV,Eintracht Frankfurt,1783.55,1657.71,5.0,6.0,7.0,12.0
2008-03-07,Borussia Dortmund,Hertha,1666.55,1640.73,6.0,7.0,7.0,10.0
2008-03-08,Bayern Munich,Karlsruhe,1834.72,1632.89,7.0,4.0,11.0,8.0
2008-03-08,Bielefeld,Schalke 04,1557.78,1782.06,1.0,0.0,1.0,6.0
2008-03-08,Duisburg,Hansa Rostock,1543.49,1552.72,3.0,4.0,4.0,5.0
2008-03-08,Eintracht Frankfurt,VfL Bochum,1657.71,1661.04,3.0,6.0,9.0,10.0
2008-03-08,VfB Stuttgart,Werder Bremen,1703.95,1801.56,6.0,6.0,6.0,7.0
2008-03-08,VfL Wolfsburg,Cottbus,1644.03,1580.88,4.0,2.0,10.0,5.0
2008-03-09,Bayer Leverkusen,Hannover,1790.06,1644.4,4.0,3.0,8.0,5.0
2008-03-09,Nurnberg,Hamburger SV,1624.99,1783.55,1.0,7.0,2.0,9.0
2008-03-11,Cottbus,VfB Stuttgart,1580.88,1703.95,1.0,9.0,2.0,9.0
2008-03-14,Schalke 04,Duisburg,1782.06,1543.49,3.0,4.0,6.0,4.0
2008-03-15,VfL Bochum,VfB Stuttgart,1671.09,1719.98,7.0,9.0,8.0,12.0
2008-03-15,Cottbus,Bayern Munich,1561.5,1847.36,1.0,7.0,2.0,11.0
2008-03-15,Hamburger SV,Borussia Dortmund,1774.98,1654.68,5.0,4.0,9.0,7.0
2008-03-15,Hannover,Bielefeld,1640.84,1548.52,3.0,1.0,4.0,1.0
2008-03-15,Hansa Rostock,Hertha,1548.16,1638.79,2.0,5.0,6.0,11.0
2008-03-15,Karlsruhe,Eintracht Frankfurt,1634.38,1645.48,3.0,4.0,5.0,7.0
2008-03-16,Bayer Leverkusen,Nurnberg,1785.0,1617.37,6.0,2.0,8.0,3.0
2008-03-16,Werder Bremen,VfL Wolfsburg,1773.1,1639.12,3.0,4.0,7.0,10.0
2008-03-20,Eintracht Frankfurt,Cottbus,1645.48,1561.5,4.0,3.0,7.0,4.0
2008-03-22,Bayern Munich,Bayer Leverkusen,1847.36,1785.0,6.0,6.0,10.0,10.0
2008-03-22,Borussia Dortmund,Karlsruhe,1654.68,1634.38,1.0,3.0,7.0,4.0
2008-03-22,Duisburg,Hannover,1535.18,1640.84,1.0,4.0,4.0,4.0
2008-03-22,Nurnberg,VfL Bochum,1617.37,1671.09,1.0,5.0,2.0,8.0
2008-03-22,VfB Stuttgart,Hansa Rostock,1719.98,1548.16,7.0,3.0,13.0,6.0
2008-03-22,VfL Wolfsburg,Hamburger SV,1639.12,1774.98,6.0,7.0,10.0,11.0
2008-03-23,Bielefeld,Werder Bremen,1548.52,1773.1,2.0,3.0,2.0,6.0
2008-03-23,Hertha,Schalke 04,1638.79,1773.36,5.0,6.0,9.0,6.0
2008-03-28,Hansa Rostock,VfL Wolfsburg,1548.16,1639.12,2.0,7.0,3.0,8.0
2008-03-29,VfL Bochum,Borussia Dortmund,1671.09,1654.68,3.0,2.0,9.0,5.0
2008-03-29,Hamburger SV,Bielefeld,1774.98,1548.52,5.0,2.0,9.0,3.0
2008-03-29,Karlsruhe,Schalke 04,1634.38,1773.36,1.0,9.0,4.0,9.0
2008-03-29,Bayer Leverkusen,Eintracht Frankfurt,1785.0,1645.48,6.0,7.0,9.0,10.0
2008-03-29,Nurnberg,Bayern Munich,1617.37,1847.36,2.0,6.0,3.0,10.0
2008-03-29,Werder Bremen,Duisburg,1773.1,1535.18,1.0,2.0,4.0,5.0
2008-03-30,Cottbus,Hertha,1561.5,1638.79,3.0,2.0,4.0,6.0
2008-03-30,Hannover,VfB Stuttgart,1640.84,1719.98,2.0,7.0,5.0,13.0
2008-04-04,Duisburg,Cottbus,1550.43,1583.64,4.0,6.0,5.0,6.0
2008-04-05,Bielefeld,Karlsruhe,1563.5,1629.91,3.0,2.0,4.0,5.0
2008-04-05,Eintracht Frankfurt,Nurnberg,1677.56,1616.19,9.0,2.0,10.0,3.0
2008-04-05,Hertha,Werder Bremen,1623.87,1742.29,1.0,1.0,5.0,4.0
2008-04-05,Schalke 04,Hansa Rostock,1777.43,1536.75,7.0,1.0,10.0,3.0
2008-04-05,VfB Stuttgart,Hamburger SV,1724.95,1770.28,5.0,5.0,11.0,9.0
2008-04-05,VfL Wolfsburg,Hannover,1660.54,1636.19,7.0,3.0,10.0,6.0
2008-04-06,Bayern Munich,VfL Bochum,1829.65,1668.18,4.0,3.0,10.0,7.0
2008-04-06,Borussia Dortmund,Bayer Leverkusen,1650.83,1766.7,2.0,3.0,3.0,6.0
2008-04-12,VfL Bochum,Hertha,1668.18,1623.87,2.0,0.0,4.0,2.0
2008-04-12,Cottbus,Bielefeld,1583.64,1563.5,6.0,5.0,9.0,6.0
2008-04-12,Hamburger SV,Duisburg,1770.28,1550.43,2.0,4.0,6.0,5.0
2008-04-12,Hannover,Eintracht Frankfurt,1636.19,1677.56,2.0,6.0,3.0,10.0
2008-04-12,Karlsruhe,Hansa Rostock,1629.91,1536.75,2.0,0.0,2.0,2.0
2008-04-12,Werder Bremen,Schalke 04,1742.29,1777.43,4.0,7.0,4.0,13.0
2008-04-13,Bayern Munich,Borussia Dortmund,1829.65,1650.83,7.0,5.0,10.0,6.0
2008-04-13,Bayer Leverkusen,VfB Stuttgart,1766.7,1724.95,0.0,7.0,6.0,11.0
2008-04-15,Hansa Rostock,Werder Bremen,1540.81,1756.64,3.0,6.0,4.0,7.0
2008-04-15,Hertha,Hamburger SV,1614.69,1741.98,1.0,1.0,2.0,5.0
2008-04-15,Schalke 04,Cottbus,1753.29,1592.38,4.0,9.0,10.0,12.0
2008-04-15,VfL Wolfsburg,VfL Bochum,1660.35,1654.56,7.0,2.0,13.0,4.0
2008-04-16,Bielefeld,Bayer Leverkusen,1559.88,1744.47,4.0,3.0,6.0,6.0
2008-04-16,Borussia Dortmund,Hannover,1647.47,1631.39,4.0,4.0,5.0,6.0
2008-04-16,Duisburg,Karlsruhe,1550.4,1603.73,6.0,1.0,7.0,2.0
2008-04-16,Eintracht Frankfurt,Bayern Munich,1648.68,1841.13,3.0,7.0,9.0,10.0
2008-04-16,VfB Stuttgart,Nurnberg,1716.31,1626.29,4.0,5.0,8.0,6.0
2008-04-20,Nurnberg,VfL Wolfsburg,1626.29,1660.35,4.0,6.0,5.0,10.0
2008-04-25,Eintracht Frankfurt,Borussia Dortmund,1648.68,1647.47,0.0,3.0,6.0,5.0
2008-04-26,VfL Bochum,Duisburg,1654.56,1550.4,4.0,3.0,6.0,7.0
2008-04-26,Cottbus,Hansa Rostock,1592.38,1540.81,6.0,3.0,9.0,3.0
2008-04-26,Hamburger SV,Schalke 04,1741.98,1753.29,1.0,6.0,3.0,10.0
2008-04-26,Hannover,Hertha,1631.39,1614.69,6.0,2.0,8.0,2.0
2008-04-26,Karlsruhe,Werder Bremen,1603.73,1756.64,3.0,9.0,5.0,10.0
2008-04-26,Nurnberg,Bielefeld,1626.29,1559.88,6.0,6.0,8.0,8.0
2008-04-27,Bayern Munich,VfB Stuttgart,1841.13,1716.31,9.0,6.0,13.0,10.0
2008-04-27,Bayer Leverkusen,VfL Wolfsburg,1744.47,1660.35,3.0,3.0,3.0,7.0
2008-05-02,Borussia Dortmund,Nurnberg,1633.74,1620.65,1.0,4.0,5.0,8.0
2008-05-03,Bielefeld,VfL Bochum,1572.8,1657.66,4.0,5.0,8.0,6.0
2008-05-03,Hansa Rostock,Hamburger SV,1529.53,1729.07,3.0,1.0,3.0,2.0
2008-05-03,Hertha,Karlsruhe,1617.63,1612.76,3.0,4.0,3.0,5.0
2008-05-03,Schalke 04,Hannover,1768.32,1641.33,6.0,7.0,10.0,8.0
2008-05-03,VfB Stuttgart,Eintracht Frankfurt,1715.79,1637.51,3.0,1.0,7.0,4.0
2008-05-03,Werder Bremen,Cottbus,1757.6,1589.07,7.0,6.0,10.0,12.0
2008-05-04,Duisburg,Bayer Leverkusen,1545.38,1727.54,4.0,4.0,7.0,4.0
2008-05-04,VfL Wolfsburg,Bayern Munich,1646.43,1848.05,1.0,9.0,7.0,13.0
2008-05-06,VfL Bochum,Schalke 04,1657.66,1768.32,4.0,7.0,5.0,10.0
2008-05-06,Borussia Dortmund,VfB Stuttgart,1633.74,1715.79,2.0,6.0,5.0,9.0
2008-05-06,Hannover,Hansa Rostock,1641.33,1529.53,5.0,0.0,8.0,3.0
2008-05-06,Karlsruhe,Cottbus,1612.76,1589.07,4.0,3.0,4.0,9.0
2008-05-07,Bayern Munich,Bielefeld,1848.05,1572.8,7.0,7.0,13.0,10.0
2008-05-07,Eintracht Frankfurt,VfL Wolfsburg,1637.51,1646.43,1.0,2.0,1.0,5.0
2008-05-07,Hamburger SV,Werder Bremen,1729.07,1757.6,4.0,7.0,4.0,13.0
2008-05-07,Bayer Leverkusen,Hertha,1727.54,1617.63,1.0,5.0,4.0,6.0
2008-05-07,Nurnberg,Duisburg,1620.65,1545.38,5.0,4.0,8.0,7.0
2008-05-10,Bielefeld,Borussia Dortmund,1572.8,1633.74,4.0,5.0,7.0,5.0
2008-05-10,Cottbus,Hamburger SV,1589.07,1729.07,4.0,3.0,7.0,4.0
2008-05-10,Duisburg,Bayern Munich,1545.38,1848.05,4.0,7.0,7.0,13.0
2008-05-10,Hansa Rostock,Bayer Leverkusen,1529.53,1727.54,0.0,1.0,3.0,4.0
2008-05-10,Hertha,Nurnberg,1617.63,1620.65,7.0,5.0,9.0,8.0
2008-05-10,Karlsruhe,VfL Bochum,1612.76,1657.66,2.0,1.0,5.0,5.0
2008-05-10,Schalke 04,Eintracht Frankfurt,1768.32,1637.51,7.0,1.0,10.0,1.0
2008-05-10,Werder Bremen,Hannover,1757.6,1641.33,7.0,5.0,13.0,11.0
2008-05-10,VfL Wolfsburg,VfB Stuttgart,1646.43,1715.79,5.0,3.0,5.0,6.0
2008-05-17,Bayern Munich,Hertha,1810.97,1634.01,7.0,9.0,13.0,11.0
2008-05-17,VfL Bochum,Hansa Rostock,1636.27,1500.62,3.0,0.0,7.0,0.0
2008-05-17,Borussia Dortmund,VfL Wolfsburg,1629.75,1663.1,5.0,7.0,6.0,8.0
2008-05-17,Eintracht Frankfurt,Duisburg,1607.01,1535.7,0.0,3.0,1.0,4.0
2008-05-17,Hamburger SV,Karlsruhe,1702.86,1578.21,3.0,1.0,4.0,5.0
2008-05-17,Hannover,Cottbus,1634.57,1591.41,4.0,4.0,8.0,7.0
2008-05-17,Bayer Leverkusen,Werder Bremen,1699.52,1768.46,3.0,9.0,4.0,13.0
2008-05-17,Nurnberg,Schalke 04,1613.49,1768.08,4.0,7.0,8.0,13.0
2008-05-17,VfB Stuttgart,Bielefeld,1690.01,1570.78,3.0,4.0,6.0,8.0
2008-08-15,Bayern Munich,Hamburger SV,1818.02,1714.66,9.0,3.0,13.0,6.0
2008-08-16,Bielefeld,Werder Bremen,1578.46,1779.05,2.0,9.0,6.0,13.0
2008-08-16,Cottbus,TSG Hoffenheim,1583.74,1513.65,4.0,7.0,7.0,10.0
2008-08-16,Karlsruhe,VfL Bochum,1571.38,1625.52,1.0,3.0,2.0,4.0
2008-08-16,Bayer Leverkusen,Borussia Dortmund,1693.9,1619.3,3.0,4.0,4.0,6.0
2008-08-16,Schalke 04,Hannover,1784.92,1647.21,9.0,6.0,13.0,8.0
2008-08-16,VfL Wolfsburg,1. FC Koln,1678.52,1537.24,9.0,6.0,11.0,10.0
2008-08-17,Eintracht Frankfurt,Hertha,1615.82,1634.07,3.0,6.0,4.0,10.0
2008-08-17,MGladbach,VfB Stuttgart,1589.53,1686.69,6.0,1.0,10.0,4.0
2008-08-22,Hannover,Cottbus,1647.21,1583.74,3.0,3.0,7.0,4.0
2008-08-23,Borussia Dortmund,Bayern Munich,1619.3,1818.02,4.0,7.0,8.0,11.0
2008-08-23,Hamburger SV,Karlsruhe,1714.66,1571.38,4.0,3.0,7.0,4.0
2008-08-23,Hertha,Bielefeld,1634.07,1578.46,6.0,3.0,12.0,6.0
2008-08-23,TSG Hoffenheim,MGladbach,1513.65,1589.53,7.0,3.0,10.0,9.0
2008-08-23,VfB Stuttgart,Bayer Leverkusen,1686.69,1693.9,4.0,3.0,7.0,3.0
2008-08-23,Werder Bremen,Schalke 04,1779.05,1784.92,7.0,9.0,13.0,13.0
2008-08-24,VfL Bochum,VfL Wolfsburg,1625.52,1678.52,3.0,9.0,3.0,13.0
2008-08-24,1. FC Koln,Eintracht Frankfurt,1537.24,1615.82,3.0,3.0,9.0,3.0
2008-08-29,Karlsruhe,1. FC Koln,1571.38,1537.24,3.0,1.0,4.0,7.0
2008-08-30,Bielefeld,Hamburger SV,1578.46,1714.66,3.0,7.0,4.0,7.0
2008-08-30,Cottbus,Borussia Dortmund,1583.74,1619.3,1.0,4.0,5.0,8.0
2008-08-30,Bayer Leverkusen,TSG Hoffenheim,1693.9,1513.65,3.0,9.0,6.0,13.0
2008-08-30,MGladbach,Werder Bremen,1589.53,1779.05,3.0,5.0,6.0,11.0
2008-08-30,Schalke 04,VfL Bochum,1784.92,1625.52,7.0,1.0,13.0,4.0
2008-08-30,VfL Wolfsburg,Eintracht Frankfurt,1678.52,1615.82,7.0,4.0,13.0,4.0
2008-08-31,Bayern Munich,Hertha,1818.02,1634.07,5.0,4.0,11.0,10.0
2008-08-31,VfB Stuttgart,Hannover,1686.69,1647.21,4.0,4.0,4.0,7.0
2008-09-13,Borussia Dortmund,Schalke 04,1635.05,1765.98,7.0,7.0,8.0,13.0
2008-09-13,1. FC Koln,Bayern Munich,1542.25,1808.02,4.0,5.0,7.0,11.0
2008-09-13,Hamburger SV,Bayer Leverkusen,1724.91,1694.67,7.0,6.0,10.0,9.0
2008-09-13,Hertha,VfL Wolfsburg,1631.63,1670.63,4.0,5.0,7.0,11.0
2008-09-13,TSG Hoffenheim,VfB Stuttgart,1528.82,1684.29,6.0,6.0,10.0,7.0
2008-09-13,Werder Bremen,Cottbus,1755.81,1552.13,2.0,1.0,8.0,4.0
2008-09-14,VfL Bochum,Bielefeld,1607.53,1569.24,1.0,2.0,4.0,4.0
2008-09-14,Hannover,MGladbach,1623.15,1575.79,1.0,3.0,4.0,6.0
2008-09-19,Bayer Leverkusen,Hannover,1689.31,1623.15,6.0,4.0,6.0,7.0
2008-09-20,Bayern Munich,Werder Bremen,1814.16,1759.71,7.0,4.0,11.0,8.0
2008-09-20,Bielefeld,1. FC Koln,1569.24,1536.12,1.0,4.0,3.0,4.0
2008-09-20,Cottbus,VfL Bochum,1548.23,1607.53,1.0,4.0,1.0,4.0
2008-09-20,MGladbach,Hertha,1575.79,1630.45,3.0,2.0,6.0,5.0
2008-09-20,Schalke 04,Eintracht Frankfurt,1764.53,1599.67,5.0,2.0,11.0,5.0
2008-09-21,TSG Hoffenheim,Borussia Dortmund,1530.96,1636.51,4.0,5.0,10.0,8.0
2008-09-21,VfB Stuttgart,Karlsruhe,1682.15,1552.71,4.0,3.0,8.0,3.0
2008-09-21,VfL Wolfsburg,Hamburger SV,1671.8,1730.26,3.0,9.0,9.0,13.0
2008-09-26,1. FC Koln,Schalke 04,1536.12,1764.53,3.0,7.0,4.0,11.0
2008-09-27,VfL Bochum,Bayer Leverkusen,1607.53,1689.31,4.0,6.0,5.0,9.0
2008-09-27,Borussia Dortmund,VfB Stuttgart,1636.51,1682.15,4.0,7.0,8.0,10.0
2008-09-27,Hamburger SV,MGladbach,1730.26,1575.79,6.0,3.0,10.0,3.0
2008-09-27,Hannover,Bayern Munich,1623.15,1814.16,3.0,6.0,4.0,8.0
2008-09-27,Hertha,Cottbus,1630.45,1548.23,4.0,1.0,8.0,2.0
2008-09-27,Werder Bremen,TSG Hoffenheim,1759.71,1530.96,6.0,4.0,8.0,10.0
2008-09-28,Eintracht Frankfurt,Bielefeld,1599.67,1569.24,2.0,3.0,5.0,5.0
2008-09-28,Karlsruhe,VfL Wolfsburg,1552.71,1671.8,0.0,5.0,3.0,9.0
2008-10-03,Bielefeld,Karlsruhe,1569.16,1553.92,4.0,3.0,5.0,6.0
2008-10-04,Bayern Munich,VfL Bochum,1785.98,1603.91,3.0,4.0,7.0,5.0
2008-10-04,TSG Hoffenheim,Eintracht Frankfurt,1539.87,1590.28,4.0,2.0,7.0,3.0
2008-10-04,Bayer Leverkusen,Hertha,1703.16,1624.1,6.0,4.0,12.0,5.0
2008-10-04,MGladbach,1. FC Koln,1550.93,1537.12,0.0,3.0,3.0,7.0
2008-10-04,VfB Stuttgart,Werder Bremen,1670.9,1770.67,4.0,9.0,7.0,10.0
2008-10-05,Cottbus,Hamburger SV,1556.88,1713.8,4.0,6.0,5.0,12.0
2008-10-05,Borussia Dortmund,Hannover,1619.23,1630.52,4.0,6.0,8.0,7.0
2008-10-05,Schalke 04,VfL Wolfsburg,1755.87,1673.66,4.0,4.0,8.0,6.0
2008-10-17,VfL Bochum,MGladbach,1621.7,1551.65,2.0,0.0,5.0,3.0
2008-10-18,Eintracht Frankfurt,Bayer Leverkusen,1594.58,1702.38,1.0,6.0,3.0,9.0
2008-10-18,1. FC Koln,Cottbus,1559.0,1562.09,6.0,4.0,9.0,4.0
2008-10-18,Hannover,TSG Hoffenheim,1644.35,1558.17,4.0,6.0,7.0,7.0
2008-10-18,Hertha,VfB Stuttgart,1647.49,1696.65,6.0,6.0,7.0,10.0
2008-10-18,Karlsruhe,Bayern Munich,1575.9,1790.79,6.0,1.0,6.0,7.0
2008-10-18,Werder Bremen,Borussia Dortmund,1773.35,1643.48,6.0,4.0,9.0,8.0
2008-10-18,VfL Wolfsburg,Bielefeld,1692.35,1569.79,4.0,4.0,6.0,4.0
2008-10-19,Hamburger SV,Schalke 04,1740.05,1762.92,6.0,4.0,12.0,8.0
2008-10-22,Eintracht Frankfurt,Karlsruhe,1594.58,1575.9,1.0,6.0,2.0,6.0
2008-10-24,Bayer Leverkusen,1. FC Koln,1702.38,1559.0,6.0,9.0,9.0,9.0
2008-10-25,Bayern Munich,VfL Wolfsburg,1790.79,1692.35,4.0,4.0,7.0,8.0
2008-10-25,Cottbus,Eintracht Frankfurt,1562.09,1594.58,3.0,3.0,4.0,4.0
2008-10-25,Hannover,Werder Bremen,1644.35,1773.35,4.0,4.0,7.0,10.0
2008-10-25,MGladbach,Karlsruhe,1551.65,1575.9,1.0,3.0,1.0,6.0
2008-10-25,Schalke 04,Bielefeld,1762.92,1569.79,2.0,1.0,6.0,4.0
2008-10-26,Borussia Dortmund,Hertha,1643.48,1647.49,5.0,6.0,6.0,10.0
2008-10-26,TSG Hoffenheim,Hamburger SV,1558.17,1740.05,6.0,7.0,10.0,10.0
2008-10-26,VfB Stuttgart,VfL Bochum,1696.65,1621.7,3.0,2.0,7.0,6.0
2008-10-28,Bielefeld,Cottbus,1569.79,1562.09,1.0,0.0,5.0,4.0
2008-10-28,Karlsruhe,Schalke 04,1575.9,1762.92,0.0,3.0,6.0,6.0
2008-10-28,Werder Bremen,Bayer Leverkusen,1773.35,1702.38,2.0,6.0,8.0,12.0
2008-10-28,VfL Wolfsburg,MGladbach,1692.35,1551.65,4.0,4.0,7.0,4.0
2008-10-29,VfL Bochum,TSG Hoffenheim,1621.7,1558.17,2.0,9.0,3.0,12.0
2008-10-29,Eintracht Frankfurt,Bayern Munich,1594.58,1790.79,6.0,7.0,7.0,7.0
2008-10-29,1. FC Koln,Borussia Dortmund,1559.0,1643.48,6.0,3.0,9.0,6.0
2008-10-29,Hamburger SV,VfB Stuttgart,1740.05,1696.65,4.0,6.0,7.0,9.0
2008-10-29,Hertha,Hannover,1647.49,1644.35,7.0,2.0,10.0,5.0
2008-10-31,Bayer Leverkusen,VfL Wolfsburg,1702.38,1692.35,9.0,6.0,12.0,7.0
2008-11-01,Bayern Munich,Bielefeld,1819.08,1572.19,9.0,2.0,10.0,3.0
2008-11-01,Cottbus,Schalke 04,1554.26,1775.86,1.0,5.0,4.0,6.0
2008-11-01,Hannover,Hamburger SV,1620.03,1736.72,1.0,4.0,5.0,10.0
2008-11-01,TSG Hoffenheim,Karlsruhe,1615.99,1554.96,9.0,0.0,12.0,3.0
2008-11-01,VfB Stuttgart,1. FC Koln,1690.32,1557.44,3.0,3.0,6.0,9.0
2008-11-01,Werder Bremen,Hertha,1754.21,1669.2,2.0,7.0,5.0,10.0
2008-11-02,Borussia Dortmund,VfL Bochum,1659.02,1600.91,5.0,1.0,9.0,2.0
2008-11-02,MGladbach,Eintracht Frankfurt,1560.99,1598.86,4.0,6.0,4.0,6.0
2008-11-07,1. FC Koln,Hannover,1557.44,1620.03,3.0,4.0,9.0,5.0
2008-11-08,Bielefeld,MGladbach,1572.19,1560.99,2.0,3.0,2.0,4.0
2008-11-08,VfL Bochum,Werder Bremen,1600.91,1754.21,1.0,4.0,3.0,5.0
2008-11-08,Hamburger SV,Borussia Dortmund,1736.72,1659.02,3.0,5.0,7.0,7.0
2008-11-08,Karlsruhe,Bayer Leverkusen,1554.96,1743.73,0.0,9.0,0.0,12.0
2008-11-08,VfL Wolfsburg,Cottbus,1695.85,1554.26,3.0,1.0,7.0,1.0
2008-11-09,Eintracht Frankfurt,VfB Stuttgart,1598.86,1690.32,6.0,3.0,9.0,6.0
2008-11-09,Hertha,TSG Hoffenheim,1669.2,1615.99,4.0,9.0,10.0,15.0
2008-11-09,Schalke 04,Bayern Munich,1775.86,1819.08,7.0,9.0,9.0,13.0
2008-11-14,Hannover,VfL Bochum,1620.03,1600.91,3.0,2.0,4.0,3.0
2008-11-15,Cottbus,Karlsruhe,1539.58,1547.23,1.0,1.0,1.0,1.0
2008-11-15,Borussia Dortmund,Eintracht Frankfurt,1647.73,1604.54,4.0,4.0,6.0,10.0
2008-11-15,Hertha,Hamburger SV,1663.88,1722.91,6.0,6.0,10.0,7.0
2008-11-15,TSG Hoffenheim,VfL Wolfsburg,1615.88,1703.95,6.0,6.0,12.0,9.0
2008-11-15,Bayer Leverkusen,Schalke 04,1737.81,1772.88,7.0,6.0,13.0,8.0
2008-11-15,MGladbach,Bayern Munich,1564.23,1830.02,3.0,9.0,7.0,15.0
2008-11-15,VfB Stuttgart,Bielefeld,1673.49,1551.48,1.0,1.0,4.0,2.0
2008-11-16,Werder Bremen,1. FC Koln,1734.43,1580.15,4.0,6.0,6.0,9.0
2008-11-21,Karlsruhe,Borussia Dortmund,1547.23,1647.73,1.0,4.0,1.0,8.0
2008-11-22,Bayern Munich,Cottbus,1830.02,1539.58,7.0,3.0,13.0,4.0
2008-11-22,Bielefeld,Bayer Leverkusen,1551.48,1737.81,1.0,7.0,3.0,13.0
2008-11-22,VfL Bochum,Hertha,1603.22,1663.88,3.0,6.0,3.0,10.0
2008-11-22,Eintracht Frankfurt,Hannover,1604.54,1625.26,4.0,4.0,7.0,5.0
2008-11-22,1. FC Koln,TSG Hoffenheim,1580.15,1615.88,6.0,6.0,6.0,12.0
2008-11-22,Schalke 04,MGladbach,1772.88,1564.23,3.0,4.0,7.0,7.0
2008-11-22,VfL Wolfsburg,VfB Stuttgart,1703.95,1673.49,3.0,2.0,6.0,5.0
2008-11-23,Hamburger SV,Werder Bremen,1722.91,1734.43,3.0,7.0,6.0,8.0
2008-11-28,Hertha,1. FC Koln,1663.88,1580.15,9.0,3.0,12.0,6.0
2008-11-29,Hannover,Karlsruhe,1625.26,1547.23,1.0,1.0,4.0,1.0
2008-11-29,TSG Hoffenheim,Bielefeld,1615.88,1551.48,6.0,4.0,12.0,5.0
2008-11-29,Bayer Leverkusen,Bayern Munich,1737.81,1830.02,4.0,7.0,10.0,13.0
2008-11-29,MGladbach,Cottbus,1564.23,1539.58,4.0,3.0,4.0,4.0
2008-11-29,Werder Bremen,Eintracht Frankfurt,1734.43,1604.54,4.0,4.0,7.0,7.0
2008-11-30,VfL Bochum,Hamburger SV,1603.22,1722.91,2.0,6.0,3.0,9.0
2008-11-30,Borussia Dortmund,VfL Wolfsburg,1647.73,1703.95,6.0,6.0,10.0,9.0
2008-11-30,VfB Stuttgart,Schalke 04,1673.49,1772.88,2.0,3.0,2.0,9.0
2008-12-05,Bayern Munich,TSG Hoffenheim,1836.76,1639.31,7.0,9.0,13.0,12.0
2008-12-06,Bielefeld,Borussia Dortmund,1555.27,1658.91,4.0,7.0,4.0,8.0
2008-12-06,Cottbus,VfB Stuttgart,1554.18,1670.36,6.0,4.0,6.0,5.0
2008-12-06,Eintracht Frankfurt,VfL Bochum,1595.94,1593.59,3.0,2.0,7.0,4.0
2008-12-06,Karlsruhe,Werder Bremen,1525.13,1732.41,0.0,6.0,1.0,10.0
2008-12-06,MGladbach,Bayer Leverkusen,1545.55,1718.72,1.0,3.0,4.0,7.0
2008-12-06,Schalke 04,Hertha,1736.78,1678.97,3.0,9.0,6.0,12.0
2008-12-07,1. FC Koln,Hamburger SV,1555.57,1704.85,0.0,4.0,6.0,7.0
2008-12-07,VfL Wolfsburg,Hannover,1709.99,1608.7,4.0,4.0,7.0,7.0
2008-12-12,Borussia Dortmund,MGladbach,1658.91,1545.55,5.0,0.0,8.0,4.0
2008-12-13,VfL Bochum,1. FC Koln,1593.59,1555.57,1.0,0.0,3.0,3.0
2008-12-13,Hamburger SV,Eintracht Frankfurt,1704.85,1595.94,7.0,6.0,10.0,7.0
2008-12-13,Hannover,Bielefeld,1608.7,1555.27,3.0,4.0,4.0,5.0
2008-12-13,Hertha,Karlsruhe,1678.97,1525.13,6.0,3.0,12.0,4.0
2008-12-13,Bayer Leverkusen,Cottbus,1718.72,1554.18,3.0,3.0,7.0,6.0
2008-12-13,VfB Stuttgart,Bayern Munich,1670.36,1836.76,6.0,9.0,8.0,13.0
2008-12-13,Werder Bremen,VfL Wolfsburg,1732.41,1709.99,3.0,7.0,7.0,10.0
2008-12-14,TSG Hoffenheim,Schalke 04,1639.31,1736.78,6.0,6.0,9.0,6.0
2009-01-30,Hamburger SV,Bayern Munich,1747.81,1857.07,7.0,7.0,10.0,11.0
2009-01-31,Borussia Dortmund,Bayer Leverkusen,1672.31,1730.73,5.0,4.0,11.0,7.0
2009-01-31,1. FC Koln,VfL Wolfsburg,1571.01,1730.24,3.0,4.0,3.0,7.0
2009-01-31,Hannover,Schalke 04,1611.97,1742.38,4.0,4.0,5.0,7.0
2009-01-31,Hertha,Eintracht Frankfurt,1668.98,1614.45,6.0,3.0,12.0,6.0
2009-01-31,TSG Hoffenheim,Cottbus,1647.88,1558.79,4.0,4.0,10.0,7.0
2009-01-31,VfB Stuttgart,MGladbach,1704.52,1544.65,7.0,0.0,8.0,1.0
2009-02-01,VfL Bochum,Karlsruhe,1581.52,1539.77,1.0,3.0,2.0,3.0
2009-02-01,Werder Bremen,Bielefeld,1748.29,1569.99,6.0,2.0,9.0,6.0
2009-02-06,Bielefeld,Hertha,1569.99,1673.62,5.0,6.0,8.0,12.0
2009-02-07,Eintracht Frankfurt,1. FC Koln,1609.81,1572.97,3.0,4.0,6.0,4.0
2009-02-07,Karlsruhe,Hamburger SV,1539.77,1756.39,3.0,9.0,3.0,13.0
2009-02-07,Bayer Leverkusen,VfB Stuttgart,1731.65,1708.33,5.0,7.0,5.0,10.0
2009-02-07,MGladbach,TSG Hoffenheim,1540.84,1653.44,0.0,4.0,0.0,10.0
2009-02-07,Schalke 04,Werder Bremen,1733.3,1748.29,4.0,3.0,7.0,6.0
2009-02-07,VfL Wolfsburg,VfL Bochum,1728.28,1581.52,4.0,3.0,8.0,4.0
2009-02-08,Bayern Munich,Borussia Dortmund,1848.49,1671.4,4.0,5.0,10.0,9.0
2009-02-08,Cottbus,Hannover,1553.23,1621.05,1.0,4.0,4.0,7.0
2009-02-13,TSG Hoffenheim,Bayer Leverkusen,1653.44,1731.65,5.0,2.0,8.0,5.0
2009-02-14,VfL Bochum,Schalke 04,1581.52,1733.3,3.0,4.0,4.0,7.0
2009-02-14,Eintracht Frankfurt,VfL Wolfsburg,1609.81,1728.28,1.0,4.0,4.0,8.0
2009-02-14,1. FC Koln,Karlsruhe,1572.97,1539.77,5.0,3.0,5.0,6.0
2009-02-14,Hannover,VfB Stuttgart,1621.05,1708.33,4.0,7.0,7.0,13.0
2009-02-14,Hertha,Bayern Munich,1673.62,1848.49,7.0,4.0,10.0,10.0
2009-02-14,Werder Bremen,MGladbach,1748.29,1540.84,3.0,1.0,6.0,1.0
2009-02-15,Borussia Dortmund,Cottbus,1667.95,1563.76,4.0,4.0,6.0,7.0
2009-02-15,Hamburger SV,Bielefeld,1744.96,1584.0,6.0,5.0,10.0,6.0
2009-02-20,Schalke 04,Borussia Dortmund,1739.1,1667.95,3.0,2.0,7.0,6.0
2009-02-21,Bayern Munich,1. FC Koln,1851.94,1576.49,3.0,3.0,7.0,6.0
2009-02-21,Bielefeld,VfL Bochum,1584.0,1584.15,4.0,6.0,6.0,6.0
2009-02-21,Cottbus,Werder Bremen,1563.76,1728.41,4.0,1.0,5.0,4.0
2009-02-21,Karlsruhe,Eintracht Frankfurt,1544.39,1606.29,4.0,1.0,7.0,4.0
2009-02-21,MGladbach,Hannover,1541.46,1610.53,2.0,4.0,2.0,5.0
2009-02-21,VfB Stuttgart,TSG Hoffenheim,1723.78,1652.82,7.0,4.0,11.0,5.0
2009-02-21,VfL Wolfsburg,Hertha,1732.47,1673.7,7.0,7.0,10.0,10.0
2009-02-22,Bayer Leverkusen,Hamburger SV,1716.2,1744.96,4.0,6.0,8.0,12.0
2009-02-27,1. FC Koln,Bielefeld,1576.49,1584.0,5.0,2.0,9.0,6.0
2009-02-28,VfL Bochum,Cottbus,1584.15,1563.76,4.0,7.0,7.0,8.0
2009-02-28,Borussia Dortmund,TSG Hoffenheim,1667.95,1652.82,2.0,2.0,6.0,6.0
2009-02-28,Eintracht Frankfurt,Schalke 04,1606.29,1739.1,4.0,4.0,4.0,5.0
2009-02-28,Hannover,Bayer Leverkusen,1610.53,1716.2,1.0,3.0,5.0,5.0
2009-02-28,Hertha,MGladbach,1673.7,1541.46,4.0,5.0,10.0,5.0
2009-03-01,Hamburger SV,VfL Wolfsburg,1763.18,1721.3,6.0,9.0,12.0,10.0
2009-03-01,Karlsruhe,VfB Stuttgart,1536.6,1700.55,4.0,5.0,4.0,9.0
2009-03-01,Werder Bremen,Bayern Munich,1721.17,1839.18,1.0,3.0,4.0,4.0
2009-03-06,Schalke 04,1. FC Koln,1730.17,1583.29,4.0,5.0,7.0,7.0
2009-03-07,Bayern Munich,Hannover,1839.18,1610.29,1.0,4.0,4.0,7.0
2009-03-07,Cottbus,Hertha,1570.71,1680.32,4.0,6.0,7.0,10.0
2009-03-07,TSG Hoffenheim,Werder Bremen,1643.51,1721.17,2.0,2.0,6.0,2.0
2009-03-07,MGladbach,Hamburger SV,1549.83,1763.18,4.0,6.0,5.0,9.0
2009-03-07,VfB Stuttgart,Borussia Dortmund,1700.55,1661.74,5.0,3.0,11.0,4.0
2009-03-07,VfL Wolfsburg,Karlsruhe,1721.3,1536.6,9.0,1.0,13.0,4.0
2009-03-08,Bielefeld,Eintracht Frankfurt,1578.52,1596.15,2.0,3.0,6.0,4.0
2009-03-08,Bayer Leverkusen,VfL Bochum,1710.61,1599.35,3.0,7.0,4.0,10.0
2009-03-13,VfL Wolfsburg,Schalke 04,1721.3,1730.17,9.0,7.0,15.0,10.0
2009-03-14,VfL Bochum,Bayern Munich,1599.35,1839.18,5.0,4.0,8.0,7.0
2009-03-14,Eintracht Frankfurt,TSG Hoffenheim,1596.15,1643.51,4.0,3.0,5.0,4.0
2009-03-14,1. FC Koln,MGladbach,1583.29,1549.83,4.0,6.0,6.0,8.0
2009-03-14,Hannover,Borussia Dortmund,1610.29,1661.74,3.0,2.0,4.0,3.0
2009-03-14,Hertha,Bayer Leverkusen,1680.32,1710.61,6.0,1.0,10.0,4.0
2009-03-14,Karlsruhe,Bielefeld,1536.6,1578.52,0.0,3.0,4.0,4.0
2009-03-15,Hamburger SV,Cottbus,1725.72,1561.89,3.0,3.0,6.0,7.0
2009-03-15,Werder Bremen,VfB Stuttgart,1727.98,1715.62,2.0,7.0,3.0,11.0
2009-03-20,MGladbach,VfL Bochum,1585.84,1599.19,6.0,4.0,10.0,8.0
2009-03-21,Bayern Munich,Karlsruhe,1857.02,1518.78,7.0,0.0,7.0,1.0
2009-03-21,Bielefeld,VfL Wolfsburg,1587.41,1747.0,5.0,9.0,6.0,15.0
2009-03-21,Cottbus,1. FC Koln,1561.89,1566.96,0.0,1.0,4.0,5.0
2009-03-21,Borussia Dortmund,Werder Bremen,1660.0,1727.98,2.0,5.0,4.0,6.0
2009-03-21,TSG Hoffenheim,Hannover,1646.35,1607.29,3.0,4.0,4.0,5.0
2009-03-21,Bayer Leverkusen,Eintracht Frankfurt,1701.07,1598.74,1.0,2.0,4.0,5.0
2009-03-21,VfB Stuttgart,Hertha,1715.62,1698.96,6.0,9.0,8.0,12.0
2009-03-22,Schalke 04,Hamburger SV,1729.33,1725.72,6.0,3.0,7.0,9.0
2009-04-03,Bielefeld,Schalke 04,1582.3,1724.78,4.0,3.0,6.0,7.0
2009-04-04,VfL Bochum,VfB Stuttgart,1614.62,1718.42,4.0,6.0,8.0,10.0
2009-04-04,Eintracht Frankfurt,Cottbus,1609.32,1549.35,3.0,0.0,6.0,3.0
2009-04-04,Hamburger SV,TSG Hoffenheim,1757.98,1648.4,6.0,3.0,9.0,5.0
2009-04-04,Hertha,Borussia Dortmund,1696.49,1673.47,6.0,4.0,9.0,6.0
2009-04-04,VfL Wolfsburg,Bayern Munich,1763.25,1863.58,9.0,9.0,15.0,10.0
2009-04-05,1. FC Koln,Bayer Leverkusen,1586.74,1701.63,3.0,2.0,7.0,2.0
2009-04-05,Karlsruhe,MGladbach,1523.37,1581.55,0.0,6.0,0.0,9.0
2009-04-05,Werder Bremen,Hannover,1740.79,1616.39,4.0,2.0,5.0,5.0
2009-04-11,Bayern Munich,Eintracht Frankfurt,1863.58,1609.32,6.0,5.0,10.0,6.0
2009-04-11,Cottbus,Bielefeld,1549.35,1582.3,0.0,3.0,0.0,5.0
2009-04-11,Borussia Dortmund,1. FC Koln,1673.47,1586.74,7.0,3.0,8.0,4.0
2009-04-11,Hannover,Hertha,1616.39,1696.49,2.0,3.0,5.0,9.0
2009-04-11,TSG Hoffenheim,VfL Bochum,1648.4,1614.62,2.0,3.0,4.0,7.0
2009-04-11,MGladbach,VfL Wolfsburg,1581.55,1763.25,4.0,9.0,7.0,15.0
2009-04-11,Schalke 04,Karlsruhe,1724.78,1523.37,3.0,1.0,9.0,1.0
2009-04-12,Bayer Leverkusen,Werder Bremen,1701.63,1740.79,4.0,6.0,5.0,8.0
2009-04-12,VfB Stuttgart,Hamburger SV,1718.42,1757.98,6.0,9.0,12.0,9.0
2009-04-17,Schalke 04,Cottbus,1738.98,1553.09,6.0,3.0,9.0,3.0
2009-04-18,Bielefeld,Bayern Munich,1567.7,1842.16,0.0,6.0,4.0,12.0
2009-04-18,VfL Bochum,Borussia Dortmund,1628.19,1695.6,6.0,9.0,7.0,10.0
2009-04-18,Eintracht Frankfurt,MGladbach,1611.7,1578.96,4.0,1.0,6.0,7.0
2009-04-18,1. FC Koln,VfB Stuttgart,1573.33,1734.32,3.0,9.0,3.0,12.0
2009-04-18,Karlsruhe,TSG Hoffenheim,1521.12,1627.17,1.0,1.0,1.0,3.0
2009-04-18,VfL Wolfsburg,Bayer Leverkusen,1786.43,1712.01,9.0,5.0,15.0,6.0
2009-04-19,Hamburger SV,Hannover,1765.04,1623.35,6.0,4.0,9.0,5.0
2009-04-19,Hertha,Werder Bremen,1671.77,1755.89,0.0,4.0,6.0,8.0
2009-04-24,TSG Hoffenheim,Hertha,1627.17,1671.77,1.0,3.0,3.0,6.0
2009-04-25,Bayern Munich,Schalke 04,1842.16,1738.98,6.0,9.0,12.0,9.0
2009-04-25,Borussia Dortmund,Hamburger SV,1695.6,1765.04,9.0,6.0,13.0,12.0
2009-04-25,Hannover,1. FC Koln,1623.35,1573.33,3.0,0.0,5.0,3.0
2009-04-25,Bayer Leverkusen,Karlsruhe,1712.01,1521.12,4.0,2.0,5.0,2.0
2009-04-25,VfB Stuttgart,Eintracht Frankfurt,1734.32,1611.7,9.0,6.0,12.0,8.0
2009-04-25,Werder Bremen,VfL Bochum,1755.89,1628.19,4.0,3.0,7.0,6.0
2009-04-26,Cottbus,VfL Wolfsburg,1553.09,1786.43,3.0,9.0,3.0,15.0
2009-04-26,MGladbach,Bielefeld,1578.96,1567.7,1.0,0.0,4.0,3.0
2009-05-01,VfL Bochum,Hannover,1613.94,1625.82,3.0,6.0,6.0,7.0
2009-05-02,Bayern Munich,MGladbach,1833.36,1568.37,6.0,1.0,9.0,2.0
2009-05-02,Bielefeld,VfB Stuttgart,1567.44,1750.17,1.0,9.0,1.0,15.0
2009-05-02,Eintracht Frankfurt,Borussia Dortmund,1616.86,1719.18,3.0,9.0,7.0,15.0
2009-05-02,Karlsruhe,Cottbus,1536.76,1565.6,4.0,6.0,5.0,6.0
2009-05-02,Schalke 04,Bayer Leverkusen,1757.51,1694.55,9.0,1.0,12.0,5.0
2009-05-02,VfL Wolfsburg,TSG Hoffenheim,1774.79,1618.6,6.0,1.0,12.0,2.0
2009-05-03,1. FC Koln,Werder Bremen,1559.32,1746.02,0.0,4.0,3.0,7.0
2009-05-03,Hamburger SV,Hertha,1767.51,1689.56,3.0,6.0,9.0,6.0
2009-05-08,Bayer Leverkusen,Bielefeld,1694.55,1567.44,3.0,2.0,7.0,2.0
2009-05-09,Cottbus,Bayern Munich,1565.6,1833.36,4.0,6.0,7.0,9.0
2009-05-09,Borussia Dortmund,Karlsruhe,1719.18,1536.76,9.0,5.0,15.0,6.0
2009-05-09,Hannover,Eintracht Frankfurt,1625.82,1616.86,6.0,3.0,9.0,6.0
2009-05-09,Hertha,VfL Bochum,1689.56,1613.94,7.0,0.0,7.0,3.0
2009-05-09,TSG Hoffenheim,1. FC Koln,1618.6,1559.32,1.0,3.0,1.0,3.0
2009-05-09,VfB Stuttgart,VfL Wolfsburg,1750.17,1774.79,7.0,6.0,13.0,12.0
2009-05-10,MGladbach,Schalke 04,1568.37,1757.51,1.0,6.0,2.0,12.0
2009-05-10,Werder Bremen,Hamburger SV,1746.02,1767.51,3.0,4.0,7.0,7.0
2009-05-12,Bayern Munich,Bayer Leverkusen,1833.36,1694.55,6.0,4.0,12.0,5.0
2009-05-12,1. FC Koln,Hertha,1559.32,1689.56,3.0,7.0,3.0,10.0
2009-05-12,Karlsruhe,Hannover,1536.76,1625.82,4.0,7.0,5.0,10.0
2009-05-12,VfL Wolfsburg,Borussia Dortmund,1774.79,1719.18,3.0,9.0,9.0,15.0
2009-05-13,Bielefeld,TSG Hoffenheim,1567.44,1618.6,3.0,3.0,3.0,4.0
2009-05-13,Cottbus,MGladbach,1565.6,1568.37,4.0,4.0,7.0,4.0
2009-05-13,Eintracht Frankfurt,Werder Bremen,1616.86,1746.02,1.0,6.0,4.0,7.0
2009-05-13,Hamburger SV,VfL Bochum,1767.51,1613.94,1.0,0.0,4.0,3.0
2009-05-13,Schalke 04,VfB Stuttgart,1757.51,1750.17,3.0,7.0,9.0,13.0
2009-05-16,VfL Bochum,Eintracht Frankfurt,1590.03,1595.98,0.0,1.0,0.0,4.0
2009-05-16,Borussia Dortmund,Bielefeld,1725.59,1563.07,6.0,2.0,12.0,3.0
2009-05-16,Hamburger SV,1. FC Koln,1742.58,1556.3,4.0,3.0,7.0,3.0
2009-05-16,Hannover,VfL Wolfsburg,1643.69,1777.84,7.0,6.0,10.0,9.0
2009-05-16,Hertha,Schalke 04,1706.21,1725.57,7.0,0.0,13.0,6.0
2009-05-16,TSG Hoffenheim,Bayern Munich,1632.76,1845.41,6.0,9.0,7.0,12.0
2009-05-16,Bayer Leverkusen,MGladbach,1695.3,1587.3,4.0,6.0,4.0,7.0
2009-05-16,VfB Stuttgart,Cottbus,1768.46,1552.01,7.0,1.0,13.0,4.0
2009-05-16,Werder Bremen,Karlsruhe,1774.07,1523.16,6.0,1.0,9.0,5.0
2009-05-23,Bayern Munich,VfB Stuttgart,1845.41,1768.46,7.0,9.0,10.0,13.0
2009-05-23,Bielefeld,Hannover,1563.07,1643.69,1.0,4.0,3.0,10.0
2009-05-23,Cottbus,Bayer Leverkusen,1552.01,1695.3,0.0,4.0,4.0,7.0
2009-05-23,Eintracht Frankfurt,Hamburger SV,1595.98,1742.58,1.0,3.0,1.0,4.0
2009-05-23,1. FC Koln,VfL Bochum,1556.3,1590.03,3.0,3.0,6.0,3.0
2009-05-23,Karlsruhe,Hertha,1523.16,1706.21,3.0,7.0,7.0,11.0
2009-05-23,MGladbach,Borussia Dortmund,1587.3,1725.59,6.0,6.0,7.0,12.0
2009-05-23,Schalke 04,TSG Hoffenheim,1725.57,1632.76,1.0,7.0,4.0,7.0
2009-05-23,VfL Wolfsburg,Werder Bremen,1777.84,1774.07,6.0,6.0,9.0,9.0
2009-08-07,VfL Wolfsburg,VfB Stuttgart,1801.05,1766.28,9.0,6.0,12.0,10.0
2009-08-08,Borussia Dortmund,1. FC Koln,1729.84,1568.35,4.0,4.0,10.0,7.0
2009-08-08,Hertha,Hannover,1683.23,1629.0,4.0,4.0,8.0,8.0
2009-08-08,TSG Hoffenheim,Bayern Munich,1648.04,1845.57,7.0,7.0,10.0,13.0
2009-08-08,FSV Mainz 05,Bayer Leverkusen,1582.55,1685.66,9.0,3.0,12.0,7.0
2009-08-08,Nurnberg,Schalke 04,1635.51,1714.29,7.0,1.0,11.0,1.0
2009-08-08,Werder Bremen,Eintracht Frankfurt,1736.41,1580.19,3.0,0.0,6.0,1.0
2009-08-09,VfL Bochum,MGladbach,1599.49,1580.43,4.0,4.0,4.0,7.0
2009-08-09,SC Freiburg,Hamburger SV,1581.84,1738.16,4.0,6.0,10.0,7.0
2009-08-15,Bayern Munich,Werder Bremen,1842.12,1722.73,5.0,0.0,11.0,6.0
2009-08-15,Eintracht Frankfurt,Nurnberg,1593.43,1627.0,3.0,4.0,4.0,8.0
2009-08-15,1. FC Koln,VfL Wolfsburg,1565.3,1807.91,4.0,9.0,4.0,12.0
2009-08-15,Hamburger SV,Borussia Dortmund,1735.2,1732.45,4.0,7.0,7.0,10.0
2009-08-15,Hannover,FSV Mainz 05,1623.96,1582.96,1.0,7.0,5.0,10.0
2009-08-15,Bayer Leverkusen,TSG Hoffenheim,1684.81,1651.05,4.0,5.0,5.0,11.0
2009-08-15,VfB Stuttgart,SC Freiburg,1758.98,1583.71,3.0,4.0,9.0,8.0
2009-08-16,MGladbach,Hertha,1583.04,1687.83,2.0,4.0,8.0,10.0
2009-08-16,Schalke 04,VfL Bochum,1722.36,1596.44,4.0,5.0,4.0,5.0
2009-08-21,TSG Hoffenheim,Schalke 04,1651.05,1722.36,4.0,6.0,8.0,7.0
2009-08-22,Borussia Dortmund,VfB Stuttgart,1732.45,1758.98,4.0,3.0,7.0,9.0
2009-08-22,1. FC Koln,Eintracht Frankfurt,1565.3,1593.43,1.0,4.0,4.0,4.0
2009-08-22,SC Freiburg,Bayer Leverkusen,1583.71,1684.81,4.0,4.0,5.0,7.0
2009-08-22,FSV Mainz 05,Bayern Munich,1582.96,1842.12,5.0,5.0,11.0,9.0
2009-08-22,Nurnberg,Hannover,1627.0,1623.96,4.0,2.0,8.0,5.0
2009-08-23,VfL Bochum,Hertha,1596.44,1687.83,2.0,3.0,5.0,7.0
2009-08-23,Werder Bremen,MGladbach,1722.73,1583.04,1.0,5.0,4.0,8.0
2009-08-23,VfL Wolfsburg,Hamburger SV,1807.91,1735.2,9.0,7.0,15.0,10.0
2009-08-28,MGladbach,FSV Mainz 05,1583.04,1582.96,4.0,5.0,5.0,11.0
2009-08-29,Bayern Munich,VfL Wolfsburg,1842.12,1807.91,2.0,6.0,6.0,12.0
2009-08-29,Eintracht Frankfurt,Borussia Dortmund,1593.43,1732.45,5.0,4.0,5.0,8.0
2009-08-29,Hannover,TSG Hoffenheim,1623.96,1651.05,4.0,2.0,5.0,6.0
2009-08-29,Bayer Leverkusen,VfL Bochum,1684.81,1596.44,7.0,4.0,10.0,8.0
2009-08-29,Schalke 04,SC Freiburg,1722.36,1583.71,7.0,1.0,8.0,4.0
2009-08-29,VfB Stuttgart,Nurnberg,1758.98,1627.0,4.0,1.0,7.0,5.0
2009-08-30,Hamburger SV,1. FC Koln,1735.2,1565.3,7.0,1.0,10.0,5.0
2009-08-30,Hertha,Werder Bremen,1687.83,1722.73,3.0,4.0,4.0,4.0
2009-09-12,Borussia Dortmund,Bayern Munich,1724.73,1839.18,2.0,4.0,6.0,8.0
2009-09-12,SC Freiburg,Eintracht Frankfurt,1582.86,1600.0,3.0,3.0,7.0,6.0
2009-09-12,Hamburger SV,VfB Stuttgart,1775.89,1766.43,9.0,5.0,13.0,5.0
2009-09-12,TSG Hoffenheim,VfL Bochum,1660.78,1600.16,4.0,3.0,8.0,5.0
2009-09-12,FSV Mainz 05,Hertha,1594.5,1673.44,4.0,0.0,8.0,3.0
2009-09-12,Nurnberg,MGladbach,1624.86,1600.32,2.0,6.0,5.0,8.0
2009-09-12,VfL Wolfsburg,Bayer Leverkusen,1793.51,1714.85,3.0,9.0,9.0,10.0
2009-09-13,1. FC Koln,Schalke 04,1559.95,1719.62,1.0,4.0,2.0,7.0
2009-09-13,Werder Bremen,Hannover,1747.2,1630.44,7.0,4.0,7.0,5.0
2009-09-18,Schalke 04,VfL Wolfsburg,1725.63,1782.08,4.0,0.0,10.0,6.0
2009-09-19,Bayern Munich,Nurnberg,1853.03,1630.49,6.0,4.0,8.0,5.0
2009-09-19,VfL Bochum,FSV Mainz 05,1591.85,1602.7,3.0,6.0,4.0,8.0
2009-09-19,Hannover,Borussia Dortmund,1635.52,1710.88,4.0,2.0,5.0,5.0
2009-09-19,MGladbach,TSG Hoffenheim,1594.69,1669.09,3.0,7.0,7.0,8.0
2009-09-19,VfB Stuttgart,1. FC Koln,1758.12,1553.94,2.0,1.0,5.0,1.0
2009-09-20,Eintracht Frankfurt,Hamburger SV,1613.63,1784.2,5.0,9.0,9.0,13.0
2009-09-20,Hertha,SC Freiburg,1665.24,1569.23,0.0,3.0,3.0,4.0
2009-09-20,Bayer Leverkusen,Werder Bremen,1726.28,1742.12,9.0,7.0,13.0,8.0
2009-09-25,Nurnberg,VfL Bochum,1630.49,1591.85,4.0,0.0,5.0,3.0
2009-09-26,Borussia Dortmund,Schalke 04,1710.88,1725.63,2.0,3.0,3.0,7.0
2009-09-26,Eintracht Frankfurt,VfB Stuttgart,1613.63,1758.12,5.0,1.0,7.0,5.0
2009-09-26,1. FC Koln,Bayer Leverkusen,1553.94,1726.28,3.0,7.0,4.0,13.0
2009-09-26,Hamburger SV,Bayern Munich,1784.2,1853.03,7.0,9.0,13.0,10.0
2009-09-26,Werder Bremen,FSV Mainz 05,1742.12,1602.7,5.0,6.0,9.0,10.0
2009-09-26,VfL Wolfsburg,Hannover,1782.08,1635.52,3.0,2.0,6.0,6.0
2009-09-27,SC Freiburg,MGladbach,1569.23,1594.69,6.0,3.0,6.0,6.0
2009-09-27,TSG Hoffenheim,Hertha,1669.09,1665.24,9.0,0.0,10.0,0.0
2009-10-02,Schalke 04,Eintracht Frankfurt,1719.34,1596.36,6.0,4.0,7.0,6.0
2009-10-03,Bayern Munich,1. FC Koln,1841.94,1560.29,6.0,3.0,9.0,4.0
2009-10-03,VfL Bochum,VfL Wolfsburg,1585.42,1789.86,3.0,6.0,6.0,6.0
2009-10-03,Hannover,SC Freiburg,1623.63,1595.65,2.0,6.0,5.0,9.0
2009-10-03,Bayer Leverkusen,Nurnberg,1722.93,1609.43,7.0,3.0,13.0,4.0
2009-10-03,FSV Mainz 05,TSG Hoffenheim,1599.0,1682.93,6.0,9.0,9.0,13.0
2009-10-03,MGladbach,Borussia Dortmund,1565.22,1693.14,0.0,1.0,3.0,3.0
2009-10-04,Hertha,Hamburger SV,1614.22,1763.71,0.0,7.0,0.0,13.0
2009-10-04,VfB Stuttgart,Werder Bremen,1734.42,1747.24,3.0,5.0,5.0,11.0
2009-10-17,Eintracht Frankfurt,Hannover,1593.24,1635.09,1.0,4.0,5.0,5.0
2009-10-17,1. FC Koln,FSV Mainz 05,1570.04,1609.24,4.0,6.0,4.0,9.0
2009-10-17,SC Freiburg,Bayern Munich,1588.25,1836.25,6.0,4.0,9.0,10.0
2009-10-17,Hamburger SV,Bayer Leverkusen,1776.86,1732.56,7.0,7.0,13.0,13.0
2009-10-17,Nurnberg,Hertha,1603.86,1603.89,0.0,0.0,4.0,0.0
2009-10-17,VfB Stuttgart,Schalke 04,1723.16,1726.51,3.0,6.0,4.0,9.0
2009-10-17,Werder Bremen,TSG Hoffenheim,1769.95,1676.75,7.0,6.0,11.0,12.0
2009-10-18,Borussia Dortmund,VfL Bochum,1701.71,1591.02,4.0,4.0,5.0,4.0
2009-10-18,VfL Wolfsburg,MGladbach,1788.32,1560.71,7.0,0.0,7.0,3.0
2009-10-23,Bayer Leverkusen,Borussia Dortmund,1732.56,1701.71,7.0,6.0,11.0,7.0
2009-10-24,Bayern Munich,Eintracht Frankfurt,1836.25,1593.24,4.0,3.0,10.0,7.0
2009-10-24,Hannover,VfB Stuttgart,1635.09,1723.16,3.0,3.0,5.0,3.0
2009-10-24,TSG Hoffenheim,Nurnberg,1676.75,1603.86,3.0,3.0,9.0,6.0
2009-10-24,FSV Mainz 05,SC Freiburg,1609.24,1588.25,3.0,3.0,9.0,6.0
2009-10-24,MGladbach,1. FC Koln,1560.71,1570.04,0.0,4.0,0.0,7.0
2009-10-25,VfL Bochum,Werder Bremen,1591.02,1769.95,4.0,9.0,4.0,11.0
2009-10-25,Hertha,VfL Wolfsburg,1603.89,1788.32,0.0,7.0,0.0,10.0
2009-10-25,Schalke 04,Hamburger SV,1726.51,1776.86,9.0,7.0,12.0,11.0
2009-10-30,Borussia Dortmund,Hertha,1701.71,1603.89,7.0,1.0,8.0,1.0
2009-10-31,1. FC Koln,Hannover,1570.04,1635.09,5.0,6.0,8.0,7.0
2009-10-31,Hamburger SV,MGladbach,1776.86,1560.71,5.0,1.0,9.0,1.0
2009-10-31,Nurnberg,Werder Bremen,1603.86,1769.95,3.0,9.0,3.0,13.0
2009-10-31,Schalke 04,Bayer Leverkusen,1726.51,1732.56,7.0,5.0,10.0,9.0
2009-10-31,VfB Stuttgart,Bayern Munich,1723.16,1836.25,0.0,7.0,3.0,10.0
2009-10-31,VfL Wolfsburg,FSV Mainz 05,1788.32,1609.24,5.0,6.0,11.0,9.0
2009-11-01,Eintracht Frankfurt,VfL Bochum,1588.07,1566.58,3.0,1.0,4.0,4.0
2009-11-01,SC Freiburg,TSG Hoffenheim,1564.07,1669.38,0.0,3.0,6.0,9.0
2009-11-06,Bayer Leverkusen,Eintracht Frankfurt,1724.74,1588.07,3.0,6.0,9.0,6.0
2009-11-07,Bayern Munich,Schalke 04,1823.23,1723.16,7.0,5.0,8.0,11.0
2009-11-07,VfL Bochum,SC Freiburg,1566.58,1564.07,0.0,0.0,4.0,3.0
2009-11-07,TSG Hoffenheim,VfL Wolfsburg,1669.38,1764.28,6.0,5.0,9.0,9.0
2009-11-07,FSV Mainz 05,Nurnberg,1607.78,1598.69,4.0,4.0,7.0,4.0
2009-11-07,MGladbach,VfB Stuttgart,1561.53,1688.39,4.0,1.0,4.0,4.0
2009-11-08,Hannover,Hamburger SV,1634.13,1755.17,6.0,2.0,9.0,8.0
2009-11-08,Hertha,1. FC Koln,1569.15,1559.93,1.0,4.0,1.0,5.0
2009-11-08,Werder Bremen,Borussia Dortmund,1767.27,1704.77,7.0,7.0,13.0,10.0
2009-11-21,Borussia Dortmund,FSV Mainz 05,1711.35,1616.87,5.0,7.0,11.0,10.0
2009-11-21,Eintracht Frankfurt,MGladbach,1589.74,1566.29,3.0,5.0,6.0,5.0
2009-11-21,1. FC Koln,TSG Hoffenheim,1573.15,1672.29,4.0,6.0,8.0,6.0
2009-11-21,SC Freiburg,Werder Bremen,1569.95,1769.06,3.0,5.0,3.0,11.0
2009-11-21,Schalke 04,Hannover,1730.29,1638.42,3.0,7.0,9.0,10.0
2009-11-21,VfB Stuttgart,Hertha,1695.95,1570.14,2.0,1.0,2.0,1.0
2009-11-21,VfL Wolfsburg,Nurnberg,1786.04,1595.47,5.0,1.0,9.0,4.0
2009-11-22,Bayern Munich,Bayer Leverkusen,1807.9,1734.69,5.0,5.0,9.0,9.0
2009-11-22,Hamburger SV,VfL Bochum,1750.72,1553.85,2.0,0.0,6.0,1.0
2009-11-27,VfL Bochum,1. FC Koln,1553.85,1573.15,3.0,3.0,3.0,7.0
2009-11-28,Hertha,Eintracht Frankfurt,1570.14,1589.74,1.0,3.0,2.0,6.0
2009-11-28,TSG Hoffenheim,Borussia Dortmund,1672.29,1711.35,6.0,5.0,9.0,9.0
2009-11-28,FSV Mainz 05,Hamburger SV,1616.87,1750.72,5.0,1.0,8.0,3.0
2009-11-28,MGladbach,Schalke 04,1566.29,1730.29,7.0,5.0,8.0,9.0
2009-11-28,Nurnberg,SC Freiburg,1595.47,1569.95,4.0,3.0,7.0,3.0
2009-11-28,Werder Bremen,VfL Wolfsburg,1769.06,1786.04,5.0,4.0,11.0,8.0
2009-11-29,Hannover,Bayern Munich,1638.42,1807.9,4.0,3.0,7.0,9.0
2009-11-29,Bayer Leverkusen,VfB Stuttgart,1734.69,1695.95,5.0,3.0,7.0,3.0
2009-12-04,Bayern Munich,MGladbach,1816.49,1588.66,5.0,7.0,9.0,11.0
2009-12-05,Borussia Dortmund,Nurnberg,1717.32,1599.98,5.0,3.0,9.0,4.0
2009-12-05,Eintracht Frankfurt,FSV Mainz 05,1594.34,1624.2,3.0,5.0,6.0,9.0
2009-12-05,Hamburger SV,TSG Hoffenheim,1736.51,1679.09,2.0,3.0,3.0,9.0
2009-12-05,Hannover,Bayer Leverkusen,1625.01,1751.16,1.0,7.0,7.0,9.0
2009-12-05,VfB Stuttgart,VfL Bochum,1691.42,1567.22,2.0,4.0,3.0,4.0
2009-12-05,VfL Wolfsburg,SC Freiburg,1766.98,1570.89,4.0,6.0,6.0,6.0
2009-12-06,1. FC Koln,Werder Bremen,1562.18,1779.58,4.0,5.0,5.0,9.0
2009-12-06,Schalke 04,Hertha,1727.04,1563.13,4.0,1.0,6.0,2.0
2009-12-11,Hertha,Bayer Leverkusen,1563.13,1751.16,1.0,5.0,1.0,9.0
2009-12-12,VfL Bochum,Bayern Munich,1567.22,1816.49,5.0,7.0,5.0,9.0
2009-12-12,SC Freiburg,1. FC Koln,1570.89,1562.18,4.0,2.0,7.0,5.0
2009-12-12,TSG Hoffenheim,Eintracht Frankfurt,1679.09,1594.34,4.0,6.0,7.0,9.0
2009-12-12,MGladbach,Hannover,1588.66,1625.01,6.0,1.0,10.0,5.0
2009-12-12,Nurnberg,Hamburger SV,1599.98,1736.51,3.0,2.0,4.0,3.0
2009-12-12,Werder Bremen,Schalke 04,1779.58,1727.04,5.0,6.0,7.0,8.0
2009-12-13,FSV Mainz 05,VfB Stuttgart,1624.2,1691.42,2.0,2.0,6.0,4.0
2009-12-13,VfL Wolfsburg,Borussia Dortmund,1766.98,1717.32,2.0,7.0,6.0,11.0
2009-12-18,Schalke 04,FSV Mainz 05,1755.97,1623.86,6.0,2.0,10.0,6.0
2009-12-19,Bayern Munich,Hertha,1852.27,1574.52,9.0,1.0,11.0,2.0
2009-12-19,Borussia Dortmund,SC Freiburg,1748.67,1584.49,9.0,5.0,11.0,8.0
2009-12-19,Eintracht Frankfurt,VfL Wolfsburg,1617.53,1748.93,7.0,2.0,7.0,5.0
2009-12-19,Hannover,VfL Bochum,1625.31,1574.74,1.0,2.0,2.0,5.0
2009-12-19,Bayer Leverkusen,MGladbach,1754.99,1606.44,5.0,6.0,9.0,10.0
2009-12-19,VfB Stuttgart,TSG Hoffenheim,1700.72,1688.02,2.0,2.0,4.0,5.0
2009-12-20,1. FC Koln,Nurnberg,1577.71,1589.49,3.0,0.0,6.0,3.0
2009-12-20,Hamburger SV,Werder Bremen,1758.61,1773.93,5.0,2.0,6.0,6.0
2010-01-15,Bayern Munich,TSG Hoffenheim,1859.88,1683.31,9.0,2.0,13.0,5.0
2010-01-16,Eintracht Frankfurt,Werder Bremen,1624.11,1785.53,5.0,1.0,8.0,5.0
2010-01-16,Hamburger SV,SC Freiburg,1759.95,1585.59,7.0,2.0,8.0,5.0
2010-01-16,Hannover,Hertha,1619.24,1584.81,1.0,1.0,1.0,2.0
2010-01-16,Bayer Leverkusen,FSV Mainz 05,1762.8,1624.37,5.0,1.0,9.0,3.0
2010-01-16,MGladbach,VfL Bochum,1607.31,1589.5,3.0,4.0,9.0,8.0
2010-01-16,VfB Stuttgart,VfL Wolfsburg,1714.12,1751.03,5.0,2.0,6.0,3.0
2010-01-17,1. FC Koln,Borussia Dortmund,1594.48,1756.25,5.0,9.0,6.0,13.0
2010-01-17,Schalke 04,Nurnberg,1764.14,1581.41,9.0,0.0,12.0,3.0
2010-01-22,SC Freiburg,VfB Stuttgart,1585.59,1714.12,1.0,7.0,5.0,8.0
2010-01-23,VfL Bochum,Schalke 04,1589.5,1764.14,6.0,9.0,8.0,12.0
2010-01-23,Borussia Dortmund,Hamburger SV,1756.25,1759.95,9.0,9.0,15.0,11.0
2010-01-23,Hertha,MGladbach,1584.81,1607.31,4.0,3.0,4.0,6.0
2010-01-23,FSV Mainz 05,Hannover,1624.37,1619.24,1.0,0.0,2.0,1.0
2010-01-23,Nurnberg,Eintracht Frankfurt,1581.41,1624.11,0.0,5.0,0.0,11.0
2010-01-23,Werder Bremen,Bayern Munich,1785.53,1859.88,0.0,9.0,2.0,15.0
2010-01-24,TSG Hoffenheim,Bayer Leverkusen,1683.31,1762.8,1.0,7.0,2.0,11.0
2010-01-24,VfL Wolfsburg,1. FC Koln,1751.03,1594.48,1.0,4.0,3.0,6.0
2010-01-29,Hamburger SV,VfL Wolfsburg,1759.95,1751.03,6.0,1.0,10.0,2.0
2010-01-30,Bayern Munich,FSV Mainz 05,1859.88,1624.37,9.0,3.0,15.0,4.0
2010-01-30,Eintracht Frankfurt,1. FC Koln,1624.11,1594.48,5.0,6.0,9.0,8.0
2010-01-30,Hannover,Nurnberg,1619.24,1581.41,0.0,1.0,1.0,1.0
2010-01-30,Hertha,VfL Bochum,1584.81,1589.5,4.0,7.0,5.0,8.0
2010-01-30,MGladbach,Werder Bremen,1607.31,1785.53,1.0,0.0,4.0,1.0
2010-01-30,Schalke 04,TSG Hoffenheim,1764.14,1683.31,7.0,0.0,13.0,2.0
2010-01-31,Bayer Leverkusen,SC Freiburg,1762.8,1585.59,9.0,0.0,11.0,2.0
2010-01-31,VfB Stuttgart,Borussia Dortmund,1714.12,1756.25,9.0,9.0,11.0,15.0
2010-02-05,Werder Bremen,Hertha,1757.03,1599.07,0.0,5.0,0.0,6.0
2010-02-06,VfL Bochum,Bayer Leverkusen,1604.02,1783.71,5.0,9.0,8.0,13.0
2010-02-06,1. FC Koln,Hamburger SV,1612.35,1755.19,6.0,4.0,10.0,10.0
2010-02-06,SC Freiburg,Schalke 04,1571.89,1770.56,0.0,7.0,1.0,13.0
2010-02-06,TSG Hoffenheim,Hannover,1660.41,1581.47,0.0,0.0,1.0,0.0
2010-02-06,Nurnberg,VfB Stuttgart,1592.43,1743.68,4.0,9.0,4.0,13.0
2010-02-06,VfL Wolfsburg,Bayern Munich,1729.85,1874.67,1.0,9.0,2.0,15.0
2010-02-07,Borussia Dortmund,Eintracht Frankfurt,1755.14,1624.57,6.0,4.0,12.0,6.0
2010-02-07,FSV Mainz 05,MGladbach,1621.79,1610.02,3.0,4.0,4.0,7.0
2010-02-12,MGladbach,Nurnberg,1610.02,1592.43,4.0,4.0,4.0,4.0
2010-02-13,Bayern Munich,Borussia Dortmund,1874.67,1755.14,9.0,3.0,15.0,9.0
2010-02-13,VfL Bochum,TSG Hoffenheim,1604.02,1660.41,3.0,3.0,9.0,3.0
2010-02-13,Hannover,Werder Bremen,1581.47,1757.03,0.0,3.0,0.0,3.0
2010-02-13,Hertha,FSV Mainz 05,1599.07,1621.79,2.0,6.0,5.0,6.0
2010-02-13,Bayer Leverkusen,VfL Wolfsburg,1783.71,1729.85,7.0,1.0,13.0,2.0
2010-02-13,VfB Stuttgart,Hamburger SV,1743.68,1755.19,9.0,2.0,15.0,8.0
2010-02-14,Eintracht Frankfurt,SC Freiburg,1624.57,1571.89,4.0,1.0,8.0,1.0
2010-02-14,Schalke 04,1. FC Koln,1770.56,1612.35,5.0,7.0,11.0,10.0
2010-02-19,TSG Hoffenheim,MGladbach,1665.18,1603.69,3.0,6.0,3.0,7.0
2010-02-20,Borussia Dortmund,Hannover,1742.52,1576.7,0.0,0.0,6.0,0.0
2010-02-20,1. FC Koln,VfB Stuttgart,1614.77,1749.36,4.0,6.0,7.0,12.0
2010-02-20,Hamburger SV,Eintracht Frankfurt,1752.78,1637.19,5.0,6.0,8.0,10.0
2010-02-20,FSV Mainz 05,VfL Bochum,1628.12,1607.41,4.0,5.0,7.0,9.0
2010-02-20,Nurnberg,Bayern Munich,1586.74,1882.53,3.0,9.0,4.0,15.0
2010-02-21,SC Freiburg,Hertha,1575.74,1595.79,1.0,2.0,1.0,6.0
2010-02-21,Werder Bremen,Bayer Leverkusen,1760.31,1780.32,6.0,7.0,6.0,13.0
2010-02-21,VfL Wolfsburg,Schalke 04,1721.99,1766.71,1.0,7.0,1.0,11.0
2010-02-26,Schalke 04,Borussia Dortmund,1766.71,1742.52,4.0,3.0,8.0,6.0
2010-02-27,VfL Bochum,Nurnberg,1607.41,1586.74,5.0,1.0,7.0,5.0
2010-02-27,Hertha,TSG Hoffenheim,1595.79,1665.18,4.0,4.0,6.0,4.0
2010-02-27,Bayer Leverkusen,1. FC Koln,1780.32,1614.77,5.0,1.0,11.0,7.0
2010-02-27,FSV Mainz 05,Werder Bremen,1628.12,1760.31,5.0,7.0,8.0,7.0
2010-02-27,MGladbach,SC Freiburg,1603.69,1575.74,4.0,1.0,8.0,1.0
2010-02-27,VfB Stuttgart,Eintracht Frankfurt,1749.36,1637.19,6.0,7.0,12.0,8.0
2010-02-28,Bayern Munich,Hamburger SV,1882.53,1752.78,7.0,5.0,13.0,6.0
2010-02-28,Hannover,VfL Wolfsburg,1576.7,1721.99,0.0,3.0,0.0,4.0
2010-03-06,Borussia Dortmund,MGladbach,1745.91,1619.05,3.0,5.0,3.0,8.0
2010-03-06,Eintracht Frankfurt,Schalke 04,1652.33,1779.22,4.0,6.0,7.0,10.0
2010-03-06,1. FC Koln,Bayern Munich,1612.84,1895.94,1.0,7.0,5.0,13.0
2010-03-06,SC Freiburg,Hannover,1567.73,1567.09,1.0,0.0,2.0,0.0
2010-03-06,Hamburger SV,Hertha,1773.46,1600.0,4.0,4.0,6.0,5.0
2010-03-06,Werder Bremen,VfB Stuttgart,1793.29,1762.65,7.0,6.0,10.0,12.0
2010-03-06,VfL Wolfsburg,VfL Bochum,1757.66,1624.42,6.0,5.0,7.0,7.0
2010-03-07,TSG Hoffenheim,FSV Mainz 05,1675.24,1630.68,4.0,2.0,7.0,5.0
2010-03-07,Nurnberg,Bayer Leverkusen,1598.53,1789.62,2.0,5.0,5.0,9.0
2010-03-12,Schalke 04,VfB Stuttgart,1779.22,1762.65,6.0,7.0,10.0,10.0
2010-03-13,Bayern Munich,SC Freiburg,1895.94,1567.73,5.0,1.0,11.0,2.0
2010-03-13,VfL Bochum,Borussia Dortmund,1624.42,1745.91,2.0,6.0,6.0,6.0
2010-03-13,Hannover,Eintracht Frankfurt,1567.09,1652.33,3.0,1.0,3.0,7.0
2010-03-13,Hertha,Nurnberg,1600.0,1598.53,3.0,5.0,4.0,5.0
2010-03-13,FSV Mainz 05,1. FC Koln,1630.68,1612.84,4.0,2.0,8.0,3.0
2010-03-13,MGladbach,VfL Wolfsburg,1619.05,1757.66,2.0,9.0,5.0,9.0
2010-03-14,TSG Hoffenheim,Werder Bremen,1675.24,1793.29,4.0,5.0,7.0,11.0
2010-03-14,Bayer Leverkusen,Hamburger SV,1789.62,1773.46,2.0,4.0,6.0,8.0
2010-03-19,1. FC Koln,MGladbach,1617.58,1607.03,2.0,1.0,2.0,5.0
2010-03-20,Borussia Dortmund,Bayer Leverkusen,1767.96,1792.92,6.0,4.0,9.0,8.0
2010-03-20,Eintracht Frankfurt,Bayern Munich,1638.55,1898.54,0.0,7.0,4.0,11.0
2010-03-20,SC Freiburg,FSV Mainz 05,1562.33,1652.56,1.0,6.0,1.0,8.0
2010-03-20,Nurnberg,TSG Hoffenheim,1624.41,1664.14,7.0,3.0,8.0,4.0
2010-03-20,VfB Stuttgart,Hannover,1764.08,1589.88,4.0,6.0,7.0,6.0
2010-03-20,Werder Bremen,VfL Bochum,1804.85,1613.1,7.0,1.0,11.0,5.0
2010-03-21,Hamburger SV,Schalke 04,1781.48,1801.34,3.0,9.0,7.0,12.0
2010-03-21,VfL Wolfsburg,Hertha,1781.97,1592.89,9.0,0.0,12.0,4.0
2010-03-26,VfL Bochum,Eintracht Frankfurt,1613.1,1638.55,0.0,3.0,2.0,4.0
2010-03-27,Bayern Munich,VfB Stuttgart,1898.54,1764.08,4.0,4.0,8.0,10.0
2010-03-27,Hannover,1. FC Koln,1589.88,1617.58,6.0,2.0,6.0,3.0
2010-03-27,Hertha,Borussia Dortmund,1592.89,1767.96,3.0,9.0,6.0,12.0
2010-03-27,Bayer Leverkusen,Schalke 04,1792.92,1801.34,3.0,7.0,5.0,10.0
2010-03-27,FSV Mainz 05,VfL Wolfsburg,1652.56,1781.97,6.0,6.0,7.0,12.0
2010-03-27,Werder Bremen,Nurnberg,1804.85,1624.41,7.0,7.0,11.0,9.0
2010-03-28,TSG Hoffenheim,SC Freiburg,1664.14,1562.33,1.0,3.0,5.0,4.0
2010-03-28,MGladbach,Hamburger SV,1607.03,1781.48,1.0,4.0,3.0,5.0
2010-04-03,Borussia Dortmund,Werder Bremen,1776.31,1800.4,7.0,9.0,10.0,13.0
2010-04-03,Eintracht Frankfurt,Bayer Leverkusen,1658.77,1766.71,6.0,3.0,6.0,4.0
2010-04-03,1. FC Koln,Hertha,1629.65,1622.49,4.0,4.0,6.0,4.0
2010-04-03,SC Freiburg,VfL Bochum,1574.17,1600.44,4.0,0.0,5.0,1.0
2010-04-03,Nurnberg,FSV Mainz 05,1618.48,1633.37,4.0,3.0,8.0,6.0
2010-04-03,Schalke 04,Bayern Munich,1813.88,1876.91,7.0,3.0,13.0,7.0
2010-04-03,VfB Stuttgart,MGladbach,1773.76,1618.6,6.0,4.0,10.0,5.0
2010-04-04,Hamburger SV,Hannover,1768.6,1569.19,1.0,3.0,4.0,6.0
2010-04-04,VfL Wolfsburg,TSG Hoffenheim,1768.8,1659.33,6.0,2.0,12.0,5.0
2010-04-09,MGladbach,Eintracht Frankfurt,1618.6,1658.77,4.0,9.0,4.0,9.0
2010-04-10,Hannover,Schalke 04,1569.19,1813.88,1.0,4.0,7.0,10.0
2010-04-10,Hertha,VfB Stuttgart,1622.49,1773.76,7.0,9.0,7.0,10.0
2010-04-10,TSG Hoffenheim,1. FC Koln,1659.33,1629.65,2.0,4.0,2.0,5.0
2010-04-10,Bayer Leverkusen,Bayern Munich,1766.71,1876.91,0.0,3.0,3.0,7.0
2010-04-10,FSV Mainz 05,Borussia Dortmund,1633.37,1776.31,0.0,7.0,6.0,13.0
2010-04-10,Werder Bremen,SC Freiburg,1800.4,1574.17,6.0,5.0,10.0,5.0
2010-04-11,VfL Bochum,Hamburger SV,1600.44,1768.6,1.0,2.0,1.0,5.0
2010-04-11,Nurnberg,VfL Wolfsburg,1618.48,1768.8,4.0,6.0,10.0,12.0
2010-04-16,1. FC Koln,VfL Bochum,1625.92,1594.71,6.0,1.0,7.0,1.0
2010-04-17,Bayern Munich,Hannover,1886.74,1591.27,4.0,4.0,7.0,7.0
2010-04-17,SC Freiburg,Nurnberg,1567.43,1618.26,2.0,3.0,5.0,7.0
2010-04-17,Hamburger SV,FSV Mainz 05,1774.94,1632.68,4.0,3.0,5.0,6.0
2010-04-17,Schalke 04,MGladbach,1787.46,1625.19,3.0,6.0,7.0,7.0
2010-04-17,VfB Stuttgart,Bayer Leverkusen,1781.78,1758.12,9.0,1.0,12.0,4.0
2010-04-17,VfL Wolfsburg,Werder Bremen,1766.36,1796.5,9.0,6.0,12.0,12.0
2010-04-18,Borussia Dortmund,TSG Hoffenheim,1771.39,1634.81,4.0,1.0,10.0,2.0
2010-04-18,Eintracht Frankfurt,Hertha,1655.43,1632.38,6.0,4.0,9.0,7.0
2010-04-23,VfL Bochum,VfB Stuttgart,1594.71,1781.78,1.0,9.0,1.0,15.0
2010-04-24,Hertha,Schalke 04,1632.38,1787.46,4.0,3.0,8.0,7.0
2010-04-24,Bayer Leverkusen,Hannover,1758.12,1591.27,1.0,4.0,1.0,4.0
2010-04-24,FSV Mainz 05,Eintracht Frankfurt,1632.68,1655.43,6.0,4.0,6.0,10.0
2010-04-24,MGladbach,Bayern Munich,1625.19,1886.74,3.0,7.0,7.0,7.0
2010-04-24,Nurnberg,Borussia Dortmund,1618.26,1771.39,3.0,4.0,4.0,8.0
2010-04-24,Werder Bremen,1. FC Koln,1796.5,1625.92,6.0,6.0,12.0,10.0
2010-04-25,SC Freiburg,VfL Wolfsburg,1567.43,1766.36,4.0,6.0,8.0,9.0
2010-04-25,TSG Hoffenheim,Hamburger SV,1634.81,1774.94,1.0,4.0,3.0,5.0
2010-05-01,Bayern Munich,VfL Bochum,1904.15,1581.77,5.0,0.0,8.0,1.0
2010-05-01,Borussia Dortmund,VfL Wolfsburg,1773.72,1745.33,4.0,3.0,8.0,9.0
2010-05-01,Eintracht Frankfurt,TSG Hoffenheim,1656.4,1660.89,2.0,4.0,8.0,5.0
2010-05-01,1. FC Koln,SC Freiburg,1633.04,1587.89,6.0,6.0,9.0,8.0
2010-05-01,Hamburger SV,Nurnberg,1732.96,1606.46,3.0,0.0,4.0,3.0
2010-05-01,Hannover,MGladbach,1584.27,1627.95,3.0,4.0,4.0,7.0
2010-05-01,Bayer Leverkusen,Hertha,1759.23,1630.89,4.0,1.0,4.0,5.0
2010-05-01,Schalke 04,Werder Bremen,1799.51,1813.17,6.0,9.0,9.0,12.0
2010-05-01,VfB Stuttgart,FSV Mainz 05,1795.98,1646.03,9.0,7.0,15.0,7.0
2010-05-08,VfL Bochum,Hannover,1581.77,1584.27,0.0,3.0,1.0,7.0
2010-05-08,SC Freiburg,Borussia Dortmund,1587.89,1773.72,7.0,5.0,8.0,8.0
2010-05-08,Hertha,Bayern Munich,1630.89,1904.15,2.0,7.0,5.0,11.0
2010-05-08,TSG Hoffenheim,VfB Stuttgart,1660.89,1795.98,7.0,7.0,7.0,13.0
2010-05-08,FSV Mainz 05,Schalke 04,1646.03,1799.51,5.0,6.0,8.0,6.0
2010-05-08,MGladbach,Bayer Leverkusen,1627.95,1759.23,1.0,4.0,4.0,5.0
2010-05-08,Nurnberg,1. FC Koln,1606.46,1633.04,0.0,4.0,3.0,7.0
2010-05-08,Werder Bremen,Hamburger SV,1813.17,1732.96,9.0,3.0,12.0,7.0
2010-05-08,VfL Wolfsburg,Eintracht Frankfurt,1745.33,1656.4,1.0,2.0,7.0,5.0
2010-08-20,Bayern Munich,VfL Wolfsburg,1895.94,1750.16,7.0,4.0,11.0,7.0
2010-08-21,1. FC Koln,Kaiserslautern,1619.17,1576.78,1.0,2.0,7.0,6.0
2010-08-21,SC Freiburg,FC St. Pauli,1603.07,1567.82,7.0,6.0,10.0,9.0
2010-08-21,Hamburger SV,Schalke 04,1740.92,1780.86,4.0,4.0,7.0,7.0
2010-08-21,Hannover,Eintracht Frankfurt,1612.82,1637.52,6.0,1.0,9.0,2.0
2010-08-21,TSG Hoffenheim,Werder Bremen,1668.71,1818.78,7.0,7.0,8.0,13.0
2010-08-21,MGladbach,Nurnberg,1610.14,1618.23,2.0,3.0,5.0,3.0
2010-08-22,Borussia Dortmund,Bayer Leverkusen,1752.03,1748.48,4.0,5.0,5.0,6.0
2010-08-22,FSV Mainz 05,VfB Stuttgart,1650.04,1785.88,3.0,5.0,9.0,11.0
2010-08-27,Kaiserslautern,Bayern Munich,1576.78,1895.94,5.0,9.0,8.0,13.0
2010-08-28,Eintracht Frankfurt,Hamburger SV,1637.52,1740.92,0.0,7.0,2.0,7.0
2010-08-28,Nurnberg,SC Freiburg,1618.23,1603.07,4.0,4.0,4.0,10.0
2010-08-28,Schalke 04,Hannover,1780.86,1612.82,1.0,9.0,7.0,9.0
2010-08-28,FC St. Pauli,TSG Hoffenheim,1567.82,1668.71,6.0,7.0,9.0,11.0
2010-08-28,Werder Bremen,1. FC Koln,1818.78,1619.17,4.0,1.0,10.0,4.0
2010-08-28,VfL Wolfsburg,FSV Mainz 05,1750.16,1650.04,4.0,5.0,4.0,9.0
2010-08-29,Bayer Leverkusen,MGladbach,1748.48,1610.14,5.0,2.0,8.0,3.0
2010-08-29,VfB Stuttgart,Borussia Dortmund,1785.88,1752.03,2.0,1.0,8.0,5.0
2010-09-10,TSG Hoffenheim,Schalke 04,1697.39,1764.05,7.0,1.0,13.0,4.0
2010-09-11,Bayern Munich,Werder Bremen,1883.79,1816.04,6.0,4.0,10.0,10.0
2010-09-11,Borussia Dortmund,VfL Wolfsburg,1757.64,1739.67,3.0,3.0,7.0,4.0
2010-09-11,SC Freiburg,VfB Stuttgart,1603.11,1762.23,6.0,1.0,10.0,5.0
2010-09-11,Hamburger SV,Nurnberg,1762.05,1613.6,7.0,4.0,10.0,4.0
2010-09-11,Hannover,Bayer Leverkusen,1637.39,1747.24,9.0,4.0,12.0,8.0
2010-09-11,MGladbach,Eintracht Frankfurt,1636.17,1625.54,5.0,0.0,6.0,1.0
2010-09-12,1. FC Koln,FC St. Pauli,1604.73,1579.84,0.0,3.0,1.0,9.0
2010-09-12,FSV Mainz 05,Kaiserslautern,1679.78,1615.93,7.0,7.0,9.0,8.0
2010-09-17,Eintracht Frankfurt,SC Freiburg,1645.47,1613.5,3.0,6.0,3.0,10.0
2010-09-18,Bayern Munich,1. FC Koln,1880.14,1610.54,4.0,3.0,10.0,4.0
2010-09-18,Kaiserslautern,TSG Hoffenheim,1610.91,1709.04,6.0,9.0,8.0,13.0
2010-09-18,VfB Stuttgart,MGladbach,1751.83,1616.23,0.0,4.0,2.0,5.0
2010-09-18,Werder Bremen,FSV Mainz 05,1819.69,1684.8,4.0,9.0,8.0,11.0
2010-09-18,VfL Wolfsburg,Hannover,1731.37,1638.67,0.0,7.0,4.0,13.0
2010-09-19,Bayer Leverkusen,Nurnberg,1745.96,1619.08,4.0,2.0,6.0,5.0
2010-09-19,Schalke 04,Borussia Dortmund,1752.4,1765.94,0.0,6.0,1.0,7.0
2010-09-19,FC St. Pauli,Hamburger SV,1574.03,1756.58,3.0,7.0,6.0,11.0
2010-09-21,Hannover,Werder Bremen,1638.67,1819.69,4.0,4.0,10.0,5.0
2010-09-21,TSG Hoffenheim,Bayern Munich,1709.04,1880.14,7.0,2.0,11.0,8.0
2010-09-21,FSV Mainz 05,1. FC Koln,1684.8,1610.54,9.0,4.0,13.0,4.0
2010-09-22,Borussia Dortmund,Kaiserslautern,1765.94,1610.91,9.0,4.0,9.0,8.0
2010-09-22,SC Freiburg,Schalke 04,1613.5,1752.4,9.0,0.0,12.0,1.0
2010-09-22,Hamburger SV,VfL Wolfsburg,1756.58,1731.37,5.0,3.0,9.0,6.0
2010-09-22,Bayer Leverkusen,Eintracht Frankfurt,1745.96,1645.47,2.0,3.0,6.0,3.0
2010-09-22,MGladbach,FC St. Pauli,1616.23,1574.03,3.0,1.0,5.0,4.0
2010-09-22,Nurnberg,VfB Stuttgart,1619.08,1751.83,2.0,3.0,6.0,4.0
2010-09-24,1. FC Koln,TSG Hoffenheim,1610.54,1709.04,4.0,4.0,4.0,10.0
2010-09-25,Bayern Munich,FSV Mainz 05,1880.14,1684.8,5.0,9.0,8.0,15.0
2010-09-25,Eintracht Frankfurt,Nurnberg,1645.47,1619.08,3.0,5.0,3.0,6.0
2010-09-25,Schalke 04,MGladbach,1752.4,1616.23,3.0,0.0,3.0,4.0
2010-09-25,FC St. Pauli,Borussia Dortmund,1574.03,1765.94,4.0,9.0,7.0,12.0
2010-09-25,VfB Stuttgart,Bayer Leverkusen,1751.83,1745.96,3.0,5.0,3.0,8.0
2010-09-25,Werder Bremen,Hamburger SV,1819.69,1756.58,1.0,2.0,4.0,8.0
2010-09-26,Kaiserslautern,Hannover,1610.91,1638.67,1.0,4.0,7.0,10.0
2010-09-26,VfL Wolfsburg,SC Freiburg,1731.37,1613.5,6.0,6.0,6.0,9.0
2010-10-01,Hannover,FC St. Pauli,1663.33,1585.13,6.0,4.0,10.0,4.0
2010-10-02,SC Freiburg,1. FC Koln,1617.6,1616.34,3.0,2.0,9.0,5.0
2010-10-02,Hamburger SV,Kaiserslautern,1738.29,1601.12,1.0,1.0,5.0,4.0
2010-10-02,FSV Mainz 05,TSG Hoffenheim,1727.56,1706.33,9.0,2.0,15.0,8.0
2010-10-02,MGladbach,VfL Wolfsburg,1606.86,1758.93,1.0,9.0,4.0,9.0
2010-10-02,Nurnberg,Schalke 04,1629.24,1750.27,4.0,4.0,5.0,4.0
2010-10-03,Borussia Dortmund,Bayern Munich,1788.62,1878.25,9.0,4.0,15.0,5.0
2010-10-03,Bayer Leverkusen,Werder Bremen,1772.58,1783.23,7.0,3.0,8.0,7.0
2010-10-03,VfB Stuttgart,Eintracht Frankfurt,1746.99,1644.89,3.0,3.0,3.0,6.0
2010-10-15,1. FC Koln,Borussia Dortmund,1609.82,1800.84,1.0,9.0,5.0,15.0
2010-10-16,Bayern Munich,Hannover,1866.03,1652.3,3.0,6.0,5.0,7.0
2010-10-16,FSV Mainz 05,Hamburger SV,1736.06,1741.77,9.0,3.0,15.0,5.0
2010-10-16,Schalke 04,VfB Stuttgart,1740.57,1734.95,4.0,0.0,4.0,3.0
2010-10-16,FC St. Pauli,Nurnberg,1596.15,1638.94,6.0,6.0,7.0,8.0
2010-10-16,Werder Bremen,SC Freiburg,1784.77,1624.12,4.0,3.0,5.0,9.0
2010-10-16,VfL Wolfsburg,Bayer Leverkusen,1756.45,1771.04,7.0,7.0,10.0,9.0
2010-10-17,TSG Hoffenheim,MGladbach,1697.83,1609.34,1.0,2.0,5.0,2.0
2010-10-17,Kaiserslautern,Eintracht Frankfurt,1597.63,1656.93,0.0,6.0,1.0,9.0
2010-10-22,Hamburger SV,Bayern Munich,1741.77,1866.03,6.0,3.0,7.0,7.0
2010-10-23,Eintracht Frankfurt,Schalke 04,1656.93,1740.57,9.0,2.0,9.0,5.0
2010-10-23,SC Freiburg,Kaiserslautern,1624.12,1597.63,3.0,0.0,6.0,1.0
2010-10-23,Hannover,1. FC Koln,1652.3,1609.82,3.0,1.0,6.0,2.0
2010-10-23,MGladbach,Werder Bremen,1609.34,1784.77,2.0,7.0,2.0,7.0
2010-10-23,Nurnberg,VfL Wolfsburg,1638.94,1756.45,3.0,4.0,7.0,10.0
2010-10-24,Borussia Dortmund,TSG Hoffenheim,1800.84,1697.83,9.0,4.0,15.0,5.0
2010-10-24,Bayer Leverkusen,FSV Mainz 05,1771.04,1736.06,7.0,6.0,11.0,12.0
2010-10-24,VfB Stuttgart,FC St. Pauli,1734.95,1596.15,1.0,6.0,4.0,10.0
2010-10-29,Bayern Munich,SC Freiburg,1866.03,1624.12,4.0,6.0,7.0,6.0
2010-10-30,1. FC Koln,Hamburger SV,1609.82,1741.77,0.0,7.0,1.0,7.0
2010-10-30,Kaiserslautern,MGladbach,1597.63,1609.34,0.0,1.0,0.0,2.0
2010-10-30,Schalke 04,Bayer Leverkusen,1740.57,1771.04,2.0,4.0,6.0,10.0
2010-10-30,FC St. Pauli,Eintracht Frankfurt,1596.15,1656.93,6.0,7.0,9.0,10.0
2010-10-30,Werder Bremen,Nurnberg,1784.77,1638.94,7.0,6.0,10.0,9.0
2010-10-30,VfL Wolfsburg,VfB Stuttgart,1756.45,1734.95,1.0,4.0,7.0,4.0
2010-10-31,TSG Hoffenheim,Hannover,1697.83,1652.3,4.0,3.0,5.0,9.0
2010-10-31,FSV Mainz 05,Borussia Dortmund,1736.06,1800.84,6.0,7.0,12.0,13.0
2010-11-05,Schalke 04,FC St. Pauli,1733.41,1588.04,2.0,3.0,3.0,6.0
2010-11-06,Eintracht Frankfurt,VfL Wolfsburg,1682.12,1747.17,7.0,3.0,13.0,7.0
2010-11-06,SC Freiburg,FSV Mainz 05,1623.83,1725.38,3.0,3.0,6.0,9.0
2010-11-06,Hamburger SV,TSG Hoffenheim,1742.78,1716.73,4.0,7.0,7.0,8.0
2010-11-06,MGladbach,Bayern Munich,1584.83,1871.91,0.0,7.0,2.0,7.0
2010-11-06,Nurnberg,1. FC Koln,1654.01,1609.83,6.0,3.0,9.0,4.0
2010-11-07,Hannover,Borussia Dortmund,1643.6,1807.68,3.0,7.0,6.0,13.0
2010-11-07,Bayer Leverkusen,Kaiserslautern,1773.4,1589.63,6.0,3.0,10.0,3.0
2010-11-07,VfB Stuttgart,Werder Bremen,1737.78,1782.75,4.0,6.0,4.0,10.0
2010-11-12,Borussia Dortmund,Hamburger SV,1807.68,1742.78,7.0,4.0,13.0,10.0
2010-11-13,1. FC Koln,MGladbach,1609.83,1584.83,3.0,1.0,3.0,2.0
2010-11-13,Kaiserslautern,VfB Stuttgart,1589.63,1737.78,3.0,6.0,3.0,7.0
2010-11-13,FSV Mainz 05,Hannover,1725.38,1643.6,3.0,3.0,6.0,3.0
2010-11-13,FC St. Pauli,Bayer Leverkusen,1588.04,1773.4,0.0,6.0,6.0,10.0
2010-11-13,Werder Bremen,Eintracht Frankfurt,1782.75,1682.12,3.0,7.0,7.0,13.0
2010-11-13,VfL Wolfsburg,Schalke 04,1747.17,1733.41,3.0,4.0,4.0,5.0
2010-11-14,Bayern Munich,Nurnberg,1871.91,1654.01,5.0,9.0,8.0,12.0
2010-11-14,TSG Hoffenheim,SC Freiburg,1716.73,1623.83,4.0,6.0,7.0,9.0
2010-11-20,Eintracht Frankfurt,TSG Hoffenheim,1697.95,1712.14,7.0,3.0,11.0,7.0
2010-11-20,SC Freiburg,Borussia Dortmund,1633.97,1825.87,6.0,9.0,9.0,13.0
2010-11-20,Hannover,Hamburger SV,1645.48,1743.0,3.0,3.0,6.0,7.0
2010-11-20,Bayer Leverkusen,Bayern Munich,1784.67,1871.68,9.0,7.0,12.0,11.0
2010-11-20,MGladbach,FSV Mainz 05,1611.76,1705.76,4.0,0.0,4.0,3.0
2010-11-20,Nurnberg,Kaiserslautern,1662.89,1590.14,6.0,4.0,9.0,4.0
2010-11-20,Schalke 04,Werder Bremen,1740.92,1748.13,4.0,1.0,6.0,7.0
2010-11-21,FC St. Pauli,VfL Wolfsburg,1578.56,1735.2,0.0,4.0,3.0,4.0
2010-11-21,VfB Stuttgart,1. FC Koln,1768.14,1583.18,4.0,3.0,8.0,3.0
2010-11-26,FSV Mainz 05,Nurnberg,1705.76,1662.89,3.0,3.0,6.0,9.0
2010-11-27,Bayern Munich,Eintracht Frankfurt,1871.68,1697.95,5.0,4.0,9.0,8.0
2010-11-27,Borussia Dortmund,MGladbach,1825.87,1611.76,9.0,4.0,13.0,4.0
2010-11-27,Hamburger SV,VfB Stuttgart,1743.0,1768.14,3.0,4.0,4.0,7.0
2010-11-27,Hannover,SC Freiburg,1645.48,1633.97,6.0,6.0,9.0,9.0
2010-11-27,TSG Hoffenheim,Bayer Leverkusen,1712.14,1784.67,3.0,7.0,7.0,10.0
2010-11-27,Kaiserslautern,Schalke 04,1590.14,1740.92,4.0,7.0,7.0,8.0
2010-11-28,1. FC Koln,VfL Wolfsburg,1583.18,1735.2,3.0,2.0,6.0,5.0
2010-11-28,Werder Bremen,FC St. Pauli,1748.13,1578.56,1.0,1.0,4.0,1.0
2010-12-03,FC St. Pauli,Kaiserslautern,1574.69,1628.67,1.0,7.0,1.0,10.0
2010-12-04,Eintracht Frankfurt,FSV Mainz 05,1672.74,1720.7,1.0,6.0,7.0,6.0
2010-12-04,SC Freiburg,Hamburger SV,1629.01,1742.93,3.0,3.0,6.0,6.0
2010-12-04,MGladbach,Hannover,1599.74,1663.24,3.0,9.0,4.0,9.0
2010-12-04,Schalke 04,Bayern Munich,1741.88,1870.28,4.0,7.0,7.0,11.0
2010-12-04,VfB Stuttgart,TSG Hoffenheim,1743.78,1719.15,1.0,4.0,4.0,7.0
2010-12-04,VfL Wolfsburg,Werder Bremen,1729.86,1732.56,3.0,4.0,6.0,4.0
2010-12-05,Bayer Leverkusen,1. FC Koln,1784.29,1597.87,5.0,4.0,11.0,7.0
2010-12-05,Nurnberg,Borussia Dortmund,1632.97,1833.76,0.0,9.0,6.0,15.0
2010-12-10,Hannover,VfB Stuttgart,1663.24,1743.78,9.0,1.0,12.0,5.0
2010-12-11,Bayern Munich,FC St. Pauli,1870.28,1574.69,4.0,4.0,8.0,4.0
2010-12-11,Borussia Dortmund,Werder Bremen,1833.76,1732.56,9.0,4.0,15.0,5.0
2010-12-11,1. FC Koln,Eintracht Frankfurt,1597.87,1672.74,4.0,3.0,4.0,7.0
2010-12-11,Hamburger SV,Bayer Leverkusen,1742.93,1784.29,3.0,5.0,6.0,11.0
2010-12-11,TSG Hoffenheim,Nurnberg,1719.15,1632.97,5.0,0.0,5.0,3.0
2010-12-11,Kaiserslautern,VfL Wolfsburg,1628.67,1729.86,6.0,3.0,7.0,4.0
2010-12-12,SC Freiburg,MGladbach,1629.01,1599.74,3.0,0.0,9.0,4.0
2010-12-12,FSV Mainz 05,Schalke 04,1720.7,1741.88,6.0,6.0,6.0,10.0
2010-12-17,MGladbach,Hamburger SV,1589.66,1728.56,0.0,3.0,3.0,3.0
2010-12-18,Eintracht Frankfurt,Borussia Dortmund,1678.61,1854.7,3.0,9.0,4.0,15.0
2010-12-18,Nurnberg,Hannover,1637.34,1685.48,1.0,9.0,1.0,15.0
2010-12-18,Schalke 04,1. FC Koln,1781.55,1610.31,6.0,4.0,10.0,7.0
2010-12-18,FC St. Pauli,FSV Mainz 05,1586.21,1711.17,3.0,3.0,4.0,6.0
2010-12-18,Werder Bremen,Kaiserslautern,1750.11,1628.83,4.0,4.0,5.0,8.0
2010-12-18,VfL Wolfsburg,TSG Hoffenheim,1733.64,1723.68,3.0,3.0,5.0,6.0
2010-12-19,Bayer Leverkusen,SC Freiburg,1810.15,1653.49,7.0,6.0,11.0,9.0
2010-12-19,VfB Stuttgart,Bayern Munich,1726.83,1869.5,1.0,6.0,2.0,10.0
2011-01-14,Bayer Leverkusen,Borussia Dortmund,1799.18,1841.91,7.0,6.0,9.0,12.0
2011-01-15,Nurnberg,MGladbach,1647.35,1583.03,4.0,0.0,4.0,0.0
2011-01-15,Schalke 04,Hamburger SV,1786.11,1734.25,9.0,3.0,12.0,6.0
2011-01-15,FC St. Pauli,SC Freiburg,1576.35,1658.72,3.0,7.0,4.0,7.0
2011-01-15,VfB Stuttgart,FSV Mainz 05,1722.64,1720.1,1.0,3.0,1.0,9.0
2011-01-15,Werder Bremen,TSG Hoffenheim,1737.08,1725.54,1.0,3.0,4.0,7.0
2011-01-15,VfL Wolfsburg,Bayern Munich,1730.85,1877.82,3.0,6.0,5.0,10.0
2011-01-16,Eintracht Frankfurt,Hannover,1688.74,1674.54,6.0,6.0,6.0,12.0
2011-01-16,Kaiserslautern,1. FC Koln,1640.93,1604.81,4.0,3.0,10.0,7.0
2011-01-21,Hamburger SV,Eintracht Frankfurt,1734.25,1688.74,6.0,3.0,9.0,6.0
2011-01-22,Bayern Munich,Kaiserslautern,1877.82,1640.93,7.0,5.0,10.0,8.0
2011-01-22,Borussia Dortmund,VfB Stuttgart,1854.25,1722.64,6.0,3.0,12.0,4.0
2011-01-22,1. FC Koln,Werder Bremen,1604.81,1737.08,4.0,3.0,5.0,7.0
2011-01-22,SC Freiburg,Nurnberg,1658.72,1647.35,5.0,4.0,8.0,4.0
2011-01-22,Hannover,Schalke 04,1674.54,1786.11,6.0,6.0,12.0,9.0
2011-01-22,FSV Mainz 05,VfL Wolfsburg,1720.1,1730.85,3.0,3.0,6.0,5.0
2011-01-23,TSG Hoffenheim,FC St. Pauli,1725.54,1576.35,2.0,1.0,4.0,4.0
2011-01-23,MGladbach,Bayer Leverkusen,1583.03,1786.84,3.0,4.0,3.0,8.0
2011-01-28,Bayer Leverkusen,Hannover,1786.84,1674.54,4.0,3.0,10.0,9.0
2011-01-29,Kaiserslautern,FSV Mainz 05,1640.93,1720.1,4.0,3.0,5.0,3.0
2011-01-29,Nurnberg,Hamburger SV,1647.35,1734.25,4.0,9.0,5.0,9.0
2011-01-29,Schalke 04,TSG Hoffenheim,1786.11,1725.54,6.0,2.0,12.0,4.0
2011-01-29,FC St. Pauli,1. FC Koln,1576.35,1604.81,2.0,4.0,5.0,7.0
2011-01-29,Werder Bremen,Bayern Munich,1737.08,1877.82,3.0,7.0,4.0,10.0
2011-01-29,VfL Wolfsburg,Borussia Dortmund,1730.85,1854.25,5.0,4.0,7.0,10.0
2011-01-30,Eintracht Frankfurt,MGladbach,1688.74,1583.03,3.0,3.0,6.0,3.0
2011-01-30,VfB Stuttgart,SC Freiburg,1722.64,1658.72,4.0,3.0,5.0,9.0
2011-02-04,Borussia Dortmund,Schalke 04,1861.16,1770.83,7.0,3.0,10.0,9.0
2011-02-05,1. FC Koln,Bayern Munich,1611.75,1887.68,4.0,7.0,7.0,13.0
2011-02-05,Hannover,VfL Wolfsburg,1678.88,1730.22,3.0,4.0,6.0,6.0
2011-02-05,TSG Hoffenheim,Kaiserslautern,1725.77,1625.87,4.0,1.0,6.0,5.0
2011-02-05,FSV Mainz 05,Werder Bremen,1712.83,1718.33,3.0,3.0,6.0,3.0
2011-02-05,MGladbach,VfB Stuttgart,1599.09,1722.38,6.0,4.0,6.0,4.0
2011-02-05,Nurnberg,Bayer Leverkusen,1651.59,1798.86,4.0,6.0,8.0,10.0
2011-02-06,SC Freiburg,Eintracht Frankfurt,1667.33,1655.37,5.0,0.0,9.0,3.0
2011-02-12,Bayern Munich,TSG Hoffenheim,1887.68,1725.77,6.0,7.0,10.0,8.0
2011-02-12,Eintracht Frankfurt,Bayer Leverkusen,1655.37,1798.86,1.0,6.0,4.0,7.0
2011-02-12,Kaiserslautern,Borussia Dortmund,1625.87,1861.16,0.0,5.0,4.0,8.0
2011-02-12,Schalke 04,SC Freiburg,1770.83,1667.33,4.0,5.0,7.0,7.0
2011-02-12,FC St. Pauli,MGladbach,1594.73,1599.09,5.0,3.0,5.0,6.0
2011-02-12,VfB Stuttgart,Nurnberg,1722.38,1651.59,4.0,7.0,7.0,10.0
2011-02-12,VfL Wolfsburg,Hamburger SV,1730.22,1737.27,3.0,6.0,5.0,9.0
2011-02-13,1. FC Koln,FSV Mainz 05,1611.75,1712.83,6.0,4.0,7.0,7.0
2011-02-13,Werder Bremen,Hannover,1718.33,1678.88,1.0,3.0,4.0,6.0
2011-02-16,Hamburger SV,FC St. Pauli,1737.27,1594.73,6.0,7.0,12.0,8.0
2011-02-18,Nurnberg,Eintracht Frankfurt,1661.69,1657.64,9.0,1.0,10.0,1.0
2011-02-19,Borussia Dortmund,FC St. Pauli,1856.9,1594.73,5.0,9.0,9.0,11.0
2011-02-19,SC Freiburg,VfL Wolfsburg,1665.06,1722.71,4.0,0.0,6.0,4.0
2011-02-19,Hamburger SV,Werder Bremen,1737.27,1720.07,3.0,2.0,9.0,5.0
2011-02-19,Hannover,Kaiserslautern,1686.39,1621.74,4.0,1.0,7.0,2.0
2011-02-19,TSG Hoffenheim,1. FC Koln,1729.9,1624.79,6.0,6.0,7.0,10.0
2011-02-19,FSV Mainz 05,Bayern Munich,1711.09,1874.65,4.0,6.0,4.0,10.0
2011-02-20,Bayer Leverkusen,VfB Stuttgart,1788.77,1728.71,6.0,3.0,9.0,7.0
2011-02-20,MGladbach,Schalke 04,1592.75,1775.09,3.0,4.0,6.0,7.0
2011-02-25,VfL Wolfsburg,MGladbach,1722.71,1592.75,0.0,3.0,3.0,6.0
2011-02-26,Bayern Munich,Borussia Dortmund,1874.65,1856.9,6.0,5.0,12.0,9.0
2011-02-26,1. FC Koln,SC Freiburg,1624.79,1665.06,7.0,4.0,10.0,8.0
2011-02-26,TSG Hoffenheim,FSV Mainz 05,1729.9,1711.09,4.0,1.0,8.0,4.0
2011-02-26,Kaiserslautern,Hamburger SV,1621.74,1737.27,1.0,6.0,1.0,9.0
2011-02-26,Schalke 04,Nurnberg,1775.09,1661.69,4.0,9.0,7.0,13.0
2011-02-26,FC St. Pauli,Hannover,1594.73,1686.39,6.0,7.0,10.0,7.0
2011-02-27,Eintracht Frankfurt,VfB Stuttgart,1657.64,1728.71,1.0,3.0,1.0,4.0
2011-02-27,Werder Bremen,Bayer Leverkusen,1720.07,1788.77,2.0,6.0,2.0,12.0
2011-03-04,Borussia Dortmund,1. FC Koln,1873.69,1651.3,7.0,7.0,11.0,10.0
2011-03-05,Eintracht Frankfurt,Kaiserslautern,1628.34,1622.61,0.0,2.0,1.0,2.0
2011-03-05,Hannover,Bayern Munich,1708.19,1883.2,7.0,6.0,10.0,9.0
2011-03-05,Bayer Leverkusen,VfL Wolfsburg,1818.85,1712.68,7.0,3.0,10.0,3.0
2011-03-05,MGladbach,TSG Hoffenheim,1594.81,1711.94,3.0,1.0,6.0,7.0
2011-03-05,Nurnberg,FC St. Pauli,1698.36,1609.27,7.0,3.0,13.0,9.0
2011-03-05,VfB Stuttgart,Schalke 04,1705.53,1770.82,3.0,4.0,6.0,5.0
2011-03-06,SC Freiburg,Werder Bremen,1664.86,1709.96,3.0,2.0,7.0,3.0
2011-03-06,Hamburger SV,FSV Mainz 05,1746.78,1705.23,4.0,3.0,7.0,7.0
2011-03-11,1. FC Koln,Hannover,1651.3,1708.19,4.0,9.0,10.0,13.0
2011-03-12,Bayern Munich,Hamburger SV,1883.2,1746.78,3.0,4.0,6.0,7.0
2011-03-12,TSG Hoffenheim,Borussia Dortmund,1711.94,1873.69,1.0,9.0,4.0,11.0
2011-03-12,Kaiserslautern,SC Freiburg,1622.61,1664.86,2.0,3.0,3.0,4.0
2011-03-12,Schalke 04,Eintracht Frankfurt,1770.82,1628.34,1.0,1.0,5.0,2.0
2011-03-12,Werder Bremen,MGladbach,1709.96,1594.81,4.0,6.0,6.0,6.0
2011-03-12,VfL Wolfsburg,Nurnberg,1712.68,1698.36,3.0,7.0,3.0,13.0
2011-03-13,FSV Mainz 05,Bayer Leverkusen,1705.23,1818.85,6.0,7.0,7.0,10.0
2011-03-13,FC St. Pauli,VfB Stuttgart,1609.27,1705.53,0.0,6.0,6.0,9.0
2011-03-18,MGladbach,Kaiserslautern,1613.54,1632.58,4.0,5.0,7.0,6.0
2011-03-19,Borussia Dortmund,FSV Mainz 05,1865.9,1714.13,6.0,6.0,10.0,6.0
2011-03-19,Eintracht Frankfurt,FC St. Pauli,1623.84,1593.57,1.0,0.0,1.0,3.0
2011-03-19,SC Freiburg,Bayern Munich,1646.46,1877.29,0.0,3.0,3.0,9.0
2011-03-19,Hamburger SV,1. FC Koln,1723.93,1666.29,1.0,6.0,4.0,10.0
2011-03-19,Hannover,TSG Hoffenheim,1707.83,1710.6,6.0,3.0,10.0,4.0
2011-03-19,Nurnberg,Werder Bremen,1718.82,1718.19,7.0,5.0,13.0,6.0
2011-03-20,Bayer Leverkusen,Schalke 04,1821.32,1782.02,7.0,4.0,13.0,7.0
2011-03-20,VfB Stuttgart,VfL Wolfsburg,1721.08,1697.06,9.0,3.0,9.0,3.0
2011-04-01,FC St. Pauli,Schalke 04,1580.55,1766.59,0.0,3.0,0.0,4.0
2011-04-02,Bayern Munich,MGladbach,1857.73,1597.18,6.0,4.0,9.0,7.0
2011-04-02,Borussia Dortmund,Hannover,1853.02,1709.56,4.0,6.0,10.0,12.0
2011-04-02,TSG Hoffenheim,Hamburger SV,1694.18,1726.65,3.0,3.0,4.0,7.0
2011-04-02,Kaiserslautern,Bayer Leverkusen,1634.24,1815.8,7.0,9.0,8.0,13.0
2011-04-02,FSV Mainz 05,SC Freiburg,1712.31,1634.8,4.0,0.0,7.0,3.0
2011-04-02,Werder Bremen,VfB Stuttgart,1724.45,1711.25,7.0,7.0,8.0,10.0
2011-04-03,1. FC Koln,Nurnberg,1648.88,1697.88,3.0,6.0,7.0,10.0
2011-04-03,VfL Wolfsburg,Eintracht Frankfurt,1692.2,1622.18,1.0,4.0,4.0,4.0
2011-04-08,Eintracht Frankfurt,Werder Bremen,1622.18,1724.45,4.0,5.0,5.0,9.0
2011-04-09,SC Freiburg,TSG Hoffenheim,1634.8,1694.18,1.0,4.0,1.0,4.0
2011-04-09,Hamburger SV,Borussia Dortmund,1726.65,1853.02,4.0,4.0,5.0,10.0
2011-04-09,Hannover,FSV Mainz 05,1709.56,1712.31,3.0,2.0,9.0,8.0
2011-04-09,Nurnberg,Bayern Munich,1697.88,1857.73,3.0,9.0,7.0,9.0
2011-04-09,Schalke 04,VfL Wolfsburg,1766.59,1692.2,6.0,2.0,7.0,5.0
2011-04-09,VfB Stuttgart,Kaiserslautern,1711.25,1634.24,5.0,6.0,11.0,8.0
2011-04-10,Bayer Leverkusen,FC St. Pauli,1815.8,1580.55,9.0,0.0,13.0,0.0
2011-04-10,MGladbach,1. FC Koln,1597.18,1648.88,1.0,6.0,4.0,9.0
2011-04-15,FSV Mainz 05,MGladbach,1706.81,1618.87,2.0,3.0,5.0,7.0
2011-04-16,1. FC Koln,VfB Stuttgart,1648.4,1704.74,3.0,2.0,6.0,8.0
2011-04-16,Hamburger SV,Hannover,1737.06,1720.56,5.0,6.0,5.0,9.0
2011-04-16,TSG Hoffenheim,Eintracht Frankfurt,1693.03,1634.41,1.0,5.0,4.0,6.0
2011-04-16,Kaiserslautern,Nurnberg,1653.14,1700.71,6.0,1.0,10.0,7.0
2011-04-16,Werder Bremen,Schalke 04,1728.96,1808.91,5.0,6.0,9.0,9.0
2011-04-16,VfL Wolfsburg,FC St. Pauli,1692.03,1579.15,2.0,0.0,2.0,0.0
2011-04-17,Bayern Munich,Bayer Leverkusen,1864.13,1830.29,7.0,9.0,10.0,15.0
2011-04-17,Borussia Dortmund,SC Freiburg,1864.6,1654.14,5.0,4.0,8.0,4.0
2011-04-21,SC Freiburg,Hannover,1654.14,1720.56,4.0,4.0,4.0,7.0
2011-04-23,Eintracht Frankfurt,Bayern Munich,1634.41,1864.13,2.0,7.0,5.0,13.0
2011-04-23,Bayer Leverkusen,TSG Hoffenheim,1830.29,1693.03,6.0,4.0,12.0,7.0
2011-04-23,MGladbach,Borussia Dortmund,1618.87,1864.6,3.0,7.0,4.0,8.0
2011-04-23,Schalke 04,Kaiserslautern,1808.91,1653.14,7.0,3.0,10.0,9.0
2011-04-23,FC St. Pauli,Werder Bremen,1579.15,1728.96,1.0,3.0,1.0,7.0
2011-04-23,VfB Stuttgart,Hamburger SV,1704.74,1737.06,4.0,3.0,8.0,6.0
2011-04-24,Nurnberg,FSV Mainz 05,1700.71,1706.81,4.0,4.0,7.0,5.0
2011-04-24,VfL Wolfsburg,1. FC Koln,1692.03,1648.4,2.0,3.0,3.0,6.0
2011-04-29,Kaiserslautern,FC St. Pauli,1653.14,1579.15,6.0,1.0,9.0,1.0
2011-04-29,Werder Bremen,VfL Wolfsburg,1728.96,1692.03,5.0,4.0,9.0,6.0
2011-04-30,Bayern Munich,Schalke 04,1864.13,1808.91,5.0,4.0,11.0,7.0
2011-04-30,Borussia Dortmund,Nurnberg,1864.6,1700.71,4.0,5.0,8.0,5.0
2011-04-30,1. FC Koln,Bayer Leverkusen,1648.4,1830.29,0.0,6.0,3.0,12.0
2011-04-30,Hamburger SV,SC Freiburg,1737.06,1654.14,2.0,3.0,6.0,4.0
2011-04-30,Hannover,MGladbach,1720.56,1618.87,7.0,6.0,10.0,6.0
2011-04-30,TSG Hoffenheim,VfB Stuttgart,1693.03,1704.74,3.0,6.0,4.0,8.0
2011-04-30,FSV Mainz 05,Eintracht Frankfurt,1706.81,1634.41,4.0,2.0,6.0,6.0
2011-05-07,Eintracht Frankfurt,1. FC Koln,1623.7,1641.15,1.0,3.0,3.0,6.0
2011-05-07,Bayer Leverkusen,Hamburger SV,1805.03,1704.14,3.0,1.0,9.0,3.0
2011-05-07,MGladbach,SC Freiburg,1636.96,1653.28,6.0,3.0,9.0,7.0
2011-05-07,Nurnberg,TSG Hoffenheim,1703.88,1683.21,4.0,3.0,5.0,4.0
2011-05-07,Schalke 04,FSV Mainz 05,1777.16,1719.01,1.0,7.0,7.0,8.0
2011-05-07,FC St. Pauli,Bayern Munich,1566.95,1875.87,1.0,7.0,1.0,11.0
2011-05-07,VfB Stuttgart,Hannover,1734.45,1719.08,9.0,4.0,10.0,7.0
2011-05-07,Werder Bremen,Borussia Dortmund,1724.53,1858.61,4.0,6.0,6.0,10.0
2011-05-07,VfL Wolfsburg,Kaiserslautern,1704.22,1658.85,7.0,6.0,8.0,9.0
2011-05-14,Bayern Munich,VfB Stuttgart,1875.87,1734.45,7.0,9.0,11.0,12.0
2011-05-14,Borussia Dortmund,Eintracht Frankfurt,1858.61,1623.7,3.0,1.0,7.0,2.0
2011-05-14,1. FC Koln,Schalke 04,1641.15,1777.16,6.0,0.0,6.0,4.0
2011-05-14,SC Freiburg,Bayer Leverkusen,1653.28,1805.03,3.0,4.0,6.0,7.0
2011-05-14,Hamburger SV,MGladbach,1704.14,1636.96,1.0,9.0,3.0,12.0
2011-05-14,Hannover,Nurnberg,1719.08,1703.88,3.0,1.0,7.0,5.0
2011-05-14,TSG Hoffenheim,VfL Wolfsburg,1683.21,1704.22,3.0,6.0,6.0,7.0
2011-05-14,Kaiserslautern,Werder Bremen,1658.85,1724.53,9.0,6.0,12.0,8.0
2011-05-14,FSV Mainz 05,FC St. Pauli,1719.01,1566.95,7.0,0.0,10.0,1.0
2011-08-05,Borussia Dortmund,Hamburger SV,1845.38,1702.56,6.0,2.0,9.0,3.0
2011-08-06,FC Augsburg,SC Freiburg,1615.69,1635.5,4.0,3.0,7.0,3.0
2011-08-06,1. FC Koln,VfL Wolfsburg,1660.79,1704.5,9.0,6.0,9.0,10.0
2011-08-06,Hannover,TSG Hoffenheim,1719.08,1677.25,3.0,3.0,7.0,6.0
2011-08-06,Hertha,Nurnberg,1691.11,1682.6,6.0,0.0,12.0,4.0
2011-08-06,VfB Stuttgart,Schalke 04,1734.51,1745.75,6.0,0.0,12.0,1.0
2011-08-06,Werder Bremen,Kaiserslautern,1727.68,1675.13,3.0,9.0,7.0,12.0
2011-08-07,Bayern Munich,MGladbach,1883.56,1656.52,9.0,7.0,13.0,10.0
2011-08-07,FSV Mainz 05,Bayer Leverkusen,1731.36,1803.66,9.0,4.0,13.0,7.0
2011-08-13,SC Freiburg,FSV Mainz 05,1635.5,1731.36,1.0,9.0,4.0,13.0
2011-08-13,Hamburger SV,Hertha,1702.56,1691.11,2.0,6.0,2.0,9.0
2011-08-13,TSG Hoffenheim,Borussia Dortmund,1677.25,1845.38,3.0,6.0,3.0,9.0
2011-08-13,MGladbach,VfB Stuttgart,1656.52,1734.51,7.0,6.0,13.0,12.0
2011-08-13,Nurnberg,Hannover,1682.6,1719.08,3.0,6.0,4.0,9.0
2011-08-13,Schalke 04,1. FC Koln,1745.75,1660.79,0.0,6.0,0.0,9.0
2011-08-13,VfL Wolfsburg,Bayern Munich,1704.5,1883.56,6.0,6.0,12.0,10.0
2011-08-14,Kaiserslautern,FC Augsburg,1675.13,1615.69,6.0,4.0,12.0,5.0
2011-08-14,Bayer Leverkusen,Werder Bremen,1803.66,1727.68,4.0,6.0,7.0,9.0
2011-08-19,MGladbach,VfL Wolfsburg,1668.91,1711.29,5.0,6.0,11.0,9.0
2011-08-20,FC Augsburg,TSG Hoffenheim,1615.03,1680.37,2.0,3.0,6.0,6.0
2011-08-20,Bayern Munich,Hamburger SV,1872.16,1692.96,6.0,2.0,12.0,3.0
2011-08-20,Borussia Dortmund,Nurnberg,1836.76,1681.36,6.0,3.0,9.0,3.0
2011-08-20,1. FC Koln,Kaiserslautern,1634.26,1662.33,3.0,4.0,9.0,10.0
2011-08-20,VfB Stuttgart,Bayer Leverkusen,1743.15,1794.29,4.0,6.0,10.0,7.0
2011-08-20,Werder Bremen,SC Freiburg,1727.26,1627.23,3.0,1.0,6.0,4.0
2011-08-21,Hannover,Hertha,1730.74,1680.8,9.0,4.0,9.0,7.0
2011-08-21,FSV Mainz 05,Schalke 04,1740.51,1740.87,9.0,3.0,15.0,3.0
2011-08-26,Hertha,VfB Stuttgart,1680.8,1743.15,2.0,4.0,8.0,7.0
2011-08-27,SC Freiburg,VfL Wolfsburg,1627.23,1711.29,1.0,3.0,1.0,6.0
2011-08-27,Hamburger SV,1. FC Koln,1692.96,1634.26,1.0,1.0,3.0,7.0
2011-08-27,TSG Hoffenheim,Werder Bremen,1680.37,1727.26,6.0,6.0,9.0,9.0
2011-08-27,Kaiserslautern,Bayern Munich,1662.33,1872.16,2.0,6.0,8.0,12.0
2011-08-27,Bayer Leverkusen,Borussia Dortmund,1794.29,1836.76,6.0,6.0,10.0,9.0
2011-08-27,Nurnberg,FC Augsburg,1681.36,1615.03,3.0,2.0,3.0,5.0
2011-08-28,Hannover,FSV Mainz 05,1730.74,1740.51,7.0,6.0,10.0,12.0
2011-08-28,Schalke 04,MGladbach,1740.87,1668.91,6.0,7.0,6.0,11.0
2011-09-09,FC Augsburg,Bayer Leverkusen,1603.88,1806.83,1.0,7.0,2.0,10.0
2011-09-10,Bayern Munich,SC Freiburg,1893.41,1640.69,9.0,3.0,12.0,4.0
2011-09-10,Borussia Dortmund,Hertha,1847.08,1696.7,4.0,5.0,10.0,8.0
2011-09-10,FSV Mainz 05,TSG Hoffenheim,1733.34,1688.03,4.0,6.0,10.0,6.0
2011-09-10,MGladbach,Kaiserslautern,1681.95,1661.03,4.0,2.0,8.0,5.0
2011-09-10,VfB Stuttgart,Hannover,1732.12,1741.86,1.0,5.0,4.0,11.0
2011-09-10,Werder Bremen,Hamburger SV,1746.61,1680.88,6.0,1.0,9.0,2.0
2011-09-11,1. FC Koln,Nurnberg,1649.05,1686.52,4.0,3.0,7.0,6.0
2011-09-11,VfL Wolfsburg,Schalke 04,1688.95,1765.2,0.0,9.0,6.0,9.0
2011-09-16,SC Freiburg,VfB Stuttgart,1632.89,1740.78,3.0,3.0,4.0,7.0
2011-09-17,Hamburger SV,MGladbach,1671.27,1685.17,0.0,6.0,1.0,10.0
2011-09-17,Hertha,FC Augsburg,1707.09,1593.07,7.0,0.0,8.0,2.0
2011-09-17,TSG Hoffenheim,VfL Wolfsburg,1706.61,1694.49,6.0,3.0,9.0,6.0
2011-09-17,Kaiserslautern,FSV Mainz 05,1652.19,1709.12,1.0,1.0,2.0,7.0
2011-09-17,Bayer Leverkusen,1. FC Koln,1806.62,1637.55,7.0,4.0,10.0,4.0
2011-09-17,Nurnberg,Werder Bremen,1692.39,1750.59,6.0,9.0,9.0,12.0
2011-09-18,Hannover,Borussia Dortmund,1727.57,1828.15,2.0,4.0,8.0,7.0
2011-09-18,Schalke 04,Bayern Munich,1754.03,1895.59,6.0,9.0,9.0,12.0
2011-09-23,VfB Stuttgart,Hamburger SV,1740.78,1671.27,6.0,0.0,7.0,1.0
2011-09-24,FC Augsburg,Hannover,1593.07,1727.57,1.0,4.0,2.0,8.0
2011-09-24,Bayern Munich,Bayer Leverkusen,1895.59,1806.62,9.0,4.0,15.0,10.0
2011-09-24,FSV Mainz 05,Borussia Dortmund,1709.12,1828.15,1.0,1.0,4.0,4.0
2011-09-24,MGladbach,Nurnberg,1685.17,1692.39,6.0,7.0,10.0,7.0
2011-09-24,Schalke 04,SC Freiburg,1754.03,1632.89,3.0,3.0,9.0,3.0
2011-09-24,VfL Wolfsburg,Kaiserslautern,1694.49,1652.19,3.0,3.0,3.0,5.0
2011-09-25,1. FC Koln,TSG Hoffenheim,1637.55,1706.61,6.0,6.0,7.0,12.0
2011-09-25,Werder Bremen,Hertha,1750.59,1707.09,7.0,7.0,10.0,9.0
2011-09-30,Kaiserslautern,VfB Stuttgart,1652.19,1740.78,3.0,6.0,4.0,6.0
2011-10-01,Borussia Dortmund,FC Augsburg,1814.75,1601.74,3.0,2.0,7.0,2.0
2011-10-01,SC Freiburg,MGladbach,1622.43,1702.78,0.0,9.0,3.0,12.0
2011-10-01,Hertha,1. FC Koln,1698.99,1674.21,4.0,6.0,8.0,10.0
2011-10-01,TSG Hoffenheim,Bayern Munich,1706.2,1927.69,6.0,9.0,9.0,15.0
2011-10-01,Bayer Leverkusen,VfL Wolfsburg,1782.08,1693.71,3.0,6.0,7.0,6.0
2011-10-01,Nurnberg,FSV Mainz 05,1687.55,1693.2,4.0,0.0,7.0,1.0
2011-10-02,Hamburger SV,Schalke 04,1675.41,1753.42,3.0,3.0,3.0,9.0
2011-10-02,Hannover,Werder Bremen,1735.35,1757.92,4.0,7.0,6.0,13.0
2011-10-14,Werder Bremen,Borussia Dortmund,1757.92,1814.75,4.0,6.0,10.0,7.0
2011-10-15,Bayern Munich,Hertha,1923.43,1709.17,7.0,4.0,13.0,10.0
2011-10-15,FSV Mainz 05,FC Augsburg,1694.84,1596.89,1.0,2.0,2.0,2.0
2011-10-15,MGladbach,Bayer Leverkusen,1694.37,1788.37,6.0,3.0,9.0,7.0
2011-10-15,Schalke 04,Kaiserslautern,1760.98,1648.73,6.0,3.0,9.0,3.0
2011-10-15,VfB Stuttgart,TSG Hoffenheim,1748.71,1710.47,6.0,4.0,9.0,7.0
2011-10-15,VfL Wolfsburg,Nurnberg,1687.42,1685.9,3.0,2.0,6.0,8.0
2011-10-16,1. FC Koln,Hannover,1664.03,1742.18,6.0,7.0,9.0,8.0
2011-10-16,SC Freiburg,Hamburger SV,1630.83,1667.85,3.0,3.0,6.0,3.0
2011-10-21,FC Augsburg,Werder Bremen,1596.89,1740.26,4.0,3.0,5.0,7.0
2011-10-22,Borussia Dortmund,1. FC Koln,1830.42,1664.03,9.0,6.0,9.0,9.0
2011-10-22,Hamburger SV,VfL Wolfsburg,1667.85,1687.42,6.0,6.0,6.0,9.0
2011-10-22,Hertha,FSV Mainz 05,1709.17,1694.84,3.0,1.0,7.0,1.0
2011-10-22,TSG Hoffenheim,MGladbach,1710.47,1694.37,1.0,4.0,7.0,10.0
2011-10-22,Kaiserslautern,SC Freiburg,1648.73,1630.83,3.0,3.0,6.0,3.0
2011-10-22,Nurnberg,VfB Stuttgart,1685.9,1748.71,1.0,6.0,5.0,12.0
2011-10-23,Hannover,Bayern Munich,1742.18,1923.43,4.0,7.0,7.0,13.0
2011-10-23,Bayer Leverkusen,Schalke 04,1788.37,1760.98,4.0,6.0,7.0,6.0
2011-10-28,SC Freiburg,Bayer Leverkusen,1630.83,1788.37,3.0,4.0,3.0,4.0
2011-10-29,Bayern Munich,Nurnberg,1923.43,1685.9,4.0,2.0,10.0,3.0
2011-10-29,FSV Mainz 05,Werder Bremen,1694.84,1740.26,2.0,1.0,2.0,5.0
2011-10-29,MGladbach,Hannover,1694.37,1742.18,1.0,6.0,7.0,10.0
2011-10-29,Schalke 04,TSG Hoffenheim,1760.98,1710.47,6.0,4.0,9.0,7.0
2011-10-29,VfB Stuttgart,Borussia Dortmund,1748.71,1830.42,7.0,9.0,10.0,12.0
2011-10-29,VfL Wolfsburg,Hertha,1687.42,1709.17,4.0,4.0,7.0,5.0
2011-10-30,1. FC Koln,FC Augsburg,1664.03,1596.89,3.0,4.0,9.0,6.0
2011-10-30,Hamburger SV,Kaiserslautern,1667.85,1648.73,4.0,6.0,7.0,9.0
2011-11-04,FSV Mainz 05,VfB Stuttgart,1671.18,1753.81,1.0,5.0,2.0,8.0
2011-11-05,Borussia Dortmund,VfL Wolfsburg,1820.81,1683.27,7.0,4.0,13.0,7.0
2011-11-05,Hertha,MGladbach,1709.0,1694.09,4.0,4.0,7.0,7.0
2011-11-05,TSG Hoffenheim,Kaiserslautern,1699.19,1666.37,3.0,7.0,4.0,7.0
2011-11-05,Bayer Leverkusen,Hamburger SV,1786.46,1670.66,4.0,5.0,7.0,8.0
2011-11-05,Nurnberg,SC Freiburg,1673.08,1608.75,1.0,0.0,2.0,3.0
2011-11-05,Werder Bremen,1. FC Koln,1747.34,1674.29,4.0,6.0,7.0,9.0
2011-11-06,FC Augsburg,Bayern Munich,1599.5,1915.14,4.0,6.0,5.0,10.0
2011-11-06,Hannover,Schalke 04,1726.67,1772.72,3.0,6.0,7.0,12.0
2011-11-18,Kaiserslautern,Bayer Leverkusen,1668.13,1773.78,5.0,4.0,8.0,8.0
2011-11-19,Bayern Munich,Borussia Dortmund,1918.97,1829.57,6.0,7.0,10.0,13.0
2011-11-19,SC Freiburg,Hertha,1619.08,1698.06,3.0,4.0,6.0,7.0
2011-11-19,MGladbach,Werder Bremen,1703.22,1751.12,6.0,7.0,7.0,7.0
2011-11-19,Schalke 04,Nurnberg,1764.57,1660.95,7.0,1.0,10.0,2.0
2011-11-19,VfL Wolfsburg,Hannover,1675.45,1732.6,1.0,4.0,4.0,7.0
2011-11-20,Hamburger SV,TSG Hoffenheim,1674.3,1695.63,3.0,4.0,6.0,5.0
2011-11-20,VfB Stuttgart,FC Augsburg,1740.9,1596.07,2.0,1.0,8.0,4.0
2011-11-25,1. FC Koln,MGladbach,1668.71,1703.22,3.0,9.0,6.0,10.0
2011-11-26,FC Augsburg,VfL Wolfsburg,1596.07,1675.45,0.0,3.0,4.0,7.0
2011-11-26,Borussia Dortmund,Schalke 04,1829.57,1764.57,7.0,7.0,13.0,10.0
2011-11-26,Hannover,Hamburger SV,1732.6,1674.3,1.0,5.0,4.0,9.0
2011-11-26,Hertha,Bayer Leverkusen,1698.06,1773.78,4.0,7.0,5.0,8.0
2011-11-26,TSG Hoffenheim,SC Freiburg,1695.63,1619.08,1.0,4.0,4.0,4.0
2011-11-26,Nurnberg,Kaiserslautern,1660.95,1668.13,0.0,2.0,1.0,8.0
2011-11-27,FSV Mainz 05,Bayern Munich,1682.3,1918.97,4.0,6.0,5.0,9.0
2011-11-27,Werder Bremen,VfB Stuttgart,1751.12,1740.9,6.0,4.0,7.0,8.0
2011-12-02,Bayer Leverkusen,TSG Hoffenheim,1788.36,1680.57,5.0,2.0,8.0,5.0
2011-12-03,Bayern Munich,Werder Bremen,1896.84,1741.51,3.0,6.0,6.0,10.0
2011-12-03,SC Freiburg,Hannover,1621.36,1703.83,5.0,2.0,5.0,5.0
2011-12-03,Kaiserslautern,Hertha,1649.98,1696.77,1.0,2.0,5.0,6.0
2011-12-03,MGladbach,Borussia Dortmund,1732.81,1841.33,9.0,9.0,12.0,13.0
2011-12-03,VfB Stuttgart,1. FC Koln,1733.25,1652.89,3.0,3.0,5.0,6.0
2011-12-03,VfL Wolfsburg,FSV Mainz 05,1674.52,1692.67,3.0,6.0,4.0,7.0
2011-12-04,Hamburger SV,Nurnberg,1685.08,1657.37,5.0,3.0,7.0,4.0
2011-12-04,Schalke 04,FC Augsburg,1764.2,1603.73,4.0,3.0,10.0,4.0
2011-12-09,Hertha,Schalke 04,1696.77,1764.2,3.0,6.0,6.0,10.0
2011-12-10,FC Augsburg,MGladbach,1603.73,1732.81,3.0,7.0,3.0,13.0
2011-12-10,1. FC Koln,SC Freiburg,1652.89,1621.36,1.0,3.0,4.0,6.0
2011-12-10,Hannover,Bayer Leverkusen,1703.83,1788.36,2.0,7.0,3.0,11.0
2011-12-10,FSV Mainz 05,Hamburger SV,1692.67,1685.08,7.0,7.0,8.0,9.0
2011-12-10,Nurnberg,TSG Hoffenheim,1657.37,1680.57,3.0,1.0,3.0,2.0
2011-12-10,Werder Bremen,VfL Wolfsburg,1741.51,1674.52,3.0,4.0,9.0,4.0
2011-12-11,Borussia Dortmund,Kaiserslautern,1841.33,1649.98,7.0,1.0,11.0,3.0
2011-12-11,VfB Stuttgart,Bayern Munich,1733.25,1896.84,4.0,3.0,5.0,9.0
2011-12-13,1. FC Koln,FSV Mainz 05,1652.89,1692.67,4.0,5.0,7.0,8.0
2011-12-16,Bayern Munich,1. FC Koln,1894.7,1661.73,6.0,5.0,9.0,5.0
2011-12-17,SC Freiburg,Borussia Dortmund,1605.99,1816.27,2.0,5.0,6.0,11.0
2011-12-17,Hamburger SV,FC Augsburg,1690.32,1604.22,5.0,6.0,9.0,6.0
2011-12-17,TSG Hoffenheim,Hertha,1682.65,1684.62,4.0,2.0,5.0,3.0
2011-12-17,Bayer Leverkusen,Nurnberg,1785.77,1631.45,5.0,3.0,9.0,3.0
2011-12-17,Schalke 04,Werder Bremen,1780.31,1739.48,6.0,6.0,10.0,9.0
2011-12-17,VfL Wolfsburg,VfB Stuttgart,1660.12,1719.09,1.0,1.0,4.0,4.0
2011-12-18,Kaiserslautern,Hannover,1650.71,1699.02,2.0,3.0,3.0,4.0
2011-12-18,MGladbach,FSV Mainz 05,1719.36,1688.4,4.0,3.0,10.0,9.0
2012-01-20,MGladbach,Bayern Munich,1725.82,1898.87,4.0,9.0,10.0,9.0
2012-01-21,SC Freiburg,FC Augsburg,1598.88,1609.06,1.0,4.0,3.0,7.0
2012-01-21,TSG Hoffenheim,Hannover,1681.52,1702.3,4.0,3.0,5.0,4.0
2012-01-21,Kaiserslautern,Werder Bremen,1651.04,1728.29,3.0,3.0,3.0,6.0
2012-01-21,Nurnberg,Hertha,1655.42,1687.18,3.0,2.0,6.0,4.0
2012-01-21,Schalke 04,VfB Stuttgart,1792.92,1712.13,9.0,1.0,12.0,4.0
2012-01-21,VfL Wolfsburg,1. FC Koln,1668.51,1658.98,4.0,4.0,7.0,5.0
2012-01-22,Hamburger SV,Borussia Dortmund,1686.9,1824.81,5.0,5.0,9.0,11.0
2012-01-22,Bayer Leverkusen,FSV Mainz 05,1763.23,1683.37,4.0,2.0,8.0,6.0
2012-01-27,Hannover,Nurnberg,1702.3,1655.42,3.0,6.0,5.0,9.0
2012-01-28,FC Augsburg,Kaiserslautern,1609.06,1651.04,4.0,3.0,7.0,4.0
2012-01-28,Bayern Munich,VfL Wolfsburg,1898.87,1668.51,6.0,6.0,9.0,7.0
2012-01-28,Borussia Dortmund,TSG Hoffenheim,1824.81,1681.52,7.0,5.0,11.0,6.0
2012-01-28,1. FC Koln,Schalke 04,1658.98,1792.92,1.0,9.0,5.0,12.0
2012-01-28,Hertha,Hamburger SV,1687.18,1686.9,1.0,2.0,3.0,6.0
2012-01-28,Werder Bremen,Bayer Leverkusen,1728.29,1763.23,4.0,4.0,7.0,8.0
2012-01-29,FSV Mainz 05,SC Freiburg,1683.37,1598.88,1.0,3.0,3.0,5.0
2012-01-29,VfB Stuttgart,MGladbach,1712.13,1725.82,0.0,6.0,1.0,10.0
2012-02-03,Nurnberg,Borussia Dortmund,1660.05,1841.77,6.0,9.0,6.0,11.0
2012-02-04,Hamburger SV,Bayern Munich,1684.31,1886.82,4.0,6.0,8.0,12.0
2012-02-04,Hertha,Hannover,1667.16,1709.11,1.0,5.0,2.0,7.0
2012-02-04,TSG Hoffenheim,FC Augsburg,1675.72,1601.82,2.0,2.0,5.0,5.0
2012-02-04,Bayer Leverkusen,VfB Stuttgart,1768.62,1690.6,4.0,0.0,8.0,1.0
2012-02-04,Schalke 04,FSV Mainz 05,1809.57,1685.49,9.0,3.0,15.0,5.0
2012-02-04,VfL Wolfsburg,MGladbach,1671.35,1756.2,6.0,9.0,7.0,10.0
2012-02-05,SC Freiburg,Werder Bremen,1598.89,1727.16,3.0,2.0,4.0,5.0
2012-02-05,Kaiserslautern,1. FC Koln,1651.91,1642.71,3.0,0.0,5.0,4.0
2012-02-10,VfL Wolfsburg,SC Freiburg,1671.35,1598.89,4.0,4.0,7.0,4.0
2012-02-11,Bayern Munich,Kaiserslautern,1886.82,1651.91,4.0,2.0,10.0,4.0
2012-02-11,Borussia Dortmund,Bayer Leverkusen,1841.77,1768.62,9.0,5.0,13.0,6.0
2012-02-11,FSV Mainz 05,Hannover,1685.49,1709.11,4.0,7.0,5.0,9.0
2012-02-11,MGladbach,Schalke 04,1756.2,1809.57,7.0,7.0,10.0,13.0
2012-02-11,VfB Stuttgart,Hertha,1690.6,1667.16,1.0,0.0,1.0,1.0
2012-02-11,Werder Bremen,TSG Hoffenheim,1727.16,1675.72,3.0,2.0,6.0,6.0
2012-02-12,FC Augsburg,Nurnberg,1601.82,1660.05,2.0,3.0,6.0,6.0
2012-02-12,1. FC Koln,Hamburger SV,1642.71,1684.31,3.0,4.0,4.0,6.0
2012-02-17,TSG Hoffenheim,FSV Mainz 05,1675.23,1689.33,2.0,5.0,4.0,5.0
2012-02-18,SC Freiburg,Bayern Munich,1595.95,1885.91,1.0,7.0,4.0,10.0
2012-02-18,Hamburger SV,Werder Bremen,1696.75,1722.05,7.0,3.0,8.0,4.0
2012-02-18,Hertha,Borussia Dortmund,1646.27,1853.57,0.0,9.0,1.0,15.0
2012-02-18,Kaiserslautern,MGladbach,1639.1,1768.73,1.0,7.0,3.0,13.0
2012-02-18,Bayer Leverkusen,FC Augsburg,1760.2,1605.0,2.0,3.0,5.0,4.0
2012-02-18,Nurnberg,1. FC Koln,1653.39,1643.99,1.0,3.0,7.0,3.0
2012-02-19,Hannover,VfB Stuttgart,1718.86,1706.83,7.0,4.0,9.0,4.0
2012-02-19,Schalke 04,VfL Wolfsburg,1791.51,1676.58,4.0,4.0,10.0,10.0
2012-02-24,MGladbach,Hamburger SV,1768.73,1696.75,7.0,4.0,13.0,7.0
2012-02-25,FC Augsburg,Hertha,1605.0,1646.27,2.0,0.0,3.0,0.0
2012-02-25,1. FC Koln,Bayer Leverkusen,1643.99,1760.2,3.0,4.0,3.0,8.0
2012-02-25,FSV Mainz 05,Kaiserslautern,1689.33,1639.1,3.0,0.0,6.0,2.0
2012-02-25,VfB Stuttgart,SC Freiburg,1706.83,1595.95,4.0,2.0,4.0,5.0
2012-02-25,Werder Bremen,Nurnberg,1722.05,1653.39,5.0,4.0,7.0,7.0
2012-02-25,VfL Wolfsburg,TSG Hoffenheim,1676.58,1675.23,4.0,3.0,7.0,4.0
2012-02-26,Bayern Munich,Schalke 04,1885.91,1791.51,5.0,4.0,8.0,10.0
2012-02-26,Borussia Dortmund,Hannover,1853.57,1718.86,9.0,7.0,15.0,11.0
2012-03-03,Borussia Dortmund,FSV Mainz 05,1865.35,1702.85,9.0,5.0,15.0,9.0
2012-03-03,SC Freiburg,Schalke 04,1596.49,1797.89,1.0,3.0,2.0,7.0
2012-03-03,Hamburger SV,VfB Stuttgart,1690.36,1707.39,4.0,6.0,8.0,7.0
2012-03-03,Hannover,FC Augsburg,1735.1,1613.96,4.0,4.0,10.0,6.0
2012-03-03,Hertha,Werder Bremen,1630.95,1725.15,0.0,4.0,0.0,6.0
2012-03-03,Kaiserslautern,VfL Wolfsburg,1624.44,1661.33,0.0,3.0,1.0,4.0
2012-03-03,Bayer Leverkusen,Bayern Munich,1774.11,1882.77,6.0,7.0,8.0,11.0
2012-03-04,TSG Hoffenheim,1. FC Koln,1685.31,1630.53,5.0,0.0,6.0,3.0
2012-03-04,Nurnberg,MGladbach,1672.99,1772.88,7.0,7.0,7.0,11.0
2012-03-09,VfB Stuttgart,Kaiserslautern,1707.39,1624.44,6.0,1.0,10.0,1.0
2012-03-10,FC Augsburg,Borussia Dortmund,1613.96,1865.35,4.0,9.0,6.0,15.0
2012-03-10,Bayern Munich,TSG Hoffenheim,1882.77,1685.31,4.0,5.0,8.0,7.0
2012-03-10,1. FC Koln,Hertha,1630.53,1630.95,1.0,3.0,4.0,3.0
2012-03-10,FSV Mainz 05,Nurnberg,1702.85,1672.99,4.0,9.0,6.0,10.0
2012-03-10,MGladbach,SC Freiburg,1772.88,1596.49,4.0,4.0,8.0,5.0
2012-03-10,VfL Wolfsburg,Bayer Leverkusen,1661.33,1774.11,1.0,9.0,5.0,10.0
2012-03-11,Schalke 04,Hamburger SV,1797.89,1690.36,3.0,1.0,4.0,5.0
2012-03-11,Werder Bremen,Hannover,1725.15,1735.1,3.0,4.0,5.0,8.0
2012-03-16,TSG Hoffenheim,VfB Stuttgart,1679.13,1725.04,4.0,7.0,6.0,10.0
2012-03-17,FC Augsburg,FSV Mainz 05,1627.37,1709.42,5.0,6.0,6.0,8.0
2012-03-17,Borussia Dortmund,Werder Bremen,1867.32,1731.65,7.0,3.0,13.0,7.0
2012-03-17,Hamburger SV,SC Freiburg,1670.04,1617.1,1.0,4.0,4.0,5.0
2012-03-17,Hertha,Bayern Munich,1636.59,1895.7,3.0,6.0,3.0,10.0
2012-03-17,Bayer Leverkusen,MGladbach,1778.68,1761.92,6.0,2.0,9.0,8.0
2012-03-17,Nurnberg,VfL Wolfsburg,1679.57,1675.32,6.0,4.0,10.0,7.0
2012-03-18,Hannover,1. FC Koln,1725.33,1644.08,1.0,4.0,5.0,4.0
2012-03-18,Kaiserslautern,Schalke 04,1631.73,1790.66,2.0,3.0,2.0,6.0
2012-03-23,VfL Wolfsburg,Hamburger SV,1675.32,1670.04,7.0,0.0,7.0,1.0
2012-03-24,Bayern Munich,Hannover,1895.7,1725.33,6.0,4.0,10.0,7.0
2012-03-24,SC Freiburg,Kaiserslautern,1617.1,1631.73,7.0,2.0,8.0,2.0
2012-03-24,FSV Mainz 05,Hertha,1709.42,1636.59,3.0,3.0,7.0,3.0
2012-03-24,MGladbach,TSG Hoffenheim,1761.92,1679.13,4.0,1.0,8.0,5.0
2012-03-24,Schalke 04,Bayer Leverkusen,1790.66,1778.68,6.0,3.0,9.0,9.0
2012-03-24,Werder Bremen,FC Augsburg,1731.65,1627.37,3.0,5.0,6.0,8.0
2012-03-25,1. FC Koln,Borussia Dortmund,1644.08,1867.32,4.0,7.0,4.0,13.0
2012-03-25,VfB Stuttgart,Nurnberg,1725.04,1679.57,7.0,3.0,10.0,9.0
2012-03-30,Borussia Dortmund,VfB Stuttgart,1867.32,1725.04,7.0,7.0,13.0,13.0
2012-03-31,FC Augsburg,1. FC Koln,1627.37,1644.08,5.0,3.0,9.0,4.0
2012-03-31,Hertha,VfL Wolfsburg,1636.59,1675.32,3.0,9.0,6.0,10.0
2012-03-31,Kaiserslautern,Hamburger SV,1631.73,1670.04,1.0,0.0,2.0,1.0
2012-03-31,Bayer Leverkusen,SC Freiburg,1778.68,1617.1,0.0,7.0,6.0,10.0
2012-03-31,Nurnberg,Bayern Munich,1679.57,1895.7,0.0,9.0,6.0,12.0
2012-03-31,Werder Bremen,FSV Mainz 05,1731.65,1709.42,4.0,3.0,4.0,6.0
2012-04-01,Hannover,MGladbach,1741.92,1764.31,3.0,4.0,4.0,5.0
2012-04-01,TSG Hoffenheim,Schalke 04,1687.48,1812.21,3.0,9.0,7.0,9.0
2012-04-07,Bayern Munich,FC Augsburg,1921.04,1650.64,9.0,7.0,12.0,9.0
2012-04-07,1. FC Koln,Werder Bremen,1626.1,1709.88,0.0,1.0,4.0,4.0
2012-04-07,SC Freiburg,Nurnberg,1663.8,1661.34,9.0,0.0,13.0,3.0
2012-04-07,Kaiserslautern,TSG Hoffenheim,1609.36,1687.48,0.0,4.0,2.0,5.0
2012-04-07,MGladbach,Hertha,1764.31,1633.96,3.0,3.0,4.0,6.0
2012-04-07,VfB Stuttgart,FSV Mainz 05,1748.3,1707.86,7.0,3.0,11.0,6.0
2012-04-07,VfL Wolfsburg,Borussia Dortmund,1713.9,1878.9,9.0,7.0,13.0,11.0
2012-04-08,Hamburger SV,Bayer Leverkusen,1662.22,1747.94,3.0,0.0,3.0,3.0
2012-04-08,Schalke 04,Hannover,1812.21,1741.92,7.0,6.0,10.0,7.0
2012-04-10,FC Augsburg,VfB Stuttgart,1650.64,1748.3,4.0,7.0,8.0,11.0
2012-04-10,Hertha,SC Freiburg,1633.96,1663.8,4.0,7.0,4.0,11.0
2012-04-10,FSV Mainz 05,1. FC Koln,1707.86,1626.1,3.0,1.0,6.0,4.0
2012-04-10,Werder Bremen,MGladbach,1709.88,1764.31,2.0,1.0,5.0,5.0
2012-04-11,Borussia Dortmund,Bayern Munich,1878.9,1921.04,7.0,9.0,11.0,15.0
2012-04-11,Hannover,VfL Wolfsburg,1741.92,1713.9,3.0,6.0,6.0,12.0
2012-04-11,TSG Hoffenheim,Hamburger SV,1687.48,1662.22,7.0,4.0,7.0,4.0
2012-04-11,Bayer Leverkusen,Kaiserslautern,1747.94,1609.36,1.0,0.0,1.0,1.0
2012-04-11,Nurnberg,Schalke 04,1661.34,1812.21,1.0,7.0,1.0,13.0
2012-04-13,VfB Stuttgart,Werder Bremen,1748.3,1709.88,7.0,2.0,13.0,3.0
2012-04-14,Bayern Munich,FSV Mainz 05,1921.04,1707.86,6.0,6.0,12.0,6.0
2012-04-14,Hamburger SV,Hannover,1662.22,1741.92,4.0,6.0,4.0,9.0
2012-04-14,Kaiserslautern,Nurnberg,1609.36,1661.34,0.0,4.0,0.0,4.0
2012-04-14,Bayer Leverkusen,Hertha,1747.94,1633.96,4.0,1.0,4.0,4.0
2012-04-14,Schalke 04,Borussia Dortmund,1812.21,1878.9,4.0,7.0,10.0,13.0
2012-04-14,VfL Wolfsburg,FC Augsburg,1713.9,1650.64,3.0,3.0,9.0,7.0
2012-04-15,SC Freiburg,TSG Hoffenheim,1668.23,1705.51,7.0,7.0,13.0,10.0
2012-04-15,MGladbach,1. FC Koln,1750.36,1614.55,2.0,1.0,5.0,1.0
2012-04-20,FSV Mainz 05,VfL Wolfsburg,1705.24,1695.48,4.0,0.0,7.0,6.0
2012-04-21,Borussia Dortmund,MGladbach,1891.07,1750.36,9.0,5.0,13.0,5.0
2012-04-21,1. FC Koln,VfB Stuttgart,1614.55,1772.87,1.0,9.0,1.0,13.0
2012-04-21,Hertha,Kaiserslautern,1627.21,1594.2,2.0,0.0,5.0,0.0
2012-04-21,TSG Hoffenheim,Bayer Leverkusen,1705.51,1749.49,7.0,5.0,11.0,5.0
2012-04-21,Nurnberg,Hamburger SV,1678.46,1648.86,7.0,4.0,7.0,7.0
2012-04-21,Werder Bremen,Bayern Munich,1697.74,1914.31,2.0,4.0,3.0,10.0
2012-04-22,FC Augsburg,Schalke 04,1636.65,1798.04,3.0,3.0,7.0,7.0
2012-04-22,Hannover,SC Freiburg,1736.63,1668.23,3.0,5.0,6.0,11.0
2012-04-28,Bayern Munich,VfB Stuttgart,1914.31,1772.87,4.0,7.0,10.0,11.0
2012-04-28,SC Freiburg,1. FC Koln,1668.23,1614.55,5.0,1.0,9.0,2.0
2012-04-28,Hamburger SV,FSV Mainz 05,1648.86,1705.24,4.0,5.0,8.0,8.0
2012-04-28,TSG Hoffenheim,Nurnberg,1705.51,1678.46,4.0,7.0,8.0,8.0
2012-04-28,Kaiserslautern,Borussia Dortmund,1594.2,1891.07,3.0,9.0,3.0,13.0
2012-04-28,Bayer Leverkusen,Hannover,1749.49,1736.63,7.0,4.0,8.0,7.0
2012-04-28,MGladbach,FC Augsburg,1750.36,1636.65,4.0,4.0,5.0,7.0
2012-04-28,Schalke 04,Hertha,1798.04,1627.21,1.0,1.0,5.0,2.0
2012-04-28,VfL Wolfsburg,Werder Bremen,1695.48,1697.74,1.0,1.0,4.0,2.0
2012-05-05,FC Augsburg,Hamburger SV,1657.1,1662.06,5.0,5.0,5.0,6.0
2012-05-05,Borussia Dortmund,SC Freiburg,1910.69,1681.94,9.0,5.0,15.0,9.0
2012-05-05,1. FC Koln,Bayern Munich,1605.36,1926.83,1.0,7.0,2.0,10.0
2012-05-05,Hannover,Kaiserslautern,1721.66,1592.07,1.0,3.0,4.0,3.0
2012-05-05,Hertha,TSG Hoffenheim,1617.79,1690.0,1.0,1.0,2.0,7.0
2012-05-05,FSV Mainz 05,MGladbach,1712.34,1749.58,3.0,4.0,6.0,6.0
2012-05-05,Nurnberg,Bayer Leverkusen,1699.36,1761.36,7.0,7.0,11.0,11.0
2012-05-05,VfB Stuttgart,VfL Wolfsburg,1768.36,1698.61,4.0,4.0,10.0,4.0
2012-05-05,Werder Bremen,Schalke 04,1686.94,1797.05,0.0,4.0,2.0,7.0
2012-08-24,Borussia Dortmund,Werder Bremen,1914.15,1679.48,9.0,0.0,15.0,1.0
2012-08-25,FC Augsburg,Fortuna Dusseldorf,1662.93,1612.69,5.0,5.0,8.0,8.0
2012-08-25,Eintracht Frankfurt,Bayer Leverkusen,1629.02,1775.05,3.0,9.0,7.0,13.0
2012-08-25,SC Freiburg,FSV Mainz 05,1677.2,1696.19,4.0,2.0,8.0,6.0
2012-08-25,Greuther Furth,Bayern Munich,1648.79,1928.39,3.0,9.0,7.0,10.0
2012-08-25,Hamburger SV,Nurnberg,1654.95,1684.39,2.0,4.0,5.0,10.0
2012-08-25,MGladbach,TSG Hoffenheim,1764.44,1678.04,4.0,0.0,8.0,4.0
2012-08-25,VfB Stuttgart,VfL Wolfsburg,1772.23,1693.45,4.0,4.0,10.0,4.0
2012-08-26,Hannover,Schalke 04,1724.96,1803.23,4.0,7.0,7.0,7.0
2012-08-31,FSV Mainz 05,Greuther Furth,1696.19,1648.79,2.0,2.0,4.0,6.0
2012-09-01,Fortuna Dusseldorf,MGladbach,1627.9,1757.01,5.0,7.0,8.0,10.0
2012-09-01,TSG Hoffenheim,Eintracht Frankfurt,1672.58,1637.92,0.0,3.0,1.0,9.0
2012-09-01,Bayer Leverkusen,SC Freiburg,1764.44,1674.71,6.0,4.0,10.0,6.0
2012-09-01,Nurnberg,Borussia Dortmund,1692.76,1915.21,6.0,9.0,10.0,15.0
2012-09-01,Schalke 04,FC Augsburg,1802.33,1646.02,7.0,4.0,8.0,8.0
2012-09-01,Werder Bremen,Hamburger SV,1676.72,1644.89,0.0,1.0,0.0,5.0
2012-09-02,Bayern Munich,VfB Stuttgart,1933.35,1766.05,9.0,3.0,13.0,7.0
2012-09-02,VfL Wolfsburg,Hannover,1704.12,1726.79,6.0,4.0,7.0,5.0
2012-09-14,FC Augsburg,VfL Wolfsburg,1646.02,1704.12,3.0,3.0,5.0,7.0
2012-09-15,Bayern Munich,FSV Mainz 05,1939.79,1685.67,9.0,1.0,15.0,3.0
2012-09-15,Borussia Dortmund,Bayer Leverkusen,1911.1,1770.45,7.0,6.0,13.0,12.0
2012-09-15,Greuther Furth,Schalke 04,1653.43,1806.74,4.0,7.0,6.0,11.0
2012-09-15,Hannover,Werder Bremen,1744.8,1684.48,7.0,3.0,8.0,3.0
2012-09-15,MGladbach,Nurnberg,1755.35,1696.86,7.0,4.0,8.0,8.0
2012-09-15,VfB Stuttgart,Fortuna Dusseldorf,1759.6,1629.56,3.0,5.0,4.0,9.0
2012-09-16,Eintracht Frankfurt,Hamburger SV,1659.38,1637.13,6.0,0.0,9.0,2.0
2012-09-16,SC Freiburg,TSG Hoffenheim,1668.7,1651.12,1.0,0.0,5.0,0.0
2012-09-21,Nurnberg,Eintracht Frankfurt,1696.86,1659.38,7.0,9.0,10.0,9.0
2012-09-22,Fortuna Dusseldorf,SC Freiburg,1629.56,1668.7,5.0,4.0,7.0,7.0
2012-09-22,Hamburger SV,Borussia Dortmund,1637.13,1911.1,0.0,7.0,1.0,13.0
2012-09-22,FSV Mainz 05,FC Augsburg,1685.67,1641.6,1.0,1.0,2.0,5.0
2012-09-22,Schalke 04,Bayern Munich,1806.74,1939.79,7.0,9.0,13.0,15.0
2012-09-22,VfL Wolfsburg,Greuther Furth,1686.11,1653.43,4.0,3.0,7.0,5.0
2012-09-23,TSG Hoffenheim,Hannover,1651.12,1744.8,0.0,7.0,0.0,10.0
2012-09-23,Bayer Leverkusen,MGladbach,1770.45,1755.35,3.0,4.0,9.0,8.0
2012-09-23,Werder Bremen,VfB Stuttgart,1684.48,1759.6,3.0,1.0,3.0,4.0
2012-09-25,Bayern Munich,VfL Wolfsburg,1939.79,1686.11,9.0,2.0,15.0,5.0
2012-09-25,Eintracht Frankfurt,Borussia Dortmund,1659.38,1911.1,9.0,4.0,12.0,10.0
2012-09-25,Greuther Furth,Fortuna Dusseldorf,1653.43,1629.56,4.0,3.0,5.0,7.0
2012-09-25,Schalke 04,FSV Mainz 05,1806.74,1685.67,6.0,3.0,10.0,4.0
2012-09-26,FC Augsburg,Bayer Leverkusen,1641.6,1770.45,1.0,4.0,4.0,7.0
2012-09-26,SC Freiburg,Werder Bremen,1668.7,1684.48,4.0,4.0,5.0,4.0
2012-09-26,Hannover,Nurnberg,1744.8,1696.86,6.0,4.0,10.0,7.0
2012-09-26,MGladbach,Hamburger SV,1755.35,1637.13,2.0,3.0,8.0,3.0
2012-09-26,VfB Stuttgart,TSG Hoffenheim,1759.6,1651.12,2.0,3.0,5.0,3.0
2012-09-28,Fortuna Dusseldorf,Schalke 04,1629.56,1806.74,5.0,6.0,9.0,10.0
2012-09-29,Borussia Dortmund,MGladbach,1911.1,1755.35,4.0,2.0,8.0,6.0
2012-09-29,Hamburger SV,Hannover,1637.13,1744.8,4.0,6.0,4.0,10.0
2012-09-29,TSG Hoffenheim,FC Augsburg,1651.12,1641.6,6.0,1.0,6.0,1.0
2012-09-29,Bayer Leverkusen,Greuther Furth,1770.45,1653.43,4.0,1.0,7.0,4.0
2012-09-29,Nurnberg,VfB Stuttgart,1696.86,1759.6,3.0,2.0,7.0,2.0
2012-09-29,Werder Bremen,Bayern Munich,1684.48,1939.79,4.0,9.0,7.0,15.0
2012-09-30,Eintracht Frankfurt,SC Freiburg,1659.38,1668.7,7.0,4.0,13.0,5.0
2012-09-30,VfL Wolfsburg,FSV Mainz 05,1686.11,1685.67,2.0,3.0,5.0,4.0
2012-10-05,FC Augsburg,Werder Bremen,1626.15,1683.41,1.0,4.0,2.0,7.0
2012-10-06,Bayern Munich,TSG Hoffenheim,1961.23,1671.19,9.0,7.0,15.0,7.0
2012-10-06,SC Freiburg,Nurnberg,1661.28,1674.8,1.0,0.0,4.0,4.0
2012-10-06,Greuther Furth,Hamburger SV,1627.79,1656.71,1.0,7.0,4.0,7.0
2012-10-06,FSV Mainz 05,Fortuna Dusseldorf,1696.95,1650.39,6.0,5.0,6.0,7.0
2012-10-06,Schalke 04,VfL Wolfsburg,1816.01,1666.21,4.0,1.0,10.0,2.0
2012-10-07,Hannover,Borussia Dortmund,1736.4,1907.56,3.0,4.0,9.0,8.0
2012-10-07,MGladbach,Eintracht Frankfurt,1728.87,1685.41,2.0,7.0,3.0,13.0
2012-10-07,VfB Stuttgart,Bayer Leverkusen,1738.68,1770.27,4.0,7.0,5.0,10.0
2012-10-19,TSG Hoffenheim,Greuther Furth,1653.25,1603.18,4.0,0.0,7.0,1.0
2012-10-20,Borussia Dortmund,Schalke 04,1892.18,1800.92,5.0,7.0,8.0,10.0
2012-10-20,Eintracht Frankfurt,Hannover,1661.82,1729.48,4.0,4.0,10.0,7.0
2012-10-20,Fortuna Dusseldorf,Bayern Munich,1629.54,1926.65,4.0,9.0,6.0,15.0
2012-10-20,Bayer Leverkusen,FSV Mainz 05,1759.8,1686.6,7.0,6.0,8.0,9.0
2012-10-20,Werder Bremen,MGladbach,1656.89,1704.05,3.0,4.0,4.0,5.0
2012-10-20,VfL Wolfsburg,SC Freiburg,1645.05,1657.23,0.0,3.0,2.0,7.0
2012-10-21,Hamburger SV,VfB Stuttgart,1650.12,1706.55,7.0,4.0,10.0,6.0
2012-10-21,Nurnberg,FC Augsburg,1647.65,1621.48,0.0,4.0,3.0,5.0
2012-10-26,FC Augsburg,Hamburger SV,1621.48,1650.12,5.0,6.0,5.0,10.0
2012-10-27,Fortuna Dusseldorf,VfL Wolfsburg,1629.54,1645.05,1.0,0.0,5.0,1.0
2012-10-27,SC Freiburg,Borussia Dortmund,1657.23,1892.18,6.0,4.0,7.0,5.0
2012-10-27,Greuther Furth,Werder Bremen,1603.18,1656.89,1.0,3.0,2.0,7.0
2012-10-27,FSV Mainz 05,TSG Hoffenheim,1686.6,1653.25,7.0,2.0,10.0,8.0
2012-10-27,Schalke 04,Nurnberg,1800.92,1647.65,7.0,1.0,10.0,1.0
2012-10-28,Bayern Munich,Bayer Leverkusen,1926.65,1759.8,9.0,5.0,15.0,9.0
2012-10-28,Hannover,MGladbach,1729.48,1704.05,1.0,3.0,4.0,5.0
2012-10-28,VfB Stuttgart,Eintracht Frankfurt,1706.55,1661.82,7.0,6.0,8.0,10.0
2012-11-02,Eintracht Frankfurt,Greuther Furth,1682.74,1621.76,3.0,2.0,7.0,2.0
2012-11-03,Borussia Dortmund,VfB Stuttgart,1912.38,1729.4,4.0,7.0,8.0,10.0
2012-11-03,Hamburger SV,Bayern Munich,1670.49,1940.03,6.0,6.0,10.0,12.0
2012-11-03,Hannover,FC Augsburg,1727.08,1626.19,1.0,4.0,4.0,5.0
2012-11-03,TSG Hoffenheim,Schalke 04,1655.8,1845.97,1.0,9.0,5.0,13.0
2012-11-03,MGladbach,SC Freiburg,1723.21,1679.77,6.0,6.0,7.0,6.0
2012-11-03,Nurnberg,VfL Wolfsburg,1657.56,1663.51,1.0,3.0,1.0,3.0
2012-11-04,Bayer Leverkusen,Fortuna Dusseldorf,1793.62,1621.64,5.0,0.0,11.0,4.0
2012-11-04,Werder Bremen,FSV Mainz 05,1686.84,1715.15,4.0,7.0,7.0,10.0
2012-11-09,FSV Mainz 05,Nurnberg,1715.15,1657.56,4.0,4.0,10.0,4.0
2012-11-10,FC Augsburg,Borussia Dortmund,1626.19,1912.38,1.0,4.0,5.0,8.0
2012-11-10,Bayern Munich,Eintracht Frankfurt,1940.03,1682.74,6.0,4.0,12.0,7.0
2012-11-10,Fortuna Dusseldorf,TSG Hoffenheim,1621.64,1655.8,0.0,4.0,1.0,5.0
2012-11-10,SC Freiburg,Hamburger SV,1679.77,1670.49,4.0,3.0,7.0,9.0
2012-11-10,Schalke 04,Werder Bremen,1845.97,1686.84,6.0,7.0,10.0,7.0
2012-11-11,Greuther Furth,MGladbach,1621.76,1723.21,3.0,4.0,3.0,7.0
2012-11-11,VfB Stuttgart,Hannover,1729.4,1727.08,7.0,3.0,11.0,4.0
2012-11-11,VfL Wolfsburg,Bayer Leverkusen,1663.51,1793.62,3.0,7.0,3.0,11.0
2012-11-17,Borussia Dortmund,Greuther Furth,1924.37,1622.47,7.0,2.0,8.0,3.0
2012-11-17,Eintracht Frankfurt,FC Augsburg,1684.2,1623.27,1.0,0.0,4.0,4.0
2012-11-17,Hamburger SV,FSV Mainz 05,1674.32,1720.93,4.0,6.0,7.0,10.0
2012-11-17,Hannover,SC Freiburg,1755.52,1687.77,6.0,2.0,7.0,8.0
2012-11-17,Bayer Leverkusen,Schalke 04,1792.09,1842.26,6.0,6.0,8.0,12.0
2012-11-17,MGladbach,VfB Stuttgart,1739.57,1738.3,7.0,4.0,10.0,8.0
2012-11-17,Nurnberg,Bayern Munich,1666.01,1959.68,3.0,6.0,4.0,12.0
2012-11-18,TSG Hoffenheim,VfL Wolfsburg,1674.61,1678.27,4.0,6.0,5.0,6.0
2012-11-18,Werder Bremen,Fortuna Dusseldorf,1697.8,1625.53,4.0,1.0,7.0,1.0
2012-11-23,Fortuna Dusseldorf,Hamburger SV,1625.53,1674.32,1.0,4.0,1.0,7.0
2012-11-24,Bayern Munich,Hannover,1959.68,1755.52,7.0,6.0,10.0,6.0
2012-11-24,Greuther Furth,Nurnberg,1622.47,1666.01,1.0,4.0,3.0,5.0
2012-11-24,FSV Mainz 05,Borussia Dortmund,1720.93,1924.37,3.0,7.0,7.0,10.0
2012-11-24,Schalke 04,Eintracht Frankfurt,1842.26,1684.2,3.0,4.0,9.0,7.0
2012-11-24,VfL Wolfsburg,Werder Bremen,1678.27,1697.8,6.0,6.0,9.0,10.0
2012-11-25,FC Augsburg,MGladbach,1623.27,1739.57,0.0,4.0,1.0,7.0
2012-11-25,SC Freiburg,VfB Stuttgart,1687.77,1738.3,5.0,4.0,8.0,10.0
2012-11-25,TSG Hoffenheim,Bayer Leverkusen,1674.61,1792.09,4.0,6.0,5.0,10.0
2012-11-27,Borussia Dortmund,Fortuna Dusseldorf,1924.37,1625.53,9.0,4.0,13.0,4.0
2012-11-27,Eintracht Frankfurt,FSV Mainz 05,1684.2,1720.93,4.0,3.0,5.0,6.0
2012-11-27,Hamburger SV,Schalke 04,1674.32,1842.26,4.0,4.0,7.0,7.0
2012-11-27,Hannover,Greuther Furth,1755.52,1622.47,3.0,1.0,6.0,3.0
2012-11-28,SC Freiburg,Bayern Munich,1687.77,1959.68,7.0,7.0,8.0,10.0
2012-11-28,MGladbach,VfL Wolfsburg,1739.57,1678.27,4.0,7.0,8.0,10.0
2012-11-28,Nurnberg,TSG Hoffenheim,1666.01,1674.61,2.0,1.0,5.0,4.0
2012-11-28,VfB Stuttgart,FC Augsburg,1738.3,1623.27,3.0,1.0,7.0,1.0
2012-11-28,Werder Bremen,Bayer Leverkusen,1697.8,1792.09,4.0,6.0,8.0,12.0
2012-11-30,Fortuna Dusseldorf,Eintracht Frankfurt,1625.53,1684.2,4.0,4.0,5.0,5.0
2012-12-01,FC Augsburg,SC Freiburg,1618.25,1711.65,1.0,6.0,1.0,8.0
2012-12-01,Bayern Munich,Borussia Dortmund,1967.66,1936.54,7.0,7.0,13.0,11.0
2012-12-01,Greuther Furth,VfB Stuttgart,1618.79,1757.5,1.0,6.0,2.0,7.0
2012-12-01,Bayer Leverkusen,Nurnberg,1814.0,1685.08,9.0,5.0,12.0,8.0
2012-12-01,FSV Mainz 05,Hannover,1726.46,1743.77,3.0,3.0,6.0,9.0
2012-12-01,Schalke 04,MGladbach,1819.55,1742.29,1.0,4.0,4.0,8.0
2012-12-02,TSG Hoffenheim,Werder Bremen,1650.59,1696.07,0.0,4.0,4.0,7.0
2012-12-02,VfL Wolfsburg,Hamburger SV,1686.66,1689.4,4.0,6.0,7.0,7.0
2012-12-07,Hamburger SV,TSG Hoffenheim,1689.4,1650.59,4.0,0.0,8.0,1.0
2012-12-08,FC Augsburg,Bayern Munich,1618.25,1967.66,2.0,7.0,2.0,11.0
2012-12-08,Borussia Dortmund,VfL Wolfsburg,1936.54,1686.66,5.0,2.0,11.0,8.0
2012-12-08,Eintracht Frankfurt,Werder Bremen,1673.03,1696.07,1.0,4.0,4.0,7.0
2012-12-08,SC Freiburg,Greuther Furth,1711.65,1618.79,4.0,1.0,8.0,1.0
2012-12-08,Nurnberg,Fortuna Dusseldorf,1685.08,1659.14,4.0,7.0,5.0,8.0
2012-12-08,VfB Stuttgart,Schalke 04,1757.5,1819.55,6.0,2.0,9.0,5.0
2012-12-09,Hannover,Bayer Leverkusen,1743.77,1814.0,3.0,9.0,6.0,12.0
2012-12-09,MGladbach,FSV Mainz 05,1742.29,1726.46,5.0,6.0,8.0,9.0
2012-12-14,Bayern Munich,MGladbach,1967.66,1742.29,7.0,7.0,11.0,8.0
2012-12-15,Fortuna Dusseldorf,Hannover,1653.63,1751.42,4.0,6.0,7.0,6.0
2012-12-15,Greuther Furth,FC Augsburg,1611.42,1618.85,0.0,1.0,1.0,2.0
2012-12-15,Bayer Leverkusen,Hamburger SV,1813.49,1701.44,6.0,7.0,12.0,10.0
2012-12-15,FSV Mainz 05,VfB Stuttgart,1727.98,1762.51,6.0,9.0,6.0,12.0
2012-12-15,Schalke 04,SC Freiburg,1806.3,1718.14,1.0,4.0,2.0,10.0
2012-12-15,VfL Wolfsburg,Eintracht Frankfurt,1702.84,1688.31,4.0,3.0,8.0,7.0
2012-12-16,TSG Hoffenheim,Borussia Dortmund,1631.99,1931.79,0.0,2.0,0.0,8.0
2012-12-16,Werder Bremen,Nurnberg,1701.13,1692.93,3.0,6.0,7.0,8.0
2013-01-18,Schalke 04,Hannover,1789.99,1742.53,1.0,3.0,2.0,6.0
2013-01-19,Bayern Munich,Greuther Furth,1965.85,1609.83,5.0,1.0,11.0,2.0
2013-01-19,TSG Hoffenheim,MGladbach,1628.07,1779.51,0.0,5.0,0.0,9.0
2013-01-19,Bayer Leverkusen,Eintracht Frankfurt,1820.41,1702.18,6.0,6.0,12.0,7.0
2013-01-19,FSV Mainz 05,SC Freiburg,1738.17,1734.45,6.0,7.0,9.0,10.0
2013-01-19,Werder Bremen,Borussia Dortmund,1699.11,1935.72,4.0,4.0,5.0,8.0
2013-01-19,VfL Wolfsburg,VfB Stuttgart,1688.96,1752.32,4.0,6.0,5.0,9.0
2013-01-20,Fortuna Dusseldorf,FC Augsburg,1662.52,1620.44,6.0,2.0,10.0,3.0
2013-01-20,Nurnberg,Hamburger SV,1694.95,1694.51,4.0,4.0,8.0,7.0
2013-01-25,Borussia Dortmund,Nurnberg,1935.72,1694.95,6.0,5.0,8.0,8.0
2013-01-26,FC Augsburg,Schalke 04,1620.44,1789.99,4.0,3.0,5.0,4.0
2013-01-26,Eintracht Frankfurt,TSG Hoffenheim,1702.18,1628.07,6.0,1.0,6.0,1.0
2013-01-26,SC Freiburg,Bayer Leverkusen,1734.45,1820.41,7.0,6.0,8.0,12.0
2013-01-26,Greuther Furth,FSV Mainz 05,1609.83,1738.17,1.0,4.0,1.0,10.0
2013-01-26,Hannover,VfL Wolfsburg,1742.53,1688.96,3.0,6.0,6.0,7.0
2013-01-26,MGladbach,Fortuna Dusseldorf,1779.51,1662.52,5.0,3.0,9.0,7.0
2013-01-27,Hamburger SV,Werder Bremen,1694.51,1699.11,4.0,1.0,8.0,4.0
2013-01-27,VfB Stuttgart,Bayern Munich,1752.32,1965.85,3.0,7.0,9.0,11.0
2013-02-01,Werder Bremen,Hannover,1684.32,1742.77,1.0,3.0,4.0,6.0
2013-02-02,Fortuna Dusseldorf,VfB Stuttgart,1647.9,1735.48,3.0,0.0,6.0,6.0
2013-02-02,Hamburger SV,Eintracht Frankfurt,1702.63,1701.62,4.0,6.0,8.0,9.0
2013-02-02,TSG Hoffenheim,SC Freiburg,1625.77,1737.1,1.0,5.0,1.0,9.0
2013-02-02,FSV Mainz 05,Bayern Munich,1747.5,1973.08,7.0,7.0,10.0,11.0
2013-02-02,Schalke 04,Greuther Furth,1792.38,1597.06,4.0,1.0,5.0,1.0
2013-02-02,VfL Wolfsburg,FC Augsburg,1694.67,1634.12,3.0,5.0,7.0,6.0
2013-02-03,Bayer Leverkusen,Borussia Dortmund,1825.01,1947.6,7.0,9.0,10.0,10.0
2013-02-03,Nurnberg,MGladbach,1689.74,1780.79,2.0,5.0,5.0,9.0
2013-02-09,Bayern Munich,Schalke 04,1973.08,1792.38,9.0,4.0,13.0,4.0
2013-02-09,Borussia Dortmund,Hamburger SV,1947.6,1702.63,9.0,4.0,12.0,7.0
2013-02-09,Eintracht Frankfurt,Nurnberg,1701.62,1689.74,6.0,4.0,12.0,8.0
2013-02-09,Greuther Furth,VfL Wolfsburg,1597.06,1694.67,3.0,4.0,4.0,7.0
2013-02-09,Hannover,TSG Hoffenheim,1742.77,1625.77,3.0,4.0,6.0,4.0
2013-02-09,MGladbach,Bayer Leverkusen,1780.79,1825.01,4.0,4.0,8.0,7.0
2013-02-09,VfB Stuttgart,Werder Bremen,1735.48,1684.32,0.0,3.0,3.0,4.0
2013-02-10,FC Augsburg,FSV Mainz 05,1634.12,1747.5,5.0,4.0,6.0,7.0
2013-02-10,SC Freiburg,Fortuna Dusseldorf,1737.1,1647.9,2.0,3.0,8.0,6.0
2013-02-15,VfL Wolfsburg,Bayern Munich,1698.66,1985.31,4.0,9.0,7.0,13.0
2013-02-16,Borussia Dortmund,Eintracht Frankfurt,1927.87,1713.12,6.0,7.0,12.0,10.0
2013-02-16,Fortuna Dusseldorf,Greuther Furth,1654.95,1603.7,3.0,3.0,6.0,4.0
2013-02-16,Hamburger SV,MGladbach,1715.13,1771.54,6.0,4.0,7.0,6.0
2013-02-16,Bayer Leverkusen,FC Augsburg,1818.96,1638.91,2.0,3.0,8.0,7.0
2013-02-16,FSV Mainz 05,Schalke 04,1738.98,1773.25,4.0,1.0,8.0,4.0
2013-02-16,Werder Bremen,SC Freiburg,1712.66,1732.92,6.0,4.0,7.0,8.0
2013-02-17,TSG Hoffenheim,VfB Stuttgart,1630.73,1705.81,3.0,0.0,4.0,0.0
2013-02-17,Nurnberg,Hannover,1700.77,1736.28,4.0,6.0,6.0,6.0
2013-02-22,SC Freiburg,Eintracht Frankfurt,1732.92,1713.12,6.0,4.0,8.0,7.0
2013-02-23,FC Augsburg,TSG Hoffenheim,1638.91,1630.73,2.0,3.0,6.0,4.0
2013-02-23,Bayern Munich,Werder Bremen,1985.31,1712.66,9.0,6.0,15.0,6.0
2013-02-23,Hannover,Hamburger SV,1736.28,1715.13,4.0,6.0,7.0,10.0
2013-02-23,FSV Mainz 05,VfL Wolfsburg,1738.98,1698.66,2.0,4.0,6.0,7.0
2013-02-23,Schalke 04,Fortuna Dusseldorf,1773.25,1654.95,1.0,6.0,5.0,6.0
2013-02-23,VfB Stuttgart,Nurnberg,1705.81,1700.77,3.0,5.0,3.0,6.0
2013-02-24,Greuther Furth,Bayer Leverkusen,1603.7,1818.96,3.0,4.0,3.0,8.0
2013-02-24,MGladbach,Borussia Dortmund,1771.54,1927.87,1.0,6.0,5.0,12.0
2013-03-01,Eintracht Frankfurt,MGladbach,1701.98,1737.44,2.0,2.0,8.0,5.0
2013-03-02,Borussia Dortmund,Hannover,1921.99,1726.04,4.0,7.0,10.0,10.0
2013-03-02,Hamburger SV,Greuther Furth,1700.34,1592.79,6.0,1.0,9.0,4.0
2013-03-02,Bayer Leverkusen,VfB Stuttgart,1794.63,1710.0,5.0,4.0,6.0,4.0
2013-03-02,Nurnberg,SC Freiburg,1692.57,1729.66,3.0,7.0,6.0,8.0
2013-03-02,Werder Bremen,FC Augsburg,1690.9,1632.64,3.0,4.0,6.0,6.0
2013-03-02,VfL Wolfsburg,Schalke 04,1687.81,1770.07,4.0,4.0,5.0,5.0
2013-03-03,Fortuna Dusseldorf,FSV Mainz 05,1646.85,1726.02,3.0,3.0,6.0,6.0
2013-03-03,TSG Hoffenheim,Bayern Munich,1607.36,1989.3,0.0,9.0,3.0,15.0
2013-03-08,FC Augsburg,Nurnberg,1632.64,1692.57,6.0,3.0,8.0,7.0
2013-03-09,Bayern Munich,Fortuna Dusseldorf,1989.3,1646.85,9.0,4.0,15.0,7.0
2013-03-09,SC Freiburg,VfL Wolfsburg,1729.66,1687.81,5.0,1.0,8.0,5.0
2013-03-09,Greuther Furth,TSG Hoffenheim,1592.79,1607.36,2.0,0.0,5.0,3.0
2013-03-09,FSV Mainz 05,Bayer Leverkusen,1726.02,1794.63,3.0,7.0,4.0,8.0
2013-03-09,MGladbach,Werder Bremen,1737.44,1690.9,4.0,0.0,5.0,6.0
2013-03-09,Schalke 04,Borussia Dortmund,1770.07,1921.99,7.0,7.0,7.0,10.0
2013-03-10,Hannover,Eintracht Frankfurt,1726.04,1701.98,4.0,1.0,7.0,5.0
2013-03-10,VfB Stuttgart,Hamburger SV,1710.0,1700.34,4.0,4.0,4.0,7.0
2013-03-15,VfL Wolfsburg,Fortuna Dusseldorf,1683.52,1635.54,4.0,1.0,7.0,4.0
2013-03-16,Borussia Dortmund,SC Freiburg,1914.1,1700.45,4.0,2.0,7.0,8.0
2013-03-16,Hamburger SV,FC Augsburg,1694.29,1624.43,4.0,6.0,10.0,7.0
2013-03-16,TSG Hoffenheim,FSV Mainz 05,1610.71,1723.03,3.0,5.0,3.0,7.0
2013-03-16,Bayer Leverkusen,Bayern Munich,1779.97,1977.99,4.0,9.0,8.0,15.0
2013-03-16,Nurnberg,Schalke 04,1689.56,1764.45,5.0,9.0,7.0,10.0
2013-03-16,Werder Bremen,Greuther Furth,1672.54,1570.54,1.0,2.0,4.0,2.0
2013-03-17,Eintracht Frankfurt,VfB Stuttgart,1685.05,1663.57,2.0,1.0,3.0,4.0
2013-03-17,MGladbach,Hannover,1731.79,1709.17,5.0,4.0,6.0,8.0
2013-03-30,FC Augsburg,Hannover,1624.43,1709.17,6.0,1.0,9.0,5.0
2013-03-30,Bayern Munich,Hamburger SV,1977.99,1694.29,9.0,4.0,15.0,7.0
2013-03-30,Fortuna Dusseldorf,Bayer Leverkusen,1635.54,1779.97,2.0,3.0,5.0,7.0
2013-03-30,SC Freiburg,MGladbach,1700.45,1731.79,1.0,7.0,5.0,8.0
2013-03-30,FSV Mainz 05,Werder Bremen,1723.03,1672.54,5.0,2.0,7.0,2.0
2013-03-30,Schalke 04,TSG Hoffenheim,1764.45,1610.71,6.0,4.0,10.0,4.0
2013-03-30,VfB Stuttgart,Borussia Dortmund,1663.57,1914.1,3.0,6.0,7.0,10.0
2013-03-31,Greuther Furth,Eintracht Frankfurt,1570.54,1685.05,2.0,1.0,3.0,2.0
2013-03-31,VfL Wolfsburg,Nurnberg,1683.52,1689.56,4.0,7.0,5.0,9.0
2013-04-05,TSG Hoffenheim,Fortuna Dusseldorf,1606.1,1628.29,4.0,1.0,4.0,2.0
2013-04-06,Borussia Dortmund,FC Augsburg,1922.52,1625.06,6.0,3.0,10.0,9.0
2013-04-06,Eintracht Frankfurt,Bayern Munich,1682.03,1986.63,4.0,9.0,5.0,15.0
2013-04-06,Hamburger SV,SC Freiburg,1678.74,1706.46,3.0,3.0,4.0,5.0
2013-04-06,Bayer Leverkusen,VfL Wolfsburg,1785.59,1679.75,3.0,5.0,7.0,6.0
2013-04-06,MGladbach,Greuther Furth,1726.9,1567.95,4.0,1.0,8.0,3.0
2013-04-06,Werder Bremen,Schalke 04,1671.29,1755.96,3.0,6.0,3.0,12.0
2013-04-07,Hannover,VfB Stuttgart,1713.94,1669.93,4.0,3.0,7.0,4.0
2013-04-07,Nurnberg,FSV Mainz 05,1705.14,1718.41,7.0,5.0,9.0,7.0
2013-04-12,SC Freiburg,Hannover,1706.46,1713.94,6.0,4.0,7.0,5.0
2013-04-13,Bayern Munich,Nurnberg,1986.63,1705.14,9.0,7.0,15.0,11.0
2013-04-13,Fortuna Dusseldorf,Werder Bremen,1628.29,1671.29,1.0,2.0,2.0,3.0
2013-04-13,Greuther Furth,Borussia Dortmund,1567.95,1922.52,1.0,9.0,2.0,12.0
2013-04-13,FSV Mainz 05,Hamburger SV,1718.41,1678.74,2.0,0.0,6.0,4.0
2013-04-13,Schalke 04,Bayer Leverkusen,1755.96,1785.59,6.0,4.0,12.0,7.0
2013-04-13,VfL Wolfsburg,TSG Hoffenheim,1679.75,1606.1,3.0,4.0,6.0,7.0
2013-04-14,FC Augsburg,Eintracht Frankfurt,1625.06,1682.03,3.0,3.0,6.0,4.0
2013-04-14,VfB Stuttgart,MGladbach,1669.93,1726.9,4.0,6.0,4.0,10.0
2013-04-19,MGladbach,FC Augsburg,1735.34,1627.95,3.0,3.0,7.0,6.0
2013-04-20,Borussia Dortmund,FSV Mainz 05,1939.95,1705.8,9.0,1.0,12.0,5.0
2013-04-20,Eintracht Frankfurt,Schalke 04,1684.58,1769.82,3.0,7.0,4.0,10.0
2013-04-20,Hamburger SV,Fortuna Dusseldorf,1685.76,1620.78,3.0,1.0,6.0,2.0
2013-04-20,Hannover,Bayern Munich,1707.03,2007.51,4.0,9.0,5.0,15.0
2013-04-20,Bayer Leverkusen,TSG Hoffenheim,1787.5,1626.89,5.0,4.0,5.0,8.0
2013-04-20,Werder Bremen,VfL Wolfsburg,1666.8,1685.86,2.0,3.0,4.0,7.0
2013-04-21,Nurnberg,Greuther Furth,1714.0,1565.51,4.0,0.0,10.0,1.0
2013-04-21,VfB Stuttgart,SC Freiburg,1677.82,1729.58,4.0,9.0,7.0,9.0
2013-04-26,Greuther Furth,Hannover,1565.51,1707.03,3.0,1.0,4.0,4.0
2013-04-27,FC Augsburg,VfB Stuttgart,1627.95,1677.82,3.0,7.0,6.0,10.0
2013-04-27,Bayern Munich,SC Freiburg,2007.51,1729.58,9.0,6.0,15.0,9.0
2013-04-27,Fortuna Dusseldorf,Borussia Dortmund,1620.78,1939.95,1.0,9.0,2.0,15.0
2013-04-27,TSG Hoffenheim,Nurnberg,1626.89,1714.0,4.0,3.0,5.0,7.0
2013-04-27,Bayer Leverkusen,Werder Bremen,1787.5,1666.8,5.0,1.0,8.0,3.0
2013-04-27,VfL Wolfsburg,MGladbach,1685.86,1735.34,5.0,6.0,7.0,9.0
2013-04-28,FSV Mainz 05,Eintracht Frankfurt,1705.8,1684.58,0.0,3.0,2.0,6.0
2013-04-28,Schalke 04,Hamburger SV,1769.82,1685.76,4.0,6.0,7.0,6.0
2013-05-03,MGladbach,Schalke 04,1729.77,1780.51,3.0,4.0,6.0,10.0
2013-05-04,Borussia Dortmund,Bayern Munich,1969.63,2047.57,9.0,9.0,15.0,15.0
2013-05-04,Eintracht Frankfurt,Fortuna Dusseldorf,1695.62,1624.89,4.0,1.0,7.0,1.0
2013-05-04,Hannover,FSV Mainz 05,1718.65,1711.73,3.0,1.0,7.0,2.0
2013-05-04,Nurnberg,Bayer Leverkusen,1703.32,1809.28,0.0,7.0,4.0,11.0
2013-05-04,VfB Stuttgart,Greuther Furth,1693.86,1583.66,6.0,3.0,7.0,3.0
2013-05-04,Werder Bremen,TSG Hoffenheim,1659.55,1639.73,1.0,4.0,2.0,7.0
2013-05-05,SC Freiburg,FC Augsburg,1731.9,1660.07,3.0,6.0,9.0,6.0
2013-05-05,Hamburger SV,VfL Wolfsburg,1693.66,1722.43,6.0,7.0,6.0,9.0
2013-05-11,Bayern Munich,FC Augsburg,2047.57,1660.07,7.0,3.0,13.0,6.0
2013-05-11,Fortuna Dusseldorf,Nurnberg,1624.89,1703.32,0.0,0.0,1.0,3.0
2013-05-11,Greuther Furth,SC Freiburg,1583.66,1731.9,6.0,3.0,6.0,9.0
2013-05-11,TSG Hoffenheim,Hamburger SV,1639.73,1693.66,4.0,4.0,8.0,7.0
2013-05-11,Bayer Leverkusen,Hannover,1809.28,1718.65,9.0,4.0,11.0,5.0
2013-05-11,FSV Mainz 05,MGladbach,1711.73,1729.77,2.0,3.0,2.0,6.0
2013-05-11,Schalke 04,VfB Stuttgart,1780.51,1693.86,6.0,3.0,10.0,7.0
2013-05-11,Werder Bremen,Eintracht Frankfurt,1659.55,1695.62,1.0,7.0,2.0,7.0
2013-05-11,VfL Wolfsburg,Borussia Dortmund,1722.43,1969.63,7.0,7.0,9.0,13.0
2013-05-18,FC Augsburg,Greuther Furth,1655.03,1598.28,3.0,3.0,6.0,6.0
2013-05-18,Borussia Dortmund,TSG Hoffenheim,1968.91,1631.07,5.0,4.0,11.0,5.0
2013-05-18,Eintracht Frankfurt,VfL Wolfsburg,1706.36,1731.58,5.0,5.0,8.0,9.0
2013-05-18,SC Freiburg,Schalke 04,1748.37,1779.85,6.0,6.0,9.0,7.0
2013-05-18,Hamburger SV,Bayer Leverkusen,1710.41,1828.18,4.0,9.0,10.0,13.0
2013-05-18,Hannover,Fortuna Dusseldorf,1714.26,1613.72,4.0,0.0,4.0,1.0
2013-05-18,MGladbach,Bayern Munich,1738.37,2061.94,3.0,7.0,6.0,13.0
2013-05-18,Nurnberg,Werder Bremen,1704.61,1660.13,3.0,2.0,3.0,3.0
2013-05-18,VfB Stuttgart,FSV Mainz 05,1692.09,1703.59,3.0,2.0,9.0,2.0
2013-08-09,Bayern Munich,MGladbach,2069.57,1735.86,7.0,3.0,13.0,6.0
2013-08-10,FC Augsburg,Borussia Dortmund,1662.44,1948.2,3.0,2.0,6.0,8.0
2013-08-10,Braunschweig,Werder Bremen,1562.03,1654.76,2.0,2.0,6.0,2.0
2013-08-10,Hannover,VfL Wolfsburg,1721.49,1732.64,4.0,3.0,7.0,9.0
2013-08-10,Hertha,Eintracht Frankfurt,1688.25,1705.31,7.0,5.0,13.0,9.0
2013-08-10,TSG Hoffenheim,Nurnberg,1661.39,1709.98,4.0,6.0,7.0,6.0
2013-08-10,Bayer Leverkusen,SC Freiburg,1834.73,1739.67,9.0,6.0,15.0,6.0
2013-08-11,FSV Mainz 05,VfB Stuttgart,1705.04,1690.64,2.0,4.0,3.0,7.0
2013-08-11,Schalke 04,Hamburger SV,1788.55,1703.86,6.0,4.0,9.0,7.0
2013-08-17,Eintracht Frankfurt,Bayern Munich,1689.96,2071.45,2.0,9.0,6.0,13.0
2013-08-17,SC Freiburg,FSV Mainz 05,1733.46,1711.47,3.0,4.0,6.0,6.0
2013-08-17,Hamburger SV,TSG Hoffenheim,1707.89,1661.26,4.0,4.0,5.0,8.0
2013-08-17,MGladbach,Hannover,1734.25,1731.02,3.0,6.0,3.0,10.0
2013-08-17,VfB Stuttgart,Bayer Leverkusen,1684.87,1841.21,4.0,9.0,4.0,15.0
2013-08-17,Werder Bremen,FC Augsburg,1661.9,1656.63,4.0,3.0,5.0,6.0
2013-08-17,VfL Wolfsburg,Schalke 04,1723.38,1784.79,2.0,4.0,6.0,10.0
2013-08-18,Borussia Dortmund,Braunschweig,1954.28,1555.15,4.0,1.0,8.0,5.0
2013-08-18,Nurnberg,Hertha,1710.38,1703.87,7.0,7.0,7.0,13.0
2013-08-23,Borussia Dortmund,Werder Bremen,1954.28,1661.9,6.0,6.0,8.0,8.0
2013-08-24,Bayern Munich,Nurnberg,2071.45,1710.38,9.0,5.0,13.0,8.0
2013-08-24,Hannover,Schalke 04,1731.02,1784.79,6.0,4.0,7.0,7.0
2013-08-24,Hertha,Hamburger SV,1703.87,1707.89,5.0,1.0,11.0,5.0
2013-08-24,TSG Hoffenheim,SC Freiburg,1661.26,1733.46,7.0,0.0,8.0,6.0
2013-08-24,Bayer Leverkusen,MGladbach,1841.21,1734.25,9.0,3.0,15.0,6.0
2013-08-24,FSV Mainz 05,VfL Wolfsburg,1711.47,1723.38,7.0,4.0,8.0,6.0
2013-08-25,FC Augsburg,VfB Stuttgart,1656.63,1684.87,3.0,1.0,3.0,4.0
2013-08-25,Braunschweig,Eintracht Frankfurt,1555.15,1689.96,1.0,1.0,2.0,5.0
2013-08-27,SC Freiburg,Bayern Munich,1733.46,2071.45,1.0,9.0,4.0,15.0
2013-08-31,Hamburger SV,Braunschweig,1707.89,1555.15,1.0,0.0,4.0,1.0
2013-08-31,Hannover,FSV Mainz 05,1731.02,1711.47,6.0,9.0,9.0,10.0
2013-08-31,MGladbach,Werder Bremen,1734.25,1661.9,3.0,6.0,6.0,7.0
2013-08-31,Nurnberg,FC Augsburg,1710.38,1656.63,2.0,3.0,8.0,6.0
2013-08-31,Schalke 04,Bayer Leverkusen,1784.79,1841.21,1.0,9.0,4.0,15.0
2013-08-31,VfL Wolfsburg,Hertha,1723.38,1703.87,3.0,7.0,5.0,11.0
2013-09-01,Eintracht Frankfurt,Borussia Dortmund,1691.38,1949.83,3.0,9.0,5.0,10.0
2013-09-01,VfB Stuttgart,TSG Hoffenheim,1641.33,1675.25,0.0,5.0,4.0,8.0
2013-09-13,Hertha,VfB Stuttgart,1696.48,1641.33,4.0,3.0,8.0,4.0
2013-09-14,FC Augsburg,SC Freiburg,1661.53,1723.89,6.0,2.0,9.0,2.0
2013-09-14,Bayern Munich,Hannover,2060.99,1731.65,7.0,6.0,13.0,12.0
2013-09-14,Borussia Dortmund,Hamburger SV,1949.83,1680.81,9.0,3.0,12.0,4.0
2013-09-14,Bayer Leverkusen,VfL Wolfsburg,1833.83,1731.14,6.0,6.0,12.0,7.0
2013-09-14,FSV Mainz 05,Schalke 04,1713.12,1769.3,6.0,3.0,10.0,7.0
2013-09-14,Werder Bremen,Eintracht Frankfurt,1651.88,1691.38,3.0,3.0,6.0,4.0
2013-09-15,Braunschweig,Nurnberg,1531.47,1689.09,0.0,1.0,1.0,5.0
2013-09-15,TSG Hoffenheim,MGladbach,1661.39,1740.63,4.0,6.0,8.0,6.0
2013-09-20,MGladbach,Braunschweig,1740.63,1531.47,3.0,1.0,6.0,1.0
2013-09-21,Hamburger SV,Werder Bremen,1680.81,1651.88,3.0,0.0,4.0,6.0
2013-09-21,Hannover,FC Augsburg,1731.65,1661.53,6.0,9.0,9.0,9.0
2013-09-21,FSV Mainz 05,Bayer Leverkusen,1713.12,1833.83,3.0,6.0,9.0,12.0
2013-09-21,Nurnberg,Borussia Dortmund,1689.09,1953.36,1.0,9.0,3.0,15.0
2013-09-21,Schalke 04,Bayern Munich,1769.3,2060.99,6.0,7.0,7.0,13.0
2013-09-21,VfL Wolfsburg,TSG Hoffenheim,1731.14,1661.39,3.0,4.0,6.0,8.0
2013-09-22,SC Freiburg,Hertha,1723.89,1685.62,2.0,3.0,2.0,7.0
2013-09-22,VfB Stuttgart,Eintracht Frankfurt,1666.06,1687.84,6.0,6.0,6.0,6.0
2013-09-27,FC Augsburg,MGladbach,1661.53,1740.63,6.0,6.0,9.0,9.0
2013-09-28,Bayern Munich,VfL Wolfsburg,2060.99,1731.14,7.0,6.0,13.0,9.0
2013-09-28,Borussia Dortmund,SC Freiburg,1953.36,1723.89,7.0,2.0,13.0,3.0
2013-09-28,Eintracht Frankfurt,Hamburger SV,1687.84,1680.81,4.0,3.0,7.0,3.0
2013-09-28,Hertha,FSV Mainz 05,1685.62,1713.12,1.0,0.0,5.0,6.0
2013-09-28,TSG Hoffenheim,Schalke 04,1661.39,1769.3,3.0,6.0,7.0,6.0
2013-09-28,Bayer Leverkusen,Hannover,1833.83,1731.65,6.0,6.0,12.0,9.0
2013-09-29,Braunschweig,VfB Stuttgart,1531.47,1666.06,1.0,7.0,1.0,7.0
2013-09-29,Werder Bremen,Nurnberg,1651.88,1689.09,3.0,2.0,6.0,3.0
2013-10-04,Hannover,Hertha,1727.49,1695.4,3.0,4.0,9.0,7.0
2013-10-05,Bayer Leverkusen,Bayern Munich,1847.68,2069.88,9.0,9.0,12.0,13.0
2013-10-05,FSV Mainz 05,TSG Hoffenheim,1682.52,1663.89,0.0,4.0,3.0,5.0
2013-10-05,MGladbach,Borussia Dortmund,1734.72,1942.8,4.0,7.0,7.0,13.0
2013-10-05,Schalke 04,FC Augsburg,1774.19,1662.77,4.0,4.0,7.0,10.0
2013-10-05,VfB Stuttgart,Werder Bremen,1675.92,1649.16,7.0,4.0,10.0,4.0
2013-10-05,VfL Wolfsburg,Braunschweig,1727.23,1515.05,3.0,1.0,6.0,1.0
2013-10-06,SC Freiburg,Eintracht Frankfurt,1702.0,1706.35,1.0,5.0,3.0,8.0
2013-10-06,Nurnberg,Hamburger SV,1690.33,1663.62,3.0,1.0,3.0,4.0
2013-10-18,TSG Hoffenheim,Bayer Leverkusen,1674.5,1865.1,2.0,7.0,5.0,10.0
2013-10-19,Bayern Munich,FSV Mainz 05,2080.98,1688.44,7.0,1.0,11.0,1.0
2013-10-19,Braunschweig,Schalke 04,1543.66,1797.43,3.0,4.0,4.0,10.0
2013-10-19,Borussia Dortmund,Hannover,1937.7,1733.01,4.0,4.0,10.0,7.0
2013-10-19,Eintracht Frankfurt,Nurnberg,1725.52,1675.35,3.0,2.0,6.0,3.0
2013-10-19,Hertha,MGladbach,1706.41,1759.34,5.0,7.0,5.0,10.0
2013-10-19,Werder Bremen,SC Freiburg,1660.0,1700.97,5.0,2.0,5.0,3.0
2013-10-20,FC Augsburg,VfL Wolfsburg,1664.44,1715.17,1.0,3.0,7.0,6.0
2013-10-20,Hamburger SV,VfB Stuttgart,1695.14,1681.62,4.0,5.0,7.0,11.0
2013-10-25,VfB Stuttgart,Nurnberg,1681.62,1675.35,5.0,2.0,9.0,4.0
2013-10-26,Bayern Munich,Hertha,2080.98,1706.41,7.0,7.0,13.0,8.0
2013-10-26,Hannover,TSG Hoffenheim,1733.01,1674.5,1.0,2.0,4.0,5.0
2013-10-26,Bayer Leverkusen,FC Augsburg,1865.1,1664.44,7.0,1.0,13.0,4.0
2013-10-26,FSV Mainz 05,Braunschweig,1688.44,1543.66,1.0,3.0,1.0,4.0
2013-10-26,Schalke 04,Borussia Dortmund,1797.43,1937.7,7.0,6.0,10.0,10.0
2013-10-26,VfL Wolfsburg,Werder Bremen,1715.17,1660.0,3.0,3.0,6.0,6.0
2013-10-27,SC Freiburg,Hamburger SV,1700.97,1695.14,2.0,5.0,3.0,5.0
2013-10-27,MGladbach,Eintracht Frankfurt,1759.34,1725.52,4.0,3.0,7.0,7.0
2013-11-01,Borussia Dortmund,VfB Stuttgart,1958.45,1684.36,6.0,3.0,10.0,7.0
2013-11-02,Braunschweig,Bayer Leverkusen,1537.62,1884.17,3.0,7.0,3.0,13.0
2013-11-02,Eintracht Frankfurt,VfL Wolfsburg,1719.2,1734.48,2.0,6.0,4.0,9.0
2013-11-02,Hamburger SV,MGladbach,1711.75,1764.48,7.0,6.0,8.0,10.0
2013-11-02,Hertha,Schalke 04,1715.54,1784.28,4.0,6.0,8.0,7.0
2013-11-02,TSG Hoffenheim,Bayern Munich,1691.09,2087.62,4.0,7.0,5.0,13.0
2013-11-02,Nurnberg,SC Freiburg,1682.86,1681.9,2.0,2.0,4.0,3.0
2013-11-03,FC Augsburg,FSV Mainz 05,1656.16,1694.28,0.0,4.0,1.0,4.0
2013-11-03,Werder Bremen,Hannover,1653.26,1714.2,2.0,1.0,6.0,4.0
2013-11-08,Hannover,Braunschweig,1714.2,1537.62,0.0,3.0,1.0,6.0
2013-11-09,Bayern Munich,FC Augsburg,2087.62,1656.16,9.0,3.0,13.0,4.0
2013-11-09,TSG Hoffenheim,Hertha,1691.09,1715.54,3.0,3.0,5.0,7.0
2013-11-09,Bayer Leverkusen,Hamburger SV,1884.17,1711.75,6.0,4.0,10.0,8.0
2013-11-09,MGladbach,Nurnberg,1764.48,1682.86,6.0,2.0,10.0,3.0
2013-11-09,Schalke 04,Werder Bremen,1784.28,1653.26,6.0,4.0,10.0,6.0
2013-11-09,VfL Wolfsburg,Borussia Dortmund,1734.48,1958.45,9.0,9.0,9.0,12.0
2013-11-10,SC Freiburg,VfB Stuttgart,1681.9,1684.36,4.0,2.0,5.0,6.0
2013-11-10,FSV Mainz 05,Eintracht Frankfurt,1694.28,1719.2,3.0,1.0,4.0,3.0
2013-11-22,VfB Stuttgart,MGladbach,1683.52,1770.74,4.0,9.0,6.0,12.0
2013-11-23,FC Augsburg,TSG Hoffenheim,1651.55,1669.64,3.0,3.0,3.0,4.0
2013-11-23,Braunschweig,SC Freiburg,1546.72,1670.97,4.0,3.0,7.0,5.0
2013-11-23,Borussia Dortmund,Bayern Munich,1928.49,2080.9,6.0,9.0,9.0,13.0
2013-11-23,Eintracht Frankfurt,Schalke 04,1678.4,1782.58,0.0,6.0,2.0,12.0
2013-11-23,Hertha,Bayer Leverkusen,1702.91,1861.78,3.0,6.0,7.0,10.0
2013-11-23,Nurnberg,VfL Wolfsburg,1649.46,1744.18,1.0,9.0,2.0,12.0
2013-11-24,Hamburger SV,Hannover,1685.13,1689.85,3.0,1.0,7.0,2.0
2013-11-24,Werder Bremen,FSV Mainz 05,1645.07,1682.44,3.0,6.0,5.0,7.0
2013-11-29,VfL Wolfsburg,Hamburger SV,1744.18,1685.13,7.0,3.0,13.0,7.0
2013-11-30,Bayern Munich,Braunschweig,2080.9,1546.72,9.0,4.0,15.0,4.0
2013-11-30,Hertha,FC Augsburg,1702.91,1651.55,3.0,6.0,6.0,6.0
2013-11-30,TSG Hoffenheim,Werder Bremen,1669.64,1645.07,0.0,3.0,3.0,4.0
2013-11-30,Bayer Leverkusen,Nurnberg,1861.78,1649.46,6.0,1.0,12.0,3.0
2013-11-30,FSV Mainz 05,Borussia Dortmund,1682.44,1928.49,6.0,3.0,9.0,9.0
2013-11-30,Schalke 04,VfB Stuttgart,1782.58,1683.52,7.0,3.0,10.0,5.0
2013-12-01,Hannover,Eintracht Frankfurt,1680.85,1687.84,1.0,1.0,1.0,2.0
2013-12-01,MGladbach,SC Freiburg,1781.07,1684.88,9.0,6.0,12.0,7.0
2013-12-06,Nurnberg,FSV Mainz 05,1646.2,1685.82,1.0,6.0,2.0,9.0
2013-12-07,Borussia Dortmund,Bayer Leverkusen,1928.99,1853.15,3.0,9.0,9.0,12.0
2013-12-07,Eintracht Frankfurt,TSG Hoffenheim,1687.84,1658.0,1.0,1.0,1.0,4.0
2013-12-07,Hamburger SV,FC Augsburg,1697.71,1664.12,4.0,4.0,7.0,7.0
2013-12-07,MGladbach,Schalke 04,1781.07,1786.84,9.0,7.0,15.0,10.0
2013-12-07,VfB Stuttgart,Hannover,1666.54,1680.85,3.0,4.0,4.0,4.0
2013-12-07,Werder Bremen,Bayern Munich,1639.17,2093.62,1.0,9.0,4.0,15.0
2013-12-08,Braunschweig,Hertha,1540.13,1695.25,1.0,4.0,4.0,4.0
2013-12-08,SC Freiburg,VfL Wolfsburg,1684.88,1740.41,3.0,5.0,6.0,11.0
2013-12-13,Hertha,Werder Bremen,1695.25,1639.17,4.0,1.0,7.0,4.0
2013-12-14,FC Augsburg,Braunschweig,1664.12,1540.13,7.0,0.0,10.0,4.0
2013-12-14,Bayern Munich,Hamburger SV,2093.62,1697.71,9.0,4.0,15.0,4.0
2013-12-14,Hannover,Nurnberg,1680.85,1646.2,3.0,2.0,4.0,2.0
2013-12-14,TSG Hoffenheim,Borussia Dortmund,1658.0,1928.99,4.0,3.0,4.0,6.0
2013-12-14,FSV Mainz 05,MGladbach,1685.82,1781.07,4.0,9.0,7.0,15.0
2013-12-14,VfL Wolfsburg,VfB Stuttgart,1740.41,1666.54,5.0,3.0,11.0,6.0
2013-12-15,Bayer Leverkusen,Eintracht Frankfurt,1870.81,1672.93,9.0,1.0,12.0,1.0
2013-12-15,Schalke 04,SC Freiburg,1785.76,1655.26,4.0,3.0,10.0,6.0
2013-12-20,Eintracht Frankfurt,FC Augsburg,1672.93,1680.18,3.0,7.0,4.0,10.0
2013-12-21,Braunschweig,TSG Hoffenheim,1524.82,1672.13,0.0,5.0,1.0,5.0
2013-12-21,Borussia Dortmund,Hertha,1914.87,1707.33,4.0,7.0,4.0,10.0
2013-12-21,SC Freiburg,Hannover,1655.26,1677.23,0.0,4.0,3.0,5.0
2013-12-21,Hamburger SV,FSV Mainz 05,1685.29,1687.04,1.0,2.0,4.0,8.0
2013-12-21,Nurnberg,Schalke 04,1647.25,1785.76,2.0,6.0,3.0,10.0
2013-12-21,Werder Bremen,Bayer Leverkusen,1630.41,1870.81,1.0,6.0,1.0,12.0
2013-12-22,MGladbach,VfL Wolfsburg,1789.65,1759.9,7.0,7.0,13.0,11.0
2014-01-24,MGladbach,Bayern Munich,1787.47,2082.98,5.0,9.0,11.0,15.0
2014-01-25,Borussia Dortmund,FC Augsburg,1900.89,1681.71,1.0,7.0,4.0,11.0
2014-01-25,Eintracht Frankfurt,Hertha,1685.24,1721.31,4.0,9.0,5.0,10.0
2014-01-25,SC Freiburg,Bayer Leverkusen,1657.21,1844.67,3.0,3.0,6.0,9.0
2014-01-25,Nurnberg,TSG Hoffenheim,1649.99,1661.64,3.0,4.0,4.0,5.0
2014-01-25,VfB Stuttgart,FSV Mainz 05,1668.65,1696.1,3.0,5.0,6.0,8.0
2014-01-25,VfL Wolfsburg,Hannover,1762.09,1669.78,7.0,1.0,9.0,4.0
2014-01-26,Hamburger SV,Schalke 04,1676.23,1788.52,0.0,4.0,4.0,8.0
2014-01-26,Werder Bremen,Braunschweig,1642.71,1535.3,3.0,3.0,4.0,3.0
2014-01-29,VfB Stuttgart,Bayern Munich,1668.65,2082.98,3.0,9.0,3.0,15.0
2014-01-31,Braunschweig,Borussia Dortmund,1535.3,1900.89,4.0,2.0,4.0,5.0
2014-02-01,FC Augsburg,Werder Bremen,1688.15,1638.54,5.0,4.0,9.0,5.0
2014-02-01,Hannover,MGladbach,1685.49,1783.7,4.0,2.0,7.0,8.0
2014-02-01,TSG Hoffenheim,Hamburger SV,1647.85,1665.55,1.0,0.0,5.0,1.0
2014-02-01,Bayer Leverkusen,VfB Stuttgart,1833.06,1658.99,0.0,0.0,6.0,3.0
2014-02-01,FSV Mainz 05,SC Freiburg,1704.54,1668.83,7.0,6.0,8.0,6.0
2014-02-01,Schalke 04,VfL Wolfsburg,1799.2,1746.37,7.0,4.0,10.0,8.0
2014-02-02,Bayern Munich,Eintracht Frankfurt,2087.97,1692.99,9.0,7.0,15.0,7.0
2014-02-02,Hertha,Nurnberg,1713.55,1663.78,6.0,5.0,10.0,6.0
2014-02-07,MGladbach,Bayer Leverkusen,1783.7,1833.06,1.0,3.0,5.0,6.0
2014-02-08,Eintracht Frankfurt,Braunschweig,1692.99,1537.55,4.0,4.0,7.0,4.0
2014-02-08,SC Freiburg,TSG Hoffenheim,1668.83,1647.85,6.0,3.0,6.0,7.0
2014-02-08,Hamburger SV,Hertha,1665.55,1713.55,0.0,3.0,0.0,9.0
2014-02-08,Nurnberg,Bayern Munich,1663.78,2087.97,7.0,9.0,9.0,15.0
2014-02-08,Werder Bremen,Borussia Dortmund,1638.54,1896.37,4.0,4.0,4.0,5.0
2014-02-08,VfL Wolfsburg,FSV Mainz 05,1746.37,1704.54,1.0,9.0,7.0,11.0
2014-02-09,Schalke 04,Hannover,1799.2,1685.49,7.0,6.0,10.0,7.0
2014-02-09,VfB Stuttgart,FC Augsburg,1658.99,1688.15,0.0,5.0,3.0,11.0
2014-02-14,FSV Mainz 05,Hannover,1704.54,1685.49,6.0,6.0,10.0,7.0
2014-02-15,Bayern Munich,SC Freiburg,2091.95,1658.94,9.0,4.0,15.0,7.0
2014-02-15,Braunschweig,Hamburger SV,1531.33,1639.78,1.0,0.0,4.0,0.0
2014-02-15,Borussia Dortmund,Eintracht Frankfurt,1902.3,1697.19,7.0,6.0,8.0,10.0
2014-02-15,TSG Hoffenheim,VfB Stuttgart,1661.24,1641.73,4.0,0.0,5.0,0.0
2014-02-15,Bayer Leverkusen,Schalke 04,1843.58,1810.77,6.0,9.0,6.0,13.0
2014-02-15,Werder Bremen,MGladbach,1624.68,1763.1,1.0,0.0,4.0,2.0
2014-02-16,FC Augsburg,Nurnberg,1710.23,1676.95,7.0,6.0,11.0,8.0
2014-02-16,Hertha,VfL Wolfsburg,1712.16,1751.56,3.0,3.0,9.0,7.0
2014-02-21,Schalke 04,FSV Mainz 05,1810.77,1702.44,9.0,6.0,13.0,12.0
2014-02-22,SC Freiburg,FC Augsburg,1658.94,1710.23,1.0,6.0,7.0,8.0
2014-02-22,Hamburger SV,Borussia Dortmund,1639.78,1902.3,0.0,9.0,0.0,10.0
2014-02-22,MGladbach,TSG Hoffenheim,1763.1,1661.24,1.0,7.0,2.0,7.0
2014-02-22,Nurnberg,Braunschweig,1676.95,1531.33,6.0,3.0,10.0,7.0
2014-02-22,VfB Stuttgart,Hertha,1641.73,1712.16,0.0,3.0,0.0,6.0
2014-02-22,VfL Wolfsburg,Bayer Leverkusen,1751.56,1843.58,6.0,6.0,7.0,6.0
2014-02-23,Eintracht Frankfurt,Werder Bremen,1697.19,1624.68,3.0,1.0,7.0,5.0
2014-02-23,Hannover,Bayern Munich,1692.58,2091.95,3.0,9.0,6.0,15.0
2014-02-28,Hertha,SC Freiburg,1712.16,1658.94,6.0,1.0,6.0,4.0
2014-03-01,FC Augsburg,Hannover,1705.61,1674.7,6.0,0.0,10.0,6.0
2014-03-01,Bayern Munich,Schalke 04,2094.76,1805.42,9.0,7.0,15.0,13.0
2014-03-01,Braunschweig,MGladbach,1535.4,1750.85,3.0,2.0,4.0,2.0
2014-03-01,Borussia Dortmund,Nurnberg,1885.55,1684.99,6.0,6.0,10.0,12.0
2014-03-01,Bayer Leverkusen,FSV Mainz 05,1796.18,1709.97,3.0,4.0,6.0,10.0
2014-03-01,Werder Bremen,Hamburger SV,1624.56,1643.51,2.0,3.0,3.0,3.0
2014-03-02,Eintracht Frankfurt,VfB Stuttgart,1677.52,1617.87,4.0,0.0,7.0,0.0
2014-03-02,TSG Hoffenheim,VfL Wolfsburg,1669.72,1765.21,5.0,9.0,8.0,9.0
2014-03-08,Hamburger SV,Eintracht Frankfurt,1643.51,1677.52,3.0,4.0,3.0,7.0
2014-03-08,Hannover,Bayer Leverkusen,1674.7,1796.18,1.0,0.0,4.0,6.0
2014-03-08,MGladbach,FC Augsburg,1750.85,1705.61,3.0,4.0,3.0,10.0
2014-03-08,Nurnberg,Werder Bremen,1684.99,1624.56,6.0,5.0,9.0,5.0
2014-03-08,Schalke 04,TSG Hoffenheim,1805.42,1669.72,4.0,7.0,10.0,11.0
2014-03-08,VfB Stuttgart,Braunschweig,1617.87,1535.4,0.0,4.0,0.0,4.0
2014-03-08,VfL Wolfsburg,Bayern Munich,1765.21,2094.76,6.0,9.0,9.0,15.0
2014-03-09,SC Freiburg,Borussia Dortmund,1643.01,1885.55,1.0,6.0,2.0,12.0
2014-03-09,FSV Mainz 05,Hertha,1709.97,1702.07,7.0,4.0,10.0,7.0
2014-03-14,FC Augsburg,Schalke 04,1705.61,1805.42,7.0,4.0,10.0,10.0
2014-03-15,Bayern Munich,Bayer Leverkusen,2101.5,1783.37,9.0,1.0,15.0,4.0
2014-03-15,Braunschweig,VfL Wolfsburg,1543.17,1742.54,2.0,3.0,5.0,9.0
2014-03-15,Borussia Dortmund,MGladbach,1893.55,1735.58,6.0,2.0,12.0,3.0
2014-03-15,Hertha,Hannover,1703.89,1678.32,5.0,2.0,8.0,2.0
2014-03-15,TSG Hoffenheim,FSV Mainz 05,1679.7,1719.11,4.0,5.0,8.0,8.0
2014-03-15,Werder Bremen,VfB Stuttgart,1646.27,1608.95,7.0,1.0,8.0,1.0
2014-03-16,Eintracht Frankfurt,SC Freiburg,1682.82,1639.38,5.0,1.0,8.0,2.0
2014-03-16,Hamburger SV,Nurnberg,1636.21,1665.18,4.0,3.0,4.0,6.0
2014-03-21,SC Freiburg,Werder Bremen,1639.38,1646.27,4.0,7.0,4.0,9.0
2014-03-22,Hannover,Borussia Dortmund,1678.32,1893.55,5.0,6.0,5.0,9.0
2014-03-22,FSV Mainz 05,Bayern Munich,1719.11,2101.5,7.0,9.0,11.0,15.0
2014-03-22,MGladbach,Hertha,1735.58,1703.89,4.0,2.0,6.0,5.0
2014-03-22,Schalke 04,Braunschweig,1816.69,1543.17,6.0,3.0,10.0,6.0
2014-03-22,VfB Stuttgart,Hamburger SV,1608.95,1636.21,2.0,4.0,2.0,7.0
2014-03-22,VfL Wolfsburg,FC Augsburg,1742.54,1707.02,1.0,4.0,7.0,7.0
2014-03-23,Bayer Leverkusen,TSG Hoffenheim,1783.37,1679.7,1.0,3.0,1.0,7.0
2014-03-23,Nurnberg,Eintracht Frankfurt,1665.18,1682.82,0.0,4.0,6.0,5.0
2014-03-25,Braunschweig,FSV Mainz 05,1543.17,1719.11,2.0,4.0,3.0,8.0
2014-03-25,Borussia Dortmund,Schalke 04,1893.55,1816.69,6.0,9.0,9.0,10.0
2014-03-25,Hertha,Bayern Munich,1703.89,2101.5,1.0,9.0,5.0,15.0
2014-03-25,Werder Bremen,VfL Wolfsburg,1646.27,1742.54,4.0,2.0,8.0,5.0
2014-03-26,FC Augsburg,Bayer Leverkusen,1707.02,1783.37,4.0,1.0,8.0,1.0
2014-03-26,Eintracht Frankfurt,MGladbach,1682.82,1735.58,4.0,6.0,8.0,8.0
2014-03-26,Hamburger SV,SC Freiburg,1636.21,1639.38,4.0,6.0,7.0,7.0
2014-03-26,TSG Hoffenheim,Hannover,1679.7,1678.32,3.0,4.0,7.0,5.0
2014-03-26,Nurnberg,VfB Stuttgart,1665.18,1608.95,0.0,5.0,3.0,5.0
2014-03-28,Schalke 04,Hertha,1816.69,1703.89,7.0,0.0,10.0,2.0
2014-03-29,Bayern Munich,TSG Hoffenheim,2101.5,1679.7,9.0,6.0,15.0,9.0
2014-03-29,SC Freiburg,Nurnberg,1639.38,1665.18,7.0,3.0,8.0,3.0
2014-03-29,Bayer Leverkusen,Braunschweig,1783.37,1543.17,3.0,4.0,4.0,6.0
2014-03-29,FSV Mainz 05,FC Augsburg,1719.11,1707.02,3.0,1.0,7.0,5.0
2014-03-29,VfB Stuttgart,Borussia Dortmund,1608.95,1893.55,4.0,4.0,5.0,10.0
2014-03-29,VfL Wolfsburg,Eintracht Frankfurt,1742.54,1682.82,5.0,6.0,5.0,10.0
2014-03-30,Hannover,Werder Bremen,1678.32,1646.27,3.0,1.0,5.0,7.0
2014-03-30,MGladbach,Hamburger SV,1735.58,1636.21,6.0,4.0,7.0,5.0
2014-04-04,Hamburger SV,Bayer Leverkusen,1628.82,1773.56,1.0,4.0,5.0,5.0
2014-04-05,FC Augsburg,Bayern Munich,1686.24,2097.45,1.0,7.0,4.0,13.0
2014-04-05,Borussia Dortmund,VfL Wolfsburg,1884.61,1749.62,7.0,7.0,10.0,8.0
2014-04-05,Eintracht Frankfurt,FSV Mainz 05,1682.7,1722.01,6.0,3.0,7.0,7.0
2014-04-05,Nurnberg,MGladbach,1643.62,1754.1,3.0,6.0,3.0,9.0
2014-04-05,VfB Stuttgart,SC Freiburg,1606.16,1672.7,3.0,7.0,5.0,10.0
2014-04-05,Werder Bremen,Schalke 04,1635.14,1826.45,3.0,7.0,7.0,13.0
2014-04-06,Braunschweig,Hannover,1566.67,1666.87,4.0,0.0,6.0,4.0
2014-04-06,Hertha,TSG Hoffenheim,1669.73,1696.94,0.0,7.0,1.0,7.0
2014-04-11,Schalke 04,Eintracht Frankfurt,1826.45,1682.7,5.0,6.0,11.0,9.0
2014-04-12,Bayern Munich,Borussia Dortmund,2097.45,1884.61,4.0,7.0,10.0,10.0
2014-04-12,SC Freiburg,Braunschweig,1672.7,1566.67,4.0,7.0,10.0,8.0
2014-04-12,Hannover,Hamburger SV,1666.87,1628.82,0.0,4.0,3.0,7.0
2014-04-12,FSV Mainz 05,Werder Bremen,1722.01,1635.14,3.0,4.0,6.0,5.0
2014-04-12,MGladbach,VfB Stuttgart,1754.1,1606.16,6.0,3.0,12.0,7.0
2014-04-12,VfL Wolfsburg,Nurnberg,1749.62,1643.62,6.0,3.0,8.0,3.0
2014-04-13,TSG Hoffenheim,FC Augsburg,1696.94,1686.24,5.0,3.0,8.0,4.0
2014-04-13,Bayer Leverkusen,Hertha,1773.56,1669.73,4.0,1.0,4.0,1.0
2014-04-17,Eintracht Frankfurt,Hannover,1688.42,1657.23,3.0,3.0,9.0,3.0
2014-04-19,FC Augsburg,Hertha,1692.79,1664.57,3.0,1.0,4.0,1.0
2014-04-19,Braunschweig,Bayern Munich,1575.79,2062.07,4.0,1.0,7.0,7.0
2014-04-19,Borussia Dortmund,FSV Mainz 05,1908.63,1719.85,9.0,6.0,13.0,6.0
2014-04-19,SC Freiburg,MGladbach,1668.03,1758.22,6.0,7.0,10.0,10.0
2014-04-19,Hamburger SV,VfL Wolfsburg,1632.95,1753.23,3.0,6.0,4.0,10.0
2014-04-19,Werder Bremen,TSG Hoffenheim,1630.46,1707.19,4.0,5.0,4.0,11.0
2014-04-20,Nurnberg,Bayer Leverkusen,1627.35,1767.96,0.0,4.0,3.0,7.0
2014-04-20,VfB Stuttgart,Schalke 04,1623.3,1828.09,4.0,7.0,7.0,11.0
2014-04-25,Hannover,VfB Stuttgart,1657.23,1623.3,6.0,7.0,6.0,7.0
2014-04-26,Bayern Munich,Werder Bremen,2062.07,1630.46,3.0,4.0,7.0,7.0
2014-04-26,Hertha,Braunschweig,1664.57,1575.79,2.0,3.0,2.0,7.0
2014-04-26,TSG Hoffenheim,Eintracht Frankfurt,1707.19,1688.42,4.0,3.0,8.0,6.0
2014-04-26,Bayer Leverkusen,Borussia Dortmund,1767.96,1908.63,6.0,9.0,10.0,13.0
2014-04-26,FSV Mainz 05,Nurnberg,1719.85,1627.35,3.0,0.0,6.0,3.0
2014-04-26,VfL Wolfsburg,SC Freiburg,1753.23,1668.03,6.0,6.0,12.0,10.0
2014-04-27,FC Augsburg,Hamburger SV,1692.79,1632.95,4.0,3.0,4.0,4.0
2014-04-27,Schalke 04,MGladbach,1828.09,1758.22,4.0,4.0,8.0,7.0
2014-05-03,Braunschweig,FC Augsburg,1560.43,1690.41,0.0,4.0,4.0,7.0
2014-05-03,Borussia Dortmund,TSG Hoffenheim,1902.9,1685.88,7.0,4.0,13.0,6.0
2014-05-03,Eintracht Frankfurt,Bayer Leverkusen,1672.96,1772.79,1.0,7.0,4.0,8.0
2014-05-03,SC Freiburg,Schalke 04,1677.12,1793.05,7.0,3.0,10.0,7.0
2014-05-03,Hamburger SV,Bayern Munich,1609.81,2034.67,0.0,6.0,3.0,7.0
2014-05-03,MGladbach,FSV Mainz 05,1748.97,1714.76,4.0,6.0,10.0,9.0
2014-05-03,Nurnberg,Hannover,1603.7,1657.52,0.0,7.0,0.0,7.0
2014-05-03,VfB Stuttgart,VfL Wolfsburg,1634.75,1750.7,5.0,7.0,8.0,10.0
2014-05-03,Werder Bremen,Hertha,1633.69,1666.06,3.0,4.0,7.0,5.0
2014-05-10,FC Augsburg,Eintracht Frankfurt,1690.41,1672.96,7.0,1.0,10.0,4.0
2014-05-10,Bayern Munich,VfB Stuttgart,2034.67,1634.75,9.0,4.0,9.0,8.0
2014-05-10,Hannover,SC Freiburg,1657.52,1677.12,7.0,4.0,10.0,7.0
2014-05-10,Hertha,Borussia Dortmund,1666.06,1902.9,4.0,7.0,5.0,13.0
2014-05-10,TSG Hoffenheim,Braunschweig,1685.88,1560.43,1.0,0.0,5.0,3.0
2014-05-10,Bayer Leverkusen,Werder Bremen,1772.79,1633.69,7.0,6.0,10.0,7.0
2014-05-10,FSV Mainz 05,Hamburger SV,1714.76,1609.81,3.0,0.0,6.0,3.0
2014-05-10,Schalke 04,Nurnberg,1793.05,1603.7,3.0,0.0,7.0,0.0
2014-05-10,VfL Wolfsburg,MGladbach,1750.7,1748.97,7.0,6.0,10.0,10.0
2014-08-22,Bayern Munich,VfL Wolfsburg,2030.0,1758.65,9.0,7.0,12.0,13.0
2014-08-23,Borussia Dortmund,Bayer Leverkusen,1904.42,1778.24,7.0,7.0,13.0,13.0
2014-08-23,Eintracht Frankfurt,SC Freiburg,1649.75,1653.79,1.0,1.0,1.0,7.0
2014-08-23,1. FC Koln,Hamburger SV,1609.68,1602.31,4.0,0.0,10.0,0.0
2014-08-23,Hannover,Schalke 04,1667.47,1798.77,7.0,6.0,13.0,9.0
2014-08-23,Hertha,Werder Bremen,1641.04,1632.82,3.0,3.0,4.0,6.0
2014-08-23,TSG Hoffenheim,FC Augsburg,1681.27,1694.8,4.0,9.0,7.0,10.0
2014-08-24,MGladbach,VfB Stuttgart,1740.17,1620.01,6.0,1.0,7.0,5.0
2014-08-24,Paderborn,FSV Mainz 05,1553.64,1680.73,9.0,6.0,13.0,9.0
2014-08-29,FC Augsburg,Borussia Dortmund,1694.8,1904.42,6.0,6.0,10.0,10.0
2014-08-30,Hamburger SV,Paderborn,1602.31,1553.64,1.0,7.0,1.0,11.0
2014-08-30,Bayer Leverkusen,Hertha,1778.24,1641.04,9.0,1.0,13.0,5.0
2014-08-30,Schalke 04,Bayern Munich,1798.77,2030.0,6.0,9.0,6.0,15.0
2014-08-30,VfB Stuttgart,1. FC Koln,1620.01,1609.68,1.0,4.0,5.0,8.0
2014-08-30,Werder Bremen,TSG Hoffenheim,1632.82,1681.27,4.0,6.0,7.0,7.0
2014-08-30,VfL Wolfsburg,Eintracht Frankfurt,1758.65,1649.75,6.0,3.0,10.0,4.0
2014-08-31,SC Freiburg,MGladbach,1653.79,1740.17,0.0,4.0,4.0,7.0
2014-08-31,FSV Mainz 05,Hannover,1680.73,1667.47,4.0,9.0,7.0,13.0
2014-09-12,Bayer Leverkusen,Werder Bremen,1806.76,1636.6,9.0,2.0,13.0,5.0
2014-09-13,Bayern Munich,VfB Stuttgart,2028.73,1612.67,7.0,1.0,13.0,2.0
2014-09-13,Borussia Dortmund,SC Freiburg,1893.34,1650.1,6.0,1.0,10.0,2.0
2014-09-13,Hertha,FSV Mainz 05,1636.53,1679.08,1.0,5.0,4.0,8.0
2014-09-13,TSG Hoffenheim,VfL Wolfsburg,1692.76,1754.64,7.0,4.0,8.0,8.0
2014-09-13,MGladbach,Schalke 04,1737.46,1795.66,2.0,4.0,8.0,7.0
2014-09-13,Paderborn,1. FC Koln,1575.85,1623.71,7.0,4.0,13.0,8.0
2014-09-14,Eintracht Frankfurt,FC Augsburg,1662.56,1682.65,4.0,3.0,5.0,9.0
2014-09-14,Hannover,Hamburger SV,1680.87,1587.81,7.0,1.0,11.0,1.0
2014-09-19,SC Freiburg,Hertha,1647.14,1624.78,1.0,1.0,1.0,1.0
2014-09-20,FC Augsburg,Werder Bremen,1691.51,1642.22,3.0,3.0,9.0,6.0
2014-09-20,Hamburger SV,Bayern Munich,1581.5,2029.84,1.0,7.0,1.0,13.0
2014-09-20,FSV Mainz 05,Borussia Dortmund,1690.83,1896.31,5.0,6.0,8.0,12.0
2014-09-20,Paderborn,Hannover,1575.76,1687.18,5.0,7.0,11.0,13.0
2014-09-20,Schalke 04,Eintracht Frankfurt,1781.63,1653.7,1.0,4.0,7.0,4.0
2014-09-20,VfB Stuttgart,TSG Hoffenheim,1611.57,1693.07,1.0,5.0,1.0,8.0
2014-09-21,1. FC Koln,MGladbach,1623.81,1751.49,5.0,5.0,8.0,8.0
2014-09-21,VfL Wolfsburg,Bayer Leverkusen,1754.33,1801.14,2.0,7.0,8.0,13.0
2014-09-23,Bayern Munich,Paderborn,2029.84,1575.76,5.0,7.0,11.0,11.0
2014-09-23,Eintracht Frankfurt,FSV Mainz 05,1653.7,1690.83,2.0,7.0,5.0,11.0
2014-09-23,TSG Hoffenheim,SC Freiburg,1693.07,1647.14,5.0,2.0,11.0,2.0
2014-09-23,Werder Bremen,Schalke 04,1642.22,1781.63,2.0,2.0,3.0,5.0
2014-09-24,Borussia Dortmund,VfB Stuttgart,1896.31,1611.57,6.0,0.0,9.0,1.0
2014-09-24,Hannover,1. FC Koln,1687.18,1623.81,4.0,5.0,10.0,6.0
2014-09-24,Hertha,VfL Wolfsburg,1624.78,1754.33,1.0,5.0,2.0,8.0
2014-09-24,Bayer Leverkusen,FC Augsburg,1801.14,1691.51,4.0,6.0,10.0,9.0
2014-09-24,MGladbach,Hamburger SV,1751.49,1581.5,5.0,1.0,6.0,2.0
2014-09-26,FSV Mainz 05,TSG Hoffenheim,1690.83,1693.07,7.0,5.0,9.0,9.0
2014-09-27,1. FC Koln,Bayern Munich,1623.81,2029.84,2.0,7.0,6.0,11.0
2014-09-27,SC Freiburg,Bayer Leverkusen,1647.14,1801.14,2.0,4.0,3.0,10.0
2014-09-27,Paderborn,MGladbach,1575.76,1751.49,4.0,7.0,8.0,9.0
2014-09-27,Schalke 04,Borussia Dortmund,1781.63,1896.31,4.0,4.0,5.0,7.0
2014-09-27,VfB Stuttgart,Hannover,1611.57,1687.18,1.0,6.0,2.0,10.0
2014-09-27,VfL Wolfsburg,Werder Bremen,1754.33,1642.22,4.0,1.0,5.0,3.0
2014-09-28,FC Augsburg,Hertha,1691.51,1624.78,6.0,4.0,6.0,5.0
2014-09-28,Hamburger SV,Eintracht Frankfurt,1581.5,1653.7,1.0,2.0,2.0,6.0
2014-10-03,Hertha,VfB Stuttgart,1629.43,1614.91,4.0,4.0,4.0,4.0
2014-10-04,Bayern Munich,Hannover,2030.18,1668.89,7.0,3.0,11.0,7.0
2014-10-04,Borussia Dortmund,Hamburger SV,1868.89,1576.42,1.0,1.0,7.0,1.0
2014-10-04,Eintracht Frankfurt,1. FC Koln,1663.62,1615.65,5.0,1.0,6.0,5.0
2014-10-04,TSG Hoffenheim,Schalke 04,1699.36,1789.84,5.0,7.0,7.0,8.0
2014-10-04,Bayer Leverkusen,Paderborn,1778.34,1579.92,4.0,3.0,8.0,7.0
2014-10-04,Werder Bremen,SC Freiburg,1619.04,1647.82,0.0,3.0,2.0,4.0
2014-10-05,MGladbach,FSV Mainz 05,1754.7,1703.58,7.0,5.0,11.0,9.0
2014-10-05,VfL Wolfsburg,FC Augsburg,1749.97,1697.16,6.0,6.0,8.0,9.0
2014-10-18,Bayern Munich,Werder Bremen,2035.65,1621.4,9.0,1.0,13.0,2.0
2014-10-18,1. FC Koln,Borussia Dortmund,1613.84,1863.42,0.0,1.0,2.0,4.0
2014-10-18,SC Freiburg,VfL Wolfsburg,1652.39,1754.88,3.0,6.0,4.0,10.0
2014-10-18,Hannover,MGladbach,1670.36,1751.07,3.0,7.0,6.0,11.0
2014-10-18,FSV Mainz 05,FC Augsburg,1710.25,1695.51,3.0,3.0,9.0,9.0
2014-10-18,Schalke 04,Hertha,1784.83,1638.92,6.0,6.0,7.0,7.0
2014-10-18,VfB Stuttgart,Bayer Leverkusen,1612.36,1786.38,4.0,5.0,4.0,6.0
2014-10-19,Hamburger SV,TSG Hoffenheim,1595.42,1711.31,3.0,5.0,4.0,9.0
2014-10-19,Paderborn,Eintracht Frankfurt,1590.02,1672.37,1.0,7.0,5.0,8.0
2014-10-24,Werder Bremen,1. FC Koln,1621.4,1613.84,1.0,3.0,1.0,4.0
2014-10-25,FC Augsburg,SC Freiburg,1695.51,1652.39,3.0,2.0,6.0,4.0
2014-10-25,Borussia Dortmund,Hannover,1863.42,1670.36,0.0,0.0,1.0,3.0
2014-10-25,Eintracht Frankfurt,VfB Stuttgart,1672.37,1612.36,6.0,4.0,8.0,5.0
2014-10-25,Hertha,Hamburger SV,1638.92,1595.42,3.0,4.0,7.0,5.0
2014-10-25,TSG Hoffenheim,Paderborn,1711.31,1590.02,5.0,4.0,9.0,7.0
2014-10-25,Bayer Leverkusen,Schalke 04,1786.38,1784.83,3.0,6.0,6.0,10.0
2014-10-26,MGladbach,Bayern Munich,1751.07,2035.65,7.0,9.0,11.0,13.0
2014-10-26,VfL Wolfsburg,FSV Mainz 05,1754.88,1710.25,9.0,5.0,12.0,9.0
2014-10-31,Schalke 04,FC Augsburg,1784.83,1695.51,3.0,3.0,9.0,6.0
2014-11-01,Bayern Munich,Borussia Dortmund,2058.17,1863.04,7.0,0.0,13.0,1.0
2014-11-01,Hamburger SV,Bayer Leverkusen,1602.95,1813.78,4.0,5.0,4.0,9.0
2014-11-01,Hannover,Eintracht Frankfurt,1687.1,1665.42,3.0,3.0,6.0,7.0
2014-11-01,FSV Mainz 05,Werder Bremen,1723.24,1625.76,4.0,1.0,6.0,1.0
2014-11-01,VfB Stuttgart,VfL Wolfsburg,1641.77,1795.32,4.0,9.0,8.0,12.0
2014-11-02,1. FC Koln,SC Freiburg,1651.51,1653.48,6.0,1.0,6.0,3.0
2014-11-02,MGladbach,TSG Hoffenheim,1788.53,1729.32,5.0,7.0,11.0,9.0
2014-11-02,Paderborn,Hertha,1613.47,1659.25,4.0,6.0,4.0,9.0
2014-11-07,Hertha,Hannover,1659.25,1687.1,3.0,6.0,6.0,6.0
2014-11-08,FC Augsburg,Paderborn,1708.24,1613.47,3.0,6.0,6.0,7.0
2014-11-08,Eintracht Frankfurt,Bayern Munich,1665.42,2058.17,0.0,7.0,6.0,13.0
2014-11-08,SC Freiburg,Schalke 04,1653.48,1806.79,3.0,6.0,5.0,9.0
2014-11-08,TSG Hoffenheim,1. FC Koln,1729.32,1651.51,4.0,6.0,8.0,6.0
2014-11-08,Bayer Leverkusen,FSV Mainz 05,1813.78,1723.24,4.0,3.0,6.0,5.0
2014-11-08,Werder Bremen,VfB Stuttgart,1625.76,1641.77,3.0,4.0,4.0,7.0
2014-11-09,Borussia Dortmund,MGladbach,1863.04,1788.53,0.0,7.0,0.0,11.0
2014-11-09,VfL Wolfsburg,Hamburger SV,1795.32,1602.95,9.0,4.0,15.0,7.0
2014-11-22,Bayern Munich,TSG Hoffenheim,2069.38,1714.2,7.0,3.0,13.0,7.0
2014-11-22,1. FC Koln,Hertha,1656.82,1640.21,6.0,3.0,9.0,6.0
2014-11-22,Hannover,Bayer Leverkusen,1708.27,1810.48,9.0,4.0,9.0,6.0
2014-11-22,FSV Mainz 05,SC Freiburg,1719.07,1680.42,1.0,6.0,5.0,7.0
2014-11-22,MGladbach,Eintracht Frankfurt,1798.01,1659.89,4.0,0.0,8.0,3.0
2014-11-22,Paderborn,Borussia Dortmund,1619.37,1872.6,3.0,3.0,7.0,3.0
2014-11-22,Schalke 04,VfL Wolfsburg,1781.8,1818.64,3.0,9.0,6.0,15.0
2014-11-23,Hamburger SV,Werder Bremen,1614.38,1649.67,3.0,6.0,7.0,7.0
2014-11-23,VfB Stuttgart,FC Augsburg,1625.44,1719.43,3.0,6.0,4.0,6.0
2014-11-28,SC Freiburg,VfB Stuttgart,1680.42,1625.44,7.0,0.0,7.0,4.0
2014-11-29,FC Augsburg,Hamburger SV,1719.43,1614.38,6.0,6.0,9.0,7.0
2014-11-29,Hertha,Bayern Munich,1640.21,2069.38,3.0,9.0,6.0,13.0
2014-11-29,TSG Hoffenheim,Hannover,1714.2,1708.27,0.0,6.0,4.0,9.0
2014-11-29,Bayer Leverkusen,1. FC Koln,1810.48,1656.82,4.0,3.0,8.0,9.0
2014-11-29,Schalke 04,FSV Mainz 05,1781.8,1719.07,6.0,2.0,9.0,5.0
2014-11-29,Werder Bremen,Paderborn,1649.67,1619.37,6.0,4.0,6.0,7.0
2014-11-30,Eintracht Frankfurt,Borussia Dortmund,1659.89,1872.6,3.0,4.0,3.0,4.0
2014-11-30,VfL Wolfsburg,MGladbach,1818.64,1798.01,6.0,3.0,12.0,7.0
2014-12-05,Borussia Dortmund,TSG Hoffenheim,1823.49,1699.1,4.0,3.0,4.0,6.0
2014-12-06,Bayern Munich,Bayer Leverkusen,2043.5,1794.78,9.0,7.0,13.0,10.0
2014-12-06,1. FC Koln,FC Augsburg,1621.04,1713.53,3.0,9.0,6.0,12.0
2014-12-06,Hannover,VfL Wolfsburg,1673.34,1785.2,3.0,6.0,9.0,12.0
2014-12-06,MGladbach,Hertha,1757.23,1629.79,0.0,3.0,4.0,6.0
2014-12-06,Paderborn,SC Freiburg,1593.22,1644.73,1.0,4.0,4.0,7.0
2014-12-06,VfB Stuttgart,Schalke 04,1618.74,1764.54,3.0,6.0,6.0,9.0
2014-12-07,Eintracht Frankfurt,Werder Bremen,1674.4,1632.47,6.0,6.0,6.0,9.0
2014-12-07,Hamburger SV,FSV Mainz 05,1599.29,1688.29,3.0,2.0,6.0,2.0
2014-12-12,TSG Hoffenheim,Eintracht Frankfurt,1699.1,1674.4,3.0,9.0,3.0,9.0
2014-12-13,FC Augsburg,Bayern Munich,1713.53,2043.5,9.0,9.0,12.0,15.0
2014-12-13,SC Freiburg,Hamburger SV,1644.73,1599.29,2.0,6.0,8.0,9.0
2014-12-13,Hertha,Borussia Dortmund,1629.79,1823.49,3.0,4.0,3.0,7.0
2014-12-13,FSV Mainz 05,VfB Stuttgart,1688.29,1618.74,1.0,3.0,2.0,3.0
2014-12-13,Schalke 04,1. FC Koln,1764.54,1621.04,9.0,0.0,12.0,3.0
2014-12-13,Werder Bremen,Hannover,1632.47,1673.34,3.0,0.0,9.0,6.0
2014-12-14,Bayer Leverkusen,MGladbach,1794.78,1757.23,6.0,3.0,7.0,6.0
2014-12-14,VfL Wolfsburg,Paderborn,1785.2,1593.22,6.0,2.0,12.0,5.0
2014-12-16,Bayern Munich,SC Freiburg,2057.98,1647.61,9.0,2.0,15.0,6.0
2014-12-16,1. FC Koln,FSV Mainz 05,1632.61,1681.17,3.0,1.0,6.0,3.0
2014-12-16,Hamburger SV,VfB Stuttgart,1616.24,1616.5,4.0,4.0,7.0,4.0
2014-12-16,Hannover,FC Augsburg,1669.99,1721.1,1.0,6.0,4.0,12.0
2014-12-17,Borussia Dortmund,VfL Wolfsburg,1813.86,1804.29,3.0,7.0,7.0,10.0
2014-12-17,Eintracht Frankfurt,Hertha,1683.03,1642.75,6.0,3.0,9.0,6.0
2014-12-17,TSG Hoffenheim,Bayer Leverkusen,1706.83,1798.84,6.0,4.0,6.0,8.0
2014-12-17,MGladbach,Werder Bremen,1773.24,1628.02,4.0,4.0,4.0,7.0
2014-12-17,Paderborn,Schalke 04,1604.84,1770.84,2.0,6.0,3.0,9.0
2014-12-19,FSV Mainz 05,Bayern Munich,1681.17,2057.98,2.0,9.0,3.0,15.0
2014-12-20,FC Augsburg,MGladbach,1721.1,1773.24,3.0,7.0,9.0,7.0
2014-12-20,Bayer Leverkusen,Eintracht Frankfurt,1798.84,1683.03,4.0,4.0,10.0,10.0
2014-12-20,Schalke 04,Hamburger SV,1770.84,1616.24,6.0,4.0,12.0,7.0
2014-12-20,VfB Stuttgart,Paderborn,1616.5,1604.84,4.0,2.0,7.0,3.0
2014-12-20,Werder Bremen,Borussia Dortmund,1628.02,1813.86,1.0,4.0,4.0,5.0
2014-12-20,VfL Wolfsburg,1. FC Koln,1804.29,1632.61,5.0,4.0,8.0,4.0
2014-12-21,SC Freiburg,Hannover,1647.61,1669.99,2.0,4.0,3.0,4.0
2014-12-21,Hertha,TSG Hoffenheim,1642.75,1706.83,4.0,3.0,7.0,6.0
2015-01-30,VfL Wolfsburg,Bayern Munich,1809.24,2060.95,5.0,9.0,11.0,15.0
2015-01-31,SC Freiburg,Eintracht Frankfurt,1645.76,1685.08,2.0,2.0,3.0,8.0
2015-01-31,Hamburger SV,1. FC Koln,1612.71,1629.36,2.0,4.0,5.0,4.0
2015-01-31,Bayer Leverkusen,Borussia Dortmund,1800.93,1800.74,5.0,1.0,8.0,4.0
2015-01-31,FSV Mainz 05,Paderborn,1679.6,1602.02,2.0,2.0,2.0,3.0
2015-01-31,Schalke 04,Hannover,1770.29,1681.85,4.0,5.0,10.0,5.0
2015-01-31,VfB Stuttgart,MGladbach,1623.39,1770.73,5.0,4.0,8.0,7.0
2015-02-01,FC Augsburg,TSG Hoffenheim,1718.29,1717.84,3.0,6.0,9.0,9.0
2015-02-01,Werder Bremen,Hertha,1633.35,1627.6,4.0,4.0,7.0,4.0
2015-02-03,Bayern Munich,Schalke 04,2039.01,1774.7,6.0,7.0,12.0,10.0
2015-02-03,Eintracht Frankfurt,VfL Wolfsburg,1672.45,1831.18,2.0,7.0,5.0,11.0
2015-02-03,Hannover,FSV Mainz 05,1677.45,1690.07,4.0,4.0,5.0,5.0
2015-02-03,MGladbach,SC Freiburg,1776.43,1658.39,6.0,4.0,10.0,6.0
2015-02-04,Borussia Dortmund,FC Augsburg,1802.46,1718.29,2.0,6.0,5.0,9.0
2015-02-04,1. FC Koln,VfB Stuttgart,1642.4,1617.69,4.0,4.0,7.0,5.0
2015-02-04,Hertha,Bayer Leverkusen,1627.6,1799.21,1.0,5.0,4.0,6.0
2015-02-04,TSG Hoffenheim,Werder Bremen,1717.84,1633.35,3.0,6.0,6.0,7.0
2015-02-04,Paderborn,Hamburger SV,1591.56,1599.67,1.0,1.0,3.0,5.0
2015-02-06,Schalke 04,MGladbach,1774.7,1776.43,5.0,6.0,8.0,10.0
2015-02-07,1. FC Koln,Paderborn,1642.4,1591.56,4.0,1.0,8.0,2.0
2015-02-07,SC Freiburg,Borussia Dortmund,1658.39,1802.46,4.0,1.0,5.0,2.0
2015-02-07,Hamburger SV,Hannover,1599.67,1677.45,4.0,2.0,5.0,6.0
2015-02-07,FSV Mainz 05,Hertha,1690.07,1627.6,4.0,0.0,6.0,4.0
2015-02-07,VfB Stuttgart,Bayern Munich,1617.69,2039.01,2.0,4.0,6.0,10.0
2015-02-07,VfL Wolfsburg,TSG Hoffenheim,1831.18,1717.84,7.0,3.0,9.0,6.0
2015-02-08,FC Augsburg,Eintracht Frankfurt,1718.29,1672.45,9.0,2.0,9.0,3.0
2015-02-08,Werder Bremen,Bayer Leverkusen,1633.35,1799.21,9.0,5.0,10.0,9.0
2015-02-13,Borussia Dortmund,FSV Mainz 05,1802.46,1690.07,4.0,4.0,5.0,5.0
2015-02-14,Bayern Munich,Hamburger SV,2039.01,1599.67,4.0,6.0,10.0,7.0
2015-02-14,Eintracht Frankfurt,Schalke 04,1672.45,1774.7,2.0,7.0,4.0,11.0
2015-02-14,TSG Hoffenheim,VfB Stuttgart,1717.84,1617.69,0.0,1.0,3.0,5.0
2015-02-14,Bayer Leverkusen,VfL Wolfsburg,1799.21,1831.18,4.0,7.0,8.0,11.0
2015-02-14,MGladbach,1. FC Koln,1776.43,1642.4,6.0,5.0,9.0,6.0
2015-02-14,Werder Bremen,FC Augsburg,1633.35,1718.29,9.0,7.0,12.0,10.0
2015-02-15,Hannover,Paderborn,1668.03,1578.91,1.0,1.0,5.0,2.0
2015-02-15,Hertha,SC Freiburg,1629.9,1644.07,3.0,3.0,4.0,4.0
2015-02-20,VfB Stuttgart,Borussia Dortmund,1613.32,1806.79,1.0,6.0,2.0,7.0
2015-02-21,FC Augsburg,Bayer Leverkusen,1727.18,1785.76,4.0,3.0,10.0,5.0
2015-02-21,1. FC Koln,Hannover,1632.82,1668.03,2.0,1.0,5.0,2.0
2015-02-21,SC Freiburg,TSG Hoffenheim,1644.07,1696.46,3.0,3.0,7.0,6.0
2015-02-21,FSV Mainz 05,Eintracht Frankfurt,1669.86,1687.8,1.0,5.0,4.0,6.0
2015-02-21,Paderborn,Bayern Munich,1578.91,2036.07,4.0,7.0,5.0,10.0
2015-02-21,Schalke 04,Werder Bremen,1779.3,1671.6,4.0,9.0,8.0,15.0
2015-02-22,Hamburger SV,MGladbach,1621.46,1777.54,6.0,6.0,7.0,9.0
2015-02-22,VfL Wolfsburg,Hertha,1842.9,1629.9,7.0,3.0,13.0,3.0
2015-02-27,Bayern Munich,1. FC Koln,2036.07,1632.82,9.0,2.0,10.0,6.0
2015-02-28,Borussia Dortmund,Schalke 04,1806.79,1779.3,9.0,4.0,10.0,8.0
2015-02-28,Eintracht Frankfurt,Hamburger SV,1687.8,1621.46,4.0,4.0,5.0,7.0
2015-02-28,Hannover,VfB Stuttgart,1668.03,1613.32,1.0,0.0,2.0,1.0
2015-02-28,Hertha,FC Augsburg,1629.9,1727.18,3.0,2.0,3.0,8.0
2015-02-28,TSG Hoffenheim,FSV Mainz 05,1696.46,1669.86,4.0,3.0,4.0,7.0
2015-02-28,Bayer Leverkusen,SC Freiburg,1785.76,1644.07,1.0,4.0,5.0,7.0
2015-03-01,MGladbach,Paderborn,1760.85,1585.79,4.0,4.0,10.0,4.0
2015-03-01,Werder Bremen,VfL Wolfsburg,1674.14,1849.97,7.0,9.0,13.0,13.0
2015-03-06,VfB Stuttgart,Hertha,1609.88,1622.81,1.0,3.0,2.0,6.0
2015-03-07,FC Augsburg,VfL Wolfsburg,1715.96,1849.97,1.0,9.0,5.0,13.0
2015-03-07,SC Freiburg,Werder Bremen,1651.04,1674.14,4.0,4.0,4.0,10.0
2015-03-07,Hamburger SV,Borussia Dortmund,1617.29,1816.88,1.0,9.0,7.0,12.0
2015-03-07,Hannover,Bayern Munich,1652.71,2037.22,2.0,9.0,3.0,13.0
2015-03-07,FSV Mainz 05,MGladbach,1669.28,1760.85,3.0,7.0,4.0,10.0
2015-03-07,Schalke 04,TSG Hoffenheim,1761.11,1703.73,1.0,7.0,5.0,7.0
2015-03-08,1. FC Koln,Eintracht Frankfurt,1628.73,1681.47,1.0,6.0,3.0,8.0
2015-03-08,Paderborn,Bayer Leverkusen,1585.79,1794.34,3.0,4.0,4.0,7.0
2015-03-13,Bayer Leverkusen,VfB Stuttgart,1794.34,1609.88,7.0,2.0,7.0,2.0
2015-03-14,FC Augsburg,FSV Mainz 05,1715.96,1669.28,4.0,4.0,5.0,4.0
2015-03-14,Borussia Dortmund,1. FC Koln,1816.88,1628.73,7.0,4.0,13.0,5.0
2015-03-14,Eintracht Frankfurt,Paderborn,1681.47,1585.79,3.0,0.0,7.0,4.0
2015-03-14,Hertha,Schalke 04,1622.81,1761.11,4.0,4.0,7.0,7.0
2015-03-14,TSG Hoffenheim,Hamburger SV,1703.73,1617.29,4.0,2.0,7.0,5.0
2015-03-14,Werder Bremen,Bayern Munich,1674.14,2037.22,4.0,9.0,10.0,15.0
2015-03-15,MGladbach,Hannover,1767.77,1654.19,5.0,2.0,8.0,2.0
2015-03-15,VfL Wolfsburg,SC Freiburg,1855.25,1646.16,6.0,1.0,12.0,4.0
2015-03-20,Hamburger SV,Hertha,1616.86,1630.5,1.0,5.0,2.0,5.0
2015-03-21,1. FC Koln,Werder Bremen,1649.67,1676.37,4.0,3.0,5.0,7.0
2015-03-21,SC Freiburg,FC Augsburg,1646.16,1714.42,0.0,3.0,4.0,4.0
2015-03-21,Hannover,Borussia Dortmund,1654.19,1811.08,1.0,5.0,2.0,11.0
2015-03-21,Paderborn,TSG Hoffenheim,1569.66,1708.7,0.0,6.0,3.0,10.0
2015-03-21,Schalke 04,Bayer Leverkusen,1770.36,1810.97,4.0,9.0,5.0,10.0
2015-03-21,VfB Stuttgart,Eintracht Frankfurt,1606.96,1682.7,2.0,6.0,2.0,9.0
2015-03-22,Bayern Munich,MGladbach,2053.39,1767.77,9.0,7.0,15.0,11.0
2015-03-22,FSV Mainz 05,VfL Wolfsburg,1689.89,1855.25,4.0,6.0,7.0,12.0
2015-04-04,Borussia Dortmund,Bayern Munich,1801.5,2028.49,5.0,6.0,11.0,12.0
2015-04-04,Eintracht Frankfurt,Hannover,1667.72,1639.85,3.0,0.0,6.0,2.0
2015-04-04,SC Freiburg,1. FC Koln,1650.94,1645.78,3.0,5.0,4.0,6.0
2015-04-04,TSG Hoffenheim,MGladbach,1703.29,1792.33,4.0,7.0,8.0,11.0
2015-04-04,Bayer Leverkusen,Hamburger SV,1816.41,1604.71,9.0,1.0,13.0,2.0
2015-04-04,Werder Bremen,FSV Mainz 05,1674.15,1690.03,4.0,5.0,5.0,8.0
2015-04-04,VfL Wolfsburg,VfB Stuttgart,1855.97,1615.82,4.0,4.0,10.0,5.0
2015-04-05,FC Augsburg,Schalke 04,1699.23,1758.91,3.0,4.0,4.0,5.0
2015-04-05,Hertha,Paderborn,1636.54,1568.95,5.0,1.0,8.0,1.0
2015-04-10,Hannover,Hertha,1639.85,1636.54,1.0,7.0,2.0,11.0
2015-04-11,Bayern Munich,Eintracht Frankfurt,2028.49,1667.72,6.0,4.0,12.0,7.0
2015-04-11,Hamburger SV,VfL Wolfsburg,1604.71,1855.97,0.0,7.0,1.0,10.0
2015-04-11,FSV Mainz 05,Bayer Leverkusen,1690.03,1816.41,5.0,9.0,6.0,15.0
2015-04-11,MGladbach,Borussia Dortmund,1792.33,1801.5,9.0,4.0,13.0,8.0
2015-04-11,Paderborn,FC Augsburg,1568.95,1699.23,1.0,1.0,1.0,4.0
2015-04-11,Schalke 04,SC Freiburg,1758.91,1650.94,2.0,6.0,5.0,6.0
2015-04-12,1. FC Koln,TSG Hoffenheim,1645.78,1703.29,2.0,4.0,5.0,7.0
2015-04-12,VfB Stuttgart,Werder Bremen,1615.82,1674.15,3.0,2.0,5.0,5.0
2015-04-17,Eintracht Frankfurt,MGladbach,1663.66,1813.63,1.0,9.0,4.0,13.0
2015-04-18,FC Augsburg,VfB Stuttgart,1689.08,1620.84,1.0,6.0,4.0,7.0
2015-04-18,Borussia Dortmund,Paderborn,1788.46,1572.14,3.0,4.0,5.0,4.0
2015-04-18,SC Freiburg,FSV Mainz 05,1661.9,1685.01,7.0,2.0,7.0,6.0
2015-04-18,Hertha,1. FC Koln,1645.24,1646.98,7.0,4.0,9.0,8.0
2015-04-18,TSG Hoffenheim,Bayern Munich,1683.22,2034.11,1.0,6.0,4.0,12.0
2015-04-18,Bayer Leverkusen,Hannover,1827.6,1640.59,9.0,2.0,15.0,2.0
2015-04-19,Werder Bremen,Hamburger SV,1665.09,1594.92,2.0,0.0,5.0,1.0
2015-04-19,VfL Wolfsburg,Schalke 04,1863.64,1754.5,7.0,2.0,10.0,6.0
2015-04-24,FSV Mainz 05,Schalke 04,1685.01,1754.5,4.0,3.0,8.0,4.0
2015-04-25,Bayern Munich,Hertha,2034.11,1645.24,9.0,5.0,12.0,9.0
2015-04-25,Borussia Dortmund,Eintracht Frankfurt,1788.46,1663.66,3.0,2.0,7.0,5.0
2015-04-25,1. FC Koln,Bayer Leverkusen,1646.98,1827.6,4.0,9.0,6.0,15.0
2015-04-25,Hamburger SV,FC Augsburg,1594.92,1689.08,0.0,4.0,0.0,4.0
2015-04-25,Hannover,TSG Hoffenheim,1640.59,1683.22,2.0,0.0,2.0,4.0
2015-04-25,VfB Stuttgart,SC Freiburg,1620.84,1661.9,3.0,4.0,6.0,7.0
2015-04-26,MGladbach,VfL Wolfsburg,1813.63,1863.64,7.0,7.0,13.0,11.0
2015-04-26,Paderborn,Werder Bremen,1572.14,1665.09,3.0,4.0,4.0,5.0
2015-05-02,FC Augsburg,1. FC Koln,1679.56,1646.82,3.0,5.0,4.0,6.0
2015-05-02,SC Freiburg,Paderborn,1648.42,1564.01,2.0,4.0,8.0,5.0
2015-05-02,TSG Hoffenheim,Borussia Dortmund,1683.14,1792.44,3.0,6.0,4.0,9.0
2015-05-02,Bayer Leverkusen,Bayern Munich,1824.49,2040.29,7.0,9.0,13.0,12.0
2015-05-02,Schalke 04,VfB Stuttgart,1741.85,1609.97,2.0,4.0,3.0,7.0
2015-05-02,Werder Bremen,Eintracht Frankfurt,1663.55,1655.9,4.0,1.0,6.0,2.0
2015-05-02,VfL Wolfsburg,Hannover,1824.43,1621.68,4.0,1.0,8.0,2.0
2015-05-03,Hertha,MGladbach,1637.57,1812.8,2.0,7.0,8.0,13.0
2015-05-03,FSV Mainz 05,Hamburger SV,1700.27,1594.22,6.0,3.0,8.0,3.0
2015-05-08,Hamburger SV,SC Freiburg,1594.22,1648.42,6.0,1.0,6.0,5.0
2015-05-09,Bayern Munich,FC Augsburg,2040.29,1679.56,6.0,4.0,12.0,5.0
2015-05-09,Borussia Dortmund,Hertha,1792.44,1637.57,7.0,1.0,7.0,5.0
2015-05-09,Eintracht Frankfurt,TSG Hoffenheim,1655.9,1683.14,1.0,4.0,2.0,4.0
2015-05-09,Hannover,Werder Bremen,1621.68,1663.55,1.0,7.0,3.0,8.0
2015-05-09,MGladbach,Bayer Leverkusen,1812.8,1824.49,7.0,7.0,13.0,13.0
2015-05-09,VfB Stuttgart,FSV Mainz 05,1609.97,1700.27,1.0,6.0,4.0,7.0
2015-05-10,1. FC Koln,Schalke 04,1646.82,1741.85,3.0,4.0,6.0,6.0
2015-05-10,Paderborn,VfL Wolfsburg,1564.01,1824.43,4.0,2.0,7.0,8.0
2015-05-16,FC Augsburg,Hannover,1689.27,1623.99,4.0,2.0,7.0,3.0
2015-05-16,SC Freiburg,Bayern Munich,1634.11,1993.06,2.0,3.0,3.0,9.0
2015-05-16,Hertha,Eintracht Frankfurt,1624.04,1656.18,0.0,3.0,2.0,4.0
2015-05-16,Bayer Leverkusen,TSG Hoffenheim,1825.49,1670.94,4.0,4.0,10.0,4.0
2015-05-16,FSV Mainz 05,1. FC Koln,1672.22,1658.9,3.0,5.0,6.0,9.0
2015-05-16,Schalke 04,Paderborn,1728.88,1566.97,3.0,4.0,5.0,7.0
2015-05-16,VfB Stuttgart,Hamburger SV,1614.92,1601.97,4.0,7.0,7.0,7.0
2015-05-16,Werder Bremen,MGladbach,1666.54,1826.81,5.0,9.0,8.0,13.0
2015-05-16,VfL Wolfsburg,Borussia Dortmund,1819.52,1792.1,4.0,7.0,8.0,10.0
2015-05-23,Bayern Munich,FSV Mainz 05,1993.06,1672.22,0.0,3.0,6.0,9.0
2015-05-23,Borussia Dortmund,Werder Bremen,1792.1,1666.54,4.0,4.0,10.0,8.0
2015-05-23,Eintracht Frankfurt,Bayer Leverkusen,1656.18,1825.49,4.0,6.0,5.0,10.0
2015-05-23,1. FC Koln,VfL Wolfsburg,1658.9,1819.52,4.0,7.0,6.0,8.0
2015-05-23,Hamburger SV,Schalke 04,1601.97,1728.88,4.0,6.0,7.0,7.0
2015-05-23,Hannover,SC Freiburg,1623.99,1634.11,5.0,4.0,5.0,5.0
2015-05-23,TSG Hoffenheim,Hertha,1670.94,1624.04,1.0,1.0,4.0,2.0
2015-05-23,MGladbach,FC Augsburg,1826.81,1689.27,9.0,4.0,13.0,7.0
2015-05-23,Paderborn,VfB Stuttgart,1566.97,1614.92,3.0,6.0,4.0,7.0
2015-08-14,Bayern Munich,Hamburger SV,1980.5,1618.86,3.0,4.0,6.0,10.0
2015-08-15,FC Augsburg,Hertha,1697.64,1618.52,6.0,1.0,7.0,1.0
2015-08-15,SV Darmstadt 98,Hannover,1504.89,1642.81,6.0,7.0,9.0,8.0
2015-08-15,Borussia Dortmund,MGladbach,1792.52,1816.05,6.0,6.0,10.0,12.0
2015-08-15,Bayer Leverkusen,TSG Hoffenheim,1819.81,1672.44,3.0,3.0,7.0,7.0
2015-08-15,FSV Mainz 05,Ingolstadt,1679.6,1540.75,3.0,4.0,6.0,6.0
2015-08-15,Werder Bremen,Schalke 04,1655.85,1718.25,1.0,3.0,5.0,6.0
2015-08-16,VfB Stuttgart,1. FC Koln,1629.88,1653.79,9.0,4.0,10.0,6.0
2015-08-16,VfL Wolfsburg,Eintracht Frankfurt,1822.76,1668.46,7.0,7.0,8.0,7.0
2015-08-21,Hertha,Werder Bremen,1618.52,1655.85,4.0,0.0,4.0,4.0
2015-08-22,Eintracht Frankfurt,FC Augsburg,1668.46,1697.64,4.0,3.0,7.0,7.0
2015-08-22,1. FC Koln,VfL Wolfsburg,1653.79,1822.76,4.0,7.0,8.0,11.0
2015-08-22,Hamburger SV,VfB Stuttgart,1616.98,1629.88,3.0,6.0,7.0,9.0
2015-08-22,Hannover,Bayer Leverkusen,1642.81,1819.81,7.0,6.0,9.0,9.0
2015-08-22,TSG Hoffenheim,Bayern Munich,1672.44,1983.26,3.0,6.0,4.0,6.0
2015-08-22,Schalke 04,SV Darmstadt 98,1718.25,1504.89,6.0,4.0,9.0,10.0
2015-08-23,Ingolstadt,Borussia Dortmund,1540.75,1792.52,7.0,6.0,8.0,10.0
2015-08-23,MGladbach,FSV Mainz 05,1816.05,1679.6,3.0,3.0,9.0,3.0
2015-08-28,VfL Wolfsburg,Schalke 04,1822.76,1718.25,5.0,4.0,11.0,7.0
2015-08-29,FC Augsburg,Ingolstadt,1697.64,1540.75,4.0,4.0,7.0,7.0
2015-08-29,Bayern Munich,Bayer Leverkusen,1983.26,1819.81,9.0,6.0,9.0,9.0
2015-08-29,SV Darmstadt 98,TSG Hoffenheim,1504.89,1672.44,5.0,3.0,8.0,3.0
2015-08-29,1. FC Koln,Hamburger SV,1653.79,1616.98,5.0,6.0,8.0,7.0
2015-08-29,FSV Mainz 05,Hannover,1679.6,1642.81,3.0,4.0,6.0,8.0
2015-08-29,VfB Stuttgart,Eintracht Frankfurt,1629.88,1668.46,3.0,4.0,9.0,8.0
2015-08-30,Borussia Dortmund,Hertha,1792.52,1618.52,9.0,4.0,12.0,5.0
2015-08-30,Werder Bremen,MGladbach,1655.85,1816.05,1.0,0.0,2.0,6.0
2015-09-11,MGladbach,Hamburger SV,1783.24,1622.16,0.0,3.0,3.0,6.0
2015-09-12,Bayern Munich,FC Augsburg,1996.06,1678.2,9.0,1.0,12.0,4.0
2015-09-12,Eintracht Frankfurt,1. FC Koln,1682.11,1679.3,4.0,7.0,8.0,8.0
2015-09-12,Hannover,Borussia Dortmund,1630.24,1823.47,1.0,9.0,7.0,12.0
2015-09-12,Hertha,VfB Stuttgart,1629.05,1601.23,4.0,0.0,5.0,6.0
2015-09-12,Ingolstadt,VfL Wolfsburg,1563.94,1834.87,6.0,7.0,10.0,11.0
2015-09-12,Bayer Leverkusen,SV Darmstadt 98,1836.79,1520.74,6.0,3.0,9.0,6.0
2015-09-13,TSG Hoffenheim,Werder Bremen,1668.12,1658.03,1.0,4.0,4.0,4.0
2015-09-13,Schalke 04,FSV Mainz 05,1721.73,1693.16,4.0,6.0,7.0,9.0
2015-09-18,FSV Mainz 05,TSG Hoffenheim,1687.16,1654.99,6.0,1.0,6.0,4.0
2015-09-19,SV Darmstadt 98,Bayern Munich,1536.7,1997.49,5.0,9.0,9.0,15.0
2015-09-19,1. FC Koln,MGladbach,1666.08,1760.14,4.0,0.0,8.0,0.0
2015-09-19,Hamburger SV,Eintracht Frankfurt,1645.26,1695.33,6.0,7.0,9.0,10.0
2015-09-19,Werder Bremen,Ingolstadt,1671.16,1569.47,7.0,4.0,7.0,8.0
2015-09-19,VfL Wolfsburg,Hertha,1829.35,1635.02,5.0,4.0,9.0,7.0
2015-09-20,FC Augsburg,Hannover,1676.77,1623.81,1.0,0.0,4.0,4.0
2015-09-20,Borussia Dortmund,Bayer Leverkusen,1829.91,1820.82,9.0,3.0,15.0,6.0
2015-09-20,VfB Stuttgart,Schalke 04,1595.25,1727.73,0.0,4.0,3.0,7.0
2015-09-22,Bayern Munich,VfL Wolfsburg,1997.49,1829.35,9.0,7.0,15.0,11.0
2015-09-22,SV Darmstadt 98,Werder Bremen,1536.7,1671.16,4.0,6.0,6.0,7.0
2015-09-22,Hertha,1. FC Koln,1635.02,1666.08,3.0,6.0,7.0,10.0
2015-09-22,Ingolstadt,Hamburger SV,1569.47,1645.26,7.0,4.0,10.0,7.0
2015-09-23,Hannover,VfB Stuttgart,1623.81,1595.25,0.0,0.0,1.0,0.0
2015-09-23,TSG Hoffenheim,Borussia Dortmund,1654.99,1829.91,1.0,9.0,1.0,15.0
2015-09-23,Bayer Leverkusen,FSV Mainz 05,1820.82,1687.16,0.0,6.0,6.0,9.0
2015-09-23,MGladbach,FC Augsburg,1760.14,1676.77,0.0,3.0,0.0,4.0
2015-09-23,Schalke 04,Eintracht Frankfurt,1727.73,1695.33,6.0,7.0,10.0,8.0
2015-09-25,1. FC Koln,Ingolstadt,1666.08,1569.47,3.0,4.0,7.0,7.0
2015-09-26,FC Augsburg,TSG Hoffenheim,1676.77,1654.99,3.0,1.0,4.0,2.0
2015-09-26,Hamburger SV,Schalke 04,1645.26,1727.73,7.0,9.0,10.0,10.0
2015-09-26,FSV Mainz 05,Bayern Munich,1687.16,1997.49,3.0,9.0,9.0,15.0
2015-09-26,VfB Stuttgart,MGladbach,1595.25,1760.14,3.0,3.0,3.0,3.0
2015-09-26,Werder Bremen,Bayer Leverkusen,1671.16,1820.82,3.0,3.0,7.0,6.0
2015-09-26,VfL Wolfsburg,Hannover,1829.35,1623.81,4.0,0.0,8.0,0.0
2015-09-27,Borussia Dortmund,SV Darmstadt 98,1829.91,1536.7,7.0,6.0,13.0,8.0
2015-09-27,Eintracht Frankfurt,Hertha,1695.33,1635.02,4.0,6.0,8.0,7.0
2015-10-02,SV Darmstadt 98,FSV Mainz 05,1552.24,1686.76,4.0,3.0,8.0,6.0
2015-10-03,Hannover,Werder Bremen,1608.47,1640.15,1.0,0.0,1.0,6.0
2015-10-03,Hertha,Hamburger SV,1644.91,1645.73,4.0,4.0,7.0,7.0
2015-10-03,TSG Hoffenheim,VfB Stuttgart,1664.49,1595.62,4.0,3.0,5.0,3.0
2015-10-03,Ingolstadt,Eintracht Frankfurt,1577.24,1684.82,4.0,2.0,8.0,8.0
2015-10-03,MGladbach,VfL Wolfsburg,1752.52,1818.23,6.0,4.0,6.0,8.0
2015-10-04,Bayern Munich,Borussia Dortmund,2015.99,1832.58,9.0,5.0,15.0,11.0
2015-10-04,Bayer Leverkusen,FC Augsburg,1823.5,1657.79,6.0,3.0,6.0,3.0
2015-10-04,Schalke 04,1. FC Koln,1756.66,1659.77,9.0,4.0,12.0,7.0
2015-10-16,FSV Mainz 05,Borussia Dortmund,1684.86,1813.24,3.0,2.0,6.0,8.0
2015-10-17,FC Augsburg,SV Darmstadt 98,1635.4,1538.52,1.0,4.0,4.0,7.0
2015-10-17,Eintracht Frankfurt,MGladbach,1663.33,1756.64,1.0,9.0,5.0,9.0
2015-10-17,Hamburger SV,Bayer Leverkusen,1625.96,1809.8,3.0,7.0,7.0,7.0
2015-10-17,Schalke 04,Hertha,1731.43,1649.07,6.0,7.0,12.0,10.0
2015-10-17,Werder Bremen,Bayern Munich,1624.98,2013.87,0.0,9.0,3.0,15.0
2015-10-17,VfL Wolfsburg,TSG Hoffenheim,1798.51,1653.43,1.0,5.0,5.0,5.0
2015-10-18,1. FC Koln,Hannover,1672.53,1608.03,4.0,4.0,7.0,4.0
2015-10-18,VfB Stuttgart,Ingolstadt,1591.07,1583.12,4.0,4.0,4.0,8.0
2015-10-23,TSG Hoffenheim,Hamburger SV,1653.43,1625.96,4.0,1.0,5.0,5.0
2015-10-24,Bayern Munich,1. FC Koln,2013.87,1672.53,9.0,4.0,15.0,7.0
2015-10-24,SV Darmstadt 98,VfL Wolfsburg,1538.52,1798.51,4.0,4.0,7.0,7.0
2015-10-24,Hannover,Eintracht Frankfurt,1608.03,1663.33,7.0,1.0,7.0,2.0
2015-10-24,Ingolstadt,Hertha,1583.12,1649.07,4.0,4.0,7.0,7.0
2015-10-24,Bayer Leverkusen,VfB Stuttgart,1809.8,1591.07,5.0,4.0,8.0,7.0
2015-10-24,FSV Mainz 05,Werder Bremen,1684.86,1624.98,3.0,0.0,6.0,0.0
2015-10-25,Borussia Dortmund,FC Augsburg,1813.24,1635.4,4.0,1.0,8.0,4.0
2015-10-25,MGladbach,Schalke 04,1756.64,1731.43,9.0,6.0,12.0,12.0
2015-10-30,Eintracht Frankfurt,Bayern Munich,1663.33,2013.87,3.0,9.0,4.0,15.0
2015-10-31,FC Augsburg,FSV Mainz 05,1635.4,1684.86,1.0,3.0,1.0,3.0
2015-10-31,1. FC Koln,TSG Hoffenheim,1672.53,1653.43,3.0,1.0,4.0,5.0
2015-10-31,Hertha,MGladbach,1649.07,1756.64,6.0,9.0,10.0,15.0
2015-10-31,Schalke 04,Ingolstadt,1731.43,1583.12,3.0,3.0,9.0,4.0
2015-10-31,Werder Bremen,Borussia Dortmund,1624.98,1813.24,3.0,6.0,3.0,8.0
2015-10-31,VfL Wolfsburg,Bayer Leverkusen,1798.51,1809.8,6.0,5.0,7.0,11.0
2015-11-01,Hamburger SV,Hannover,1637.96,1609.65,4.0,6.0,7.0,7.0
2015-11-01,VfB Stuttgart,SV Darmstadt 98,1593.9,1550.7,4.0,3.0,7.0,7.0
2015-11-06,Hannover,Hertha,1609.65,1640.47,6.0,3.0,10.0,7.0
2015-11-07,Bayern Munich,VfB Stuttgart,1994.33,1593.9,7.0,6.0,13.0,7.0
2015-11-07,SV Darmstadt 98,Hamburger SV,1550.7,1637.96,3.0,4.0,4.0,4.0
2015-11-07,TSG Hoffenheim,Eintracht Frankfurt,1639.79,1663.6,1.0,4.0,5.0,5.0
2015-11-07,Bayer Leverkusen,1. FC Koln,1797.63,1655.67,4.0,1.0,8.0,5.0
2015-11-07,FSV Mainz 05,VfL Wolfsburg,1660.6,1816.74,1.0,9.0,4.0,10.0
2015-11-07,MGladbach,Ingolstadt,1793.24,1572.86,9.0,1.0,15.0,5.0
2015-11-08,FC Augsburg,Werder Bremen,1619.19,1631.0,1.0,3.0,2.0,3.0
2015-11-08,Borussia Dortmund,Schalke 04,1834.17,1717.82,9.0,4.0,10.0,7.0
2015-11-20,Hamburger SV,Borussia Dortmund,1624.86,1837.34,4.0,9.0,5.0,12.0
2015-11-21,Eintracht Frankfurt,Bayer Leverkusen,1662.19,1776.43,5.0,3.0,5.0,5.0
2015-11-21,1. FC Koln,FSV Mainz 05,1666.22,1673.29,4.0,4.0,7.0,7.0
2015-11-21,MGladbach,Hannover,1785.05,1605.34,7.0,3.0,13.0,9.0
2015-11-21,Schalke 04,Bayern Munich,1712.77,2000.58,1.0,7.0,4.0,13.0
2015-11-21,VfB Stuttgart,FC Augsburg,1598.35,1614.03,3.0,1.0,7.0,2.0
2015-11-21,VfL Wolfsburg,Werder Bremen,1786.04,1637.83,6.0,6.0,9.0,6.0
2015-11-22,Hertha,TSG Hoffenheim,1650.65,1637.18,6.0,2.0,9.0,3.0
2015-11-22,Ingolstadt,SV Darmstadt 98,1577.28,1541.61,2.0,1.0,5.0,4.0
2015-11-27,SV Darmstadt 98,1. FC Koln,1541.61,1666.22,1.0,5.0,4.0,5.0
2015-11-28,Bayern Munich,Hertha,2000.58,1650.65,7.0,6.0,13.0,9.0
2015-11-28,Hannover,Ingolstadt,1605.34,1577.28,3.0,5.0,6.0,5.0
2015-11-28,TSG Hoffenheim,MGladbach,1637.18,1785.05,2.0,7.0,2.0,13.0
2015-11-28,FSV Mainz 05,Eintracht Frankfurt,1673.29,1662.19,5.0,2.0,5.0,5.0
2015-11-28,Werder Bremen,Hamburger SV,1637.83,1624.86,3.0,4.0,6.0,8.0
2015-11-29,FC Augsburg,VfL Wolfsburg,1614.03,1786.04,4.0,6.0,4.0,12.0
2015-11-29,Borussia Dortmund,VfB Stuttgart,1837.34,1598.35,6.0,3.0,12.0,6.0
2015-11-29,Bayer Leverkusen,Schalke 04,1776.43,1712.77,3.0,1.0,7.0,4.0
2015-12-04,Schalke 04,Hannover,1716.98,1618.18,1.0,3.0,2.0,6.0
2015-12-05,1. FC Koln,FC Augsburg,1665.51,1631.36,5.0,4.0,6.0,5.0
2015-12-05,Hamburger SV,FSV Mainz 05,1657.35,1683.48,7.0,7.0,10.0,8.0
2015-12-05,Hertha,Bayer Leverkusen,1658.25,1780.79,6.0,4.0,9.0,7.0
2015-12-05,Ingolstadt,TSG Hoffenheim,1575.85,1636.87,4.0,2.0,5.0,3.0
2015-12-05,MGladbach,Bayern Munich,1797.37,2012.11,5.0,9.0,11.0,13.0
2015-12-05,VfL Wolfsburg,Borussia Dortmund,1806.96,1817.77,4.0,6.0,10.0,12.0
2015-12-06,Eintracht Frankfurt,SV Darmstadt 98,1650.06,1538.08,1.0,2.0,5.0,2.0
2015-12-06,VfB Stuttgart,Werder Bremen,1579.93,1619.67,0.0,3.0,3.0,6.0
2015-12-11,FSV Mainz 05,VfB Stuttgart,1683.48,1579.93,7.0,1.0,11.0,4.0
2015-12-12,Bayern Munich,Ingolstadt,2012.11,1575.85,6.0,4.0,10.0,6.0
2015-12-12,SV Darmstadt 98,Hertha,1538.08,1658.25,4.0,6.0,5.0,9.0
2015-12-12,TSG Hoffenheim,Hannover,1636.87,1618.18,2.0,3.0,4.0,6.0
2015-12-12,Bayer Leverkusen,MGladbach,1780.79,1797.37,4.0,7.0,4.0,11.0
2015-12-12,Werder Bremen,1. FC Koln,1619.67,1665.51,1.0,2.0,4.0,6.0
2015-12-12,VfL Wolfsburg,Hamburger SV,1806.96,1657.35,4.0,6.0,7.0,7.0
2015-12-13,FC Augsburg,Schalke 04,1631.36,1716.98,7.0,4.0,8.0,5.0
2015-12-13,Borussia Dortmund,Eintracht Frankfurt,1817.77,1650.06,6.0,0.0,12.0,2.0
2015-12-18,Schalke 04,TSG Hoffenheim,1724.54,1644.74,4.0,5.0,4.0,6.0
2015-12-19,Eintracht Frankfurt,Werder Bremen,1634.93,1621.8,0.0,2.0,1.0,5.0
2015-12-19,1. FC Koln,Borussia Dortmund,1657.76,1818.11,2.0,9.0,6.0,12.0
2015-12-19,Hamburger SV,FC Augsburg,1652.83,1660.0,4.0,7.0,8.0,10.0
2015-12-19,Hannover,Bayern Munich,1607.85,2000.37,3.0,6.0,3.0,12.0
2015-12-19,Ingolstadt,Bayer Leverkusen,1577.34,1795.51,1.0,4.0,5.0,7.0
2015-12-19,VfB Stuttgart,VfL Wolfsburg,1586.28,1801.9,2.0,2.0,2.0,5.0
2015-12-20,Hertha,FSV Mainz 05,1683.27,1693.34,6.0,7.0,12.0,11.0
2015-12-20,MGladbach,SV Darmstadt 98,1792.76,1539.61,4.0,4.0,8.0,5.0
2016-01-22,Hamburger SV,Bayern Munich,1643.84,2001.89,1.0,6.0,7.0,12.0
2016-01-23,1. FC Koln,VfB Stuttgart,1668.79,1603.47,4.0,5.0,6.0,5.0
2016-01-23,Hannover,SV Darmstadt 98,1606.33,1537.52,0.0,3.0,3.0,4.0
2016-01-23,Hertha,FC Augsburg,1693.29,1668.99,9.0,9.0,12.0,13.0
2016-01-23,TSG Hoffenheim,Bayer Leverkusen,1639.88,1799.53,4.0,6.0,5.0,10.0
2016-01-23,Ingolstadt,FSV Mainz 05,1573.32,1683.32,1.0,4.0,4.0,8.0
2016-01-23,MGladbach,Borussia Dortmund,1794.85,1807.08,6.0,6.0,10.0,9.0
2016-01-24,Eintracht Frankfurt,VfL Wolfsburg,1641.29,1784.71,3.0,1.0,3.0,5.0
2016-01-24,Schalke 04,Werder Bremen,1729.39,1615.44,6.0,2.0,7.0,2.0
2016-01-29,FSV Mainz 05,MGladbach,1683.32,1794.85,1.0,3.0,7.0,7.0
2016-01-30,FC Augsburg,Eintracht Frankfurt,1668.99,1641.29,7.0,6.0,11.0,6.0
2016-01-30,SV Darmstadt 98,Schalke 04,1537.52,1729.39,3.0,3.0,7.0,7.0
2016-01-30,Borussia Dortmund,Ingolstadt,1807.08,1573.32,6.0,3.0,12.0,4.0
2016-01-30,Bayer Leverkusen,Hannover,1799.53,1606.33,7.0,0.0,8.0,3.0
2016-01-30,VfB Stuttgart,Hamburger SV,1603.47,1643.84,7.0,1.0,8.0,4.0
2016-01-30,Werder Bremen,Hertha,1615.44,1693.29,4.0,7.0,5.0,10.0
2016-01-31,Bayern Munich,TSG Hoffenheim,2001.89,1639.88,9.0,4.0,12.0,6.0
2016-01-31,VfL Wolfsburg,1. FC Koln,1784.71,1668.79,1.0,4.0,2.0,5.0
2016-02-05,MGladbach,Werder Bremen,1772.91,1632.5,3.0,4.0,6.0,6.0
2016-02-06,Eintracht Frankfurt,VfB Stuttgart,1653.48,1626.6,7.0,9.0,7.0,11.0
2016-02-06,Hannover,FSV Mainz 05,1590.39,1683.14,0.0,3.0,0.0,7.0
2016-02-06,Hertha,Borussia Dortmund,1690.86,1822.6,5.0,6.0,11.0,12.0
2016-02-06,Ingolstadt,FC Augsburg,1579.93,1669.18,3.0,5.0,4.0,11.0
2016-02-06,Bayer Leverkusen,Bayern Munich,1801.13,2005.39,7.0,9.0,10.0,12.0
2016-02-06,Schalke 04,VfL Wolfsburg,1720.01,1769.89,6.0,1.0,9.0,2.0
2016-02-07,Hamburger SV,1. FC Koln,1634.58,1657.47,0.0,4.0,1.0,5.0
2016-02-07,TSG Hoffenheim,SV Darmstadt 98,1641.43,1541.47,1.0,3.0,5.0,6.0
2016-02-12,FSV Mainz 05,Schalke 04,1683.14,1720.01,6.0,6.0,7.0,9.0
2016-02-13,SV Darmstadt 98,Bayer Leverkusen,1541.47,1801.13,6.0,5.0,6.0,11.0
2016-02-13,Borussia Dortmund,Hannover,1822.6,1590.39,7.0,0.0,10.0,0.0
2016-02-13,1. FC Koln,Eintracht Frankfurt,1657.47,1653.48,2.0,4.0,6.0,7.0
2016-02-13,VfB Stuttgart,Hertha,1626.6,1690.86,9.0,3.0,13.0,9.0
2016-02-13,Werder Bremen,TSG Hoffenheim,1632.5,1641.43,4.0,1.0,5.0,4.0
2016-02-13,VfL Wolfsburg,Ingolstadt,1769.89,1579.93,1.0,6.0,2.0,6.0
2016-02-14,FC Augsburg,Bayern Munich,1669.18,2005.39,2.0,7.0,8.0,13.0
2016-02-14,Hamburger SV,MGladbach,1634.58,1772.91,1.0,3.0,2.0,6.0
2016-02-19,Eintracht Frankfurt,Hamburger SV,1630.55,1644.43,1.0,4.0,7.0,4.0
2016-02-20,Bayern Munich,SV Darmstadt 98,2004.15,1554.46,7.0,3.0,13.0,6.0
2016-02-20,Hertha,VfL Wolfsburg,1681.66,1760.81,2.0,4.0,6.0,4.0
2016-02-20,TSG Hoffenheim,FSV Mainz 05,1626.26,1698.0,1.0,9.0,2.0,9.0
2016-02-20,Ingolstadt,Werder Bremen,1584.49,1623.88,3.0,2.0,6.0,5.0
2016-02-20,MGladbach,1. FC Koln,1769.68,1667.32,3.0,5.0,6.0,8.0
2016-02-21,Hannover,FC Augsburg,1581.28,1656.86,0.0,1.0,0.0,5.0
2016-02-21,Bayer Leverkusen,Borussia Dortmund,1808.83,1822.46,7.0,7.0,11.0,10.0
2016-02-21,Schalke 04,VfB Stuttgart,1725.87,1651.95,6.0,9.0,9.0,15.0
2016-02-26,1. FC Koln,Hertha,1667.32,1681.66,4.0,2.0,5.0,4.0
2016-02-27,Hamburger SV,Ingolstadt,1644.43,1584.49,5.0,6.0,5.0,9.0
2016-02-27,VfB Stuttgart,Hannover,1651.95,1581.28,7.0,0.0,13.0,0.0
2016-02-27,Werder Bremen,SV Darmstadt 98,1623.88,1554.46,1.0,3.0,5.0,6.0
2016-02-27,VfL Wolfsburg,Bayern Munich,1760.81,2004.15,4.0,7.0,5.0,13.0
2016-02-28,FC Augsburg,MGladbach,1656.86,1769.68,3.0,6.0,5.0,6.0
2016-02-28,Borussia Dortmund,TSG Hoffenheim,1822.46,1626.26,7.0,4.0,13.0,5.0
2016-02-28,Eintracht Frankfurt,Schalke 04,1630.55,1725.87,1.0,4.0,5.0,7.0
2016-02-28,FSV Mainz 05,Bayer Leverkusen,1698.0,1808.83,6.0,4.0,9.0,8.0
2016-03-01,Hannover,VfL Wolfsburg,1588.83,1764.63,3.0,4.0,3.0,5.0
2016-03-01,Ingolstadt,1. FC Koln,1601.97,1657.58,4.0,3.0,7.0,5.0
2016-03-02,Bayern Munich,FSV Mainz 05,2016.65,1707.4,9.0,6.0,13.0,12.0
2016-03-02,SV Darmstadt 98,Borussia Dortmund,1560.06,1851.8,1.0,9.0,4.0,13.0
2016-03-02,Hertha,Eintracht Frankfurt,1695.31,1634.17,4.0,2.0,6.0,3.0
2016-03-02,TSG Hoffenheim,FC Augsburg,1635.0,1661.64,4.0,4.0,4.0,5.0
2016-03-02,Bayer Leverkusen,Werder Bremen,1801.37,1613.45,3.0,2.0,7.0,3.0
2016-03-02,MGladbach,VfB Stuttgart,1775.79,1647.75,4.0,4.0,7.0,10.0
2016-03-02,Schalke 04,Hamburger SV,1709.77,1646.35,2.0,5.0,8.0,6.0
2016-03-05,FC Augsburg,Bayer Leverkusen,1661.64,1801.37,4.0,0.0,4.0,4.0
2016-03-05,Borussia Dortmund,Bayern Munich,1851.8,2016.65,9.0,6.0,13.0,10.0
2016-03-05,Eintracht Frankfurt,Ingolstadt,1634.17,1601.97,2.0,5.0,2.0,8.0
2016-03-05,1. FC Koln,Schalke 04,1657.58,1709.77,1.0,5.0,5.0,8.0
2016-03-05,VfB Stuttgart,TSG Hoffenheim,1647.75,1635.0,1.0,6.0,7.0,7.0
2016-03-05,Werder Bremen,Hannover,1613.45,1588.83,4.0,3.0,5.0,3.0
2016-03-05,VfL Wolfsburg,MGladbach,1764.63,1775.79,4.0,7.0,7.0,10.0
2016-03-06,Hamburger SV,Hertha,1646.35,1695.31,2.0,7.0,6.0,8.0
2016-03-06,FSV Mainz 05,SV Darmstadt 98,1707.4,1560.06,6.0,1.0,12.0,4.0
2016-03-11,Hertha,Schalke 04,1695.31,1709.77,6.0,7.0,7.0,8.0
2016-03-12,Bayern Munich,Werder Bremen,2016.65,1613.45,4.0,7.0,10.0,8.0
2016-03-12,SV Darmstadt 98,FC Augsburg,1560.06,1661.64,2.0,2.0,2.0,5.0
2016-03-12,Hannover,1. FC Koln,1588.83,1657.58,3.0,1.0,3.0,4.0
2016-03-12,TSG Hoffenheim,VfL Wolfsburg,1635.0,1764.63,3.0,6.0,7.0,10.0
2016-03-12,Ingolstadt,VfB Stuttgart,1601.97,1647.75,3.0,3.0,6.0,7.0
2016-03-12,MGladbach,Eintracht Frankfurt,1775.79,1634.17,4.0,2.0,7.0,3.0
2016-03-13,Borussia Dortmund,FSV Mainz 05,1851.8,1707.4,7.0,7.0,13.0,10.0
2016-03-13,Bayer Leverkusen,Hamburger SV,1801.37,1646.35,1.0,4.0,4.0,8.0
2016-03-18,Schalke 04,MGladbach,1716.99,1784.41,6.0,6.0,8.0,10.0
2016-03-19,Eintracht Frankfurt,Hannover,1620.35,1561.26,1.0,0.0,3.0,3.0
2016-03-19,1. FC Koln,Bayern Munich,1658.54,2002.55,4.0,4.0,4.0,10.0
2016-03-19,Hamburger SV,TSG Hoffenheim,1650.63,1641.28,3.0,6.0,5.0,9.0
2016-03-19,Hertha,Ingolstadt,1703.63,1605.99,6.0,3.0,10.0,7.0
2016-03-19,Werder Bremen,FSV Mainz 05,1645.36,1714.41,6.0,4.0,7.0,7.0
2016-03-19,VfL Wolfsburg,SV Darmstadt 98,1773.49,1564.79,6.0,2.0,7.0,3.0
2016-03-20,FC Augsburg,Borussia Dortmund,1656.79,1878.51,2.0,7.0,6.0,13.0
2016-03-20,VfB Stuttgart,Bayer Leverkusen,1655.22,1772.55,4.0,4.0,5.0,4.0
2016-04-01,Bayer Leverkusen,VfL Wolfsburg,1781.46,1770.39,7.0,4.0,7.0,7.0
2016-04-02,Bayern Munich,Eintracht Frankfurt,2016.46,1628.81,7.0,4.0,10.0,5.0
2016-04-02,SV Darmstadt 98,VfB Stuttgart,1574.31,1649.63,3.0,4.0,4.0,4.0
2016-04-02,Borussia Dortmund,Werder Bremen,1891.47,1649.13,7.0,4.0,13.0,8.0
2016-04-02,Hannover,Hamburger SV,1559.22,1640.58,0.0,3.0,3.0,4.0
2016-04-02,Ingolstadt,Schalke 04,1604.52,1728.65,2.0,6.0,4.0,10.0
2016-04-02,FSV Mainz 05,FC Augsburg,1717.07,1654.58,2.0,2.0,8.0,3.0
2016-04-03,TSG Hoffenheim,1. FC Koln,1657.74,1659.71,6.0,3.0,9.0,4.0
2016-04-03,MGladbach,Hertha,1779.18,1711.52,3.0,6.0,7.0,12.0
2016-04-08,Hertha,Hannover,1711.52,1559.22,6.0,0.0,9.0,0.0
2016-04-09,Eintracht Frankfurt,TSG Hoffenheim,1628.81,1657.74,3.0,7.0,4.0,10.0
2016-04-09,Hamburger SV,SV Darmstadt 98,1640.58,1574.31,3.0,3.0,6.0,4.0
2016-04-09,Ingolstadt,MGladbach,1604.52,1779.18,4.0,6.0,6.0,9.0
2016-04-09,VfB Stuttgart,Bayern Munich,1649.63,2016.46,2.0,9.0,5.0,10.0
2016-04-09,Werder Bremen,FC Augsburg,1649.13,1654.58,1.0,1.0,7.0,2.0
2016-04-09,VfL Wolfsburg,FSV Mainz 05,1770.39,1717.07,1.0,4.0,7.0,8.0
2016-04-10,1. FC Koln,Bayer Leverkusen,1659.71,1781.46,4.0,9.0,5.0,10.0
2016-04-10,Schalke 04,Borussia Dortmund,1728.65,1891.47,3.0,9.0,9.0,13.0
2016-04-15,Hannover,MGladbach,1547.66,1775.26,1.0,3.0,1.0,6.0
2016-04-16,FC Augsburg,VfB Stuttgart,1651.79,1642.11,3.0,1.0,5.0,5.0
2016-04-16,Bayern Munich,Schalke 04,2019.49,1710.16,9.0,4.0,13.0,7.0
2016-04-16,SV Darmstadt 98,Ingolstadt,1582.27,1629.13,5.0,6.0,7.0,8.0
2016-04-16,TSG Hoffenheim,Hertha,1663.83,1690.43,7.0,4.0,10.0,7.0
2016-04-16,Bayer Leverkusen,Eintracht Frankfurt,1796.87,1611.8,9.0,3.0,13.0,4.0
2016-04-16,Werder Bremen,VfL Wolfsburg,1633.69,1750.59,1.0,2.0,4.0,5.0
2016-04-17,Borussia Dortmund,Hamburger SV,1869.87,1637.31,7.0,3.0,11.0,6.0
2016-04-17,FSV Mainz 05,1. FC Koln,1722.97,1648.36,5.0,1.0,6.0,4.0
2016-04-22,Hamburger SV,Werder Bremen,1637.31,1633.69,3.0,3.0,3.0,4.0
2016-04-23,1. FC Koln,SV Darmstadt 98,1648.36,1582.27,4.0,7.0,7.0,9.0
2016-04-23,Hertha,Bayern Munich,1690.43,2019.49,1.0,9.0,7.0,15.0
2016-04-23,Ingolstadt,Hannover,1629.13,1547.66,6.0,4.0,7.0,4.0
2016-04-23,Schalke 04,Bayer Leverkusen,1710.16,1796.87,1.0,9.0,4.0,15.0
2016-04-23,VfB Stuttgart,Borussia Dortmund,1642.11,1869.87,1.0,7.0,2.0,13.0
2016-04-23,VfL Wolfsburg,FC Augsburg,1750.59,1651.79,1.0,6.0,2.0,7.0
2016-04-24,Eintracht Frankfurt,FSV Mainz 05,1611.8,1722.97,0.0,4.0,3.0,5.0
2016-04-24,MGladbach,TSG Hoffenheim,1775.26,1663.83,3.0,7.0,6.0,13.0
2016-04-29,FC Augsburg,1. FC Koln,1651.79,1648.36,9.0,6.0,9.0,7.0
2016-04-30,Bayern Munich,MGladbach,2019.49,1775.26,9.0,3.0,15.0,6.0
2016-04-30,SV Darmstadt 98,Eintracht Frankfurt,1582.27,1611.8,6.0,3.0,8.0,6.0
2016-04-30,Borussia Dortmund,VfL Wolfsburg,1869.87,1750.59,7.0,1.0,13.0,2.0
2016-04-30,Hannover,Schalke 04,1547.66,1710.16,5.0,1.0,5.0,4.0
2016-04-30,TSG Hoffenheim,Ingolstadt,1663.83,1629.13,6.0,4.0,10.0,7.0
2016-04-30,Bayer Leverkusen,Hertha,1796.87,1690.43,9.0,1.0,15.0,4.0
2016-04-30,FSV Mainz 05,Hamburger SV,1722.97,1637.31,1.0,3.0,5.0,6.0
2016-05-02,Werder Bremen,VfB Stuttgart,1634.78,1627.58,3.0,0.0,4.0,1.0
2016-05-07,Eintracht Frankfurt,Borussia Dortmund,1622.64,1884.78,6.0,9.0,6.0,13.0
2016-05-07,1. FC Koln,Werder Bremen,1668.89,1634.78,7.0,6.0,8.0,6.0
2016-05-07,Hamburger SV,VfL Wolfsburg,1641.46,1715.98,4.0,0.0,7.0,1.0
2016-05-07,Hannover,TSG Hoffenheim,1558.03,1668.45,4.0,6.0,5.0,10.0
2016-05-07,Hertha,SV Darmstadt 98,1673.98,1574.33,0.0,3.0,1.0,7.0
2016-05-07,Ingolstadt,Bayern Munich,1607.17,2010.55,1.0,7.0,7.0,13.0
2016-05-07,MGladbach,Bayer Leverkusen,1769.37,1811.1,4.0,9.0,7.0,15.0
2016-05-07,Schalke 04,FC Augsburg,1706.92,1670.98,3.0,7.0,4.0,10.0
2016-05-07,VfB Stuttgart,FSV Mainz 05,1627.58,1696.98,0.0,1.0,1.0,5.0
2016-05-14,FC Augsburg,Hamburger SV,1670.98,1641.46,5.0,4.0,11.0,4.0
2016-05-14,Bayern Munich,Hannover,2010.55,1558.03,7.0,4.0,13.0,8.0
2016-05-14,SV Darmstadt 98,MGladbach,1574.33,1769.37,3.0,7.0,9.0,7.0
2016-05-14,Borussia Dortmund,1. FC Koln,1884.78,1668.89,6.0,5.0,10.0,8.0
2016-05-14,TSG Hoffenheim,Schalke 04,1668.45,1706.92,3.0,4.0,9.0,5.0
2016-05-14,Bayer Leverkusen,Ingolstadt,1811.1,1607.17,6.0,1.0,12.0,4.0
2016-05-14,FSV Mainz 05,Hertha,1696.98,1673.98,4.0,0.0,5.0,1.0
2016-05-14,Werder Bremen,Eintracht Frankfurt,1634.78,1622.64,4.0,9.0,7.0,9.0
2016-05-14,VfL Wolfsburg,VfB Stuttgart,1715.98,1627.58,3.0,0.0,4.0,0.0
2016-08-26,Bayern Munich,Werder Bremen,2003.06,1648.04,7.0,7.0,13.0,10.0
2016-08-27,FC Augsburg,VfL Wolfsburg,1650.82,1721.38,2.0,6.0,8.0,6.0
2016-08-27,Borussia Dortmund,FSV Mainz 05,1857.89,1696.73,4.0,5.0,10.0,5.0
2016-08-27,Eintracht Frankfurt,Schalke 04,1630.61,1711.04,6.0,7.0,9.0,7.0
2016-08-27,1. FC Koln,SV Darmstadt 98,1665.56,1572.06,3.0,3.0,9.0,6.0
2016-08-27,Hamburger SV,Ingolstadt,1641.46,1595.27,4.0,0.0,7.0,1.0
2016-08-27,MGladbach,Bayer Leverkusen,1776.03,1798.59,7.0,6.0,10.0,12.0
2016-08-28,Hertha,SC Freiburg,1637.17,1644.41,1.0,6.0,1.0,10.0
2016-08-28,TSG Hoffenheim,RB Leipzig,1637.23,1539.64,3.0,4.0,6.0,5.0
2016-09-09,Schalke 04,Bayern Munich,1705.39,2008.87,4.0,9.0,7.0,13.0
2016-09-10,SV Darmstadt 98,Eintracht Frankfurt,1568.58,1642.54,3.0,6.0,3.0,12.0
2016-09-10,SC Freiburg,MGladbach,1640.71,1795.27,3.0,9.0,9.0,13.0
2016-09-10,Ingolstadt,Hertha,1601.18,1647.15,1.0,4.0,2.0,4.0
2016-09-10,Bayer Leverkusen,Hamburger SV,1794.87,1641.84,3.0,4.0,9.0,8.0
2016-09-10,RB Leipzig,Borussia Dortmund,1546.87,1864.28,4.0,4.0,6.0,10.0
2016-09-10,VfL Wolfsburg,1. FC Koln,1735.17,1675.32,9.0,5.0,9.0,9.0
2016-09-11,FSV Mainz 05,TSG Hoffenheim,1696.63,1636.28,4.0,1.0,5.0,4.0
2016-09-11,Werder Bremen,FC Augsburg,1648.52,1643.31,4.0,1.0,7.0,5.0
2016-09-16,1. FC Koln,SC Freiburg,1677.4,1654.31,5.0,3.0,7.0,9.0
2016-09-17,Bayern Munich,Ingolstadt,2014.1,1588.15,9.0,1.0,13.0,1.0
2016-09-17,Borussia Dortmund,SV Darmstadt 98,1854.47,1576.1,4.0,3.0,7.0,6.0
2016-09-17,Eintracht Frankfurt,Bayer Leverkusen,1632.82,1794.96,3.0,6.0,9.0,9.0
2016-09-17,Hamburger SV,RB Leipzig,1635.93,1559.99,4.0,4.0,5.0,8.0
2016-09-17,TSG Hoffenheim,VfL Wolfsburg,1638.46,1730.89,2.0,7.0,5.0,10.0
2016-09-17,MGladbach,Werder Bremen,1771.83,1638.08,6.0,3.0,10.0,7.0
2016-09-18,FC Augsburg,FSV Mainz 05,1651.56,1692.25,3.0,2.0,5.0,6.0
2016-09-18,Hertha,Schalke 04,1657.99,1700.47,7.0,3.0,7.0,7.0
2016-09-20,SV Darmstadt 98,TSG Hoffenheim,1576.1,1638.46,3.0,3.0,6.0,3.0
2016-09-20,SC Freiburg,Hamburger SV,1654.31,1635.93,3.0,1.0,6.0,4.0
2016-09-20,Ingolstadt,Eintracht Frankfurt,1588.15,1632.82,1.0,6.0,1.0,9.0
2016-09-20,VfL Wolfsburg,Borussia Dortmund,1730.89,1854.47,5.0,6.0,11.0,7.0
2016-09-21,Bayern Munich,Hertha,2014.1,1657.99,9.0,9.0,15.0,10.0
2016-09-21,Bayer Leverkusen,FC Augsburg,1794.96,1651.56,3.0,3.0,6.0,4.0
2016-09-21,RB Leipzig,MGladbach,1559.99,1771.83,7.0,6.0,10.0,12.0
2016-09-21,Schalke 04,1. FC Koln,1700.47,1677.4,0.0,7.0,4.0,9.0
2016-09-21,Werder Bremen,FSV Mainz 05,1638.08,1692.25,0.0,4.0,4.0,8.0
2016-09-23,Borussia Dortmund,SC Freiburg,1854.47,1654.31,6.0,6.0,10.0,6.0
2016-09-24,FC Augsburg,SV Darmstadt 98,1651.56,1576.1,4.0,4.0,4.0,4.0
2016-09-24,Eintracht Frankfurt,Hertha,1632.82,1657.99,6.0,6.0,9.0,10.0
2016-09-24,Hamburger SV,Bayern Munich,1635.93,2014.1,0.0,9.0,4.0,15.0
2016-09-24,FSV Mainz 05,Bayer Leverkusen,1692.25,1794.96,7.0,4.0,8.0,7.0
2016-09-24,MGladbach,Ingolstadt,1771.83,1588.15,4.0,0.0,10.0,1.0
2016-09-24,Werder Bremen,VfL Wolfsburg,1638.08,1730.89,0.0,2.0,3.0,8.0
2016-09-25,1. FC Koln,RB Leipzig,1677.4,1559.99,7.0,7.0,11.0,8.0
2016-09-25,TSG Hoffenheim,Schalke 04,1638.46,1700.47,3.0,0.0,4.0,3.0
2016-09-30,RB Leipzig,FC Augsburg,1559.99,1651.56,5.0,4.0,9.0,7.0
2016-10-01,Bayern Munich,1. FC Koln,2016.02,1701.03,9.0,7.0,15.0,11.0
2016-10-01,SV Darmstadt 98,Werder Bremen,1571.13,1637.41,1.0,3.0,4.0,3.0
2016-10-01,SC Freiburg,Eintracht Frankfurt,1650.19,1657.63,3.0,7.0,6.0,10.0
2016-10-01,Hertha,Hamburger SV,1672.24,1609.57,4.0,0.0,10.0,1.0
2016-10-01,Ingolstadt,TSG Hoffenheim,1575.83,1650.68,0.0,5.0,1.0,7.0
2016-10-01,Bayer Leverkusen,Borussia Dortmund,1791.83,1880.75,4.0,9.0,7.0,12.0
2016-10-02,Schalke 04,MGladbach,1688.48,1778.31,0.0,7.0,0.0,10.0
2016-10-02,VfL Wolfsburg,FSV Mainz 05,1712.81,1708.67,1.0,6.0,5.0,7.0
2016-10-14,Borussia Dortmund,Hertha,1880.75,1672.24,6.0,4.0,9.0,10.0
2016-10-15,FC Augsburg,Schalke 04,1645.61,1706.22,4.0,3.0,7.0,3.0
2016-10-15,Eintracht Frankfurt,Bayern Munich,1650.92,2008.14,4.0,7.0,7.0,13.0
2016-10-15,1. FC Koln,Ingolstadt,1708.91,1568.3,5.0,0.0,9.0,0.0
2016-10-15,TSG Hoffenheim,SC Freiburg,1658.21,1656.91,7.0,6.0,9.0,9.0
2016-10-15,MGladbach,Hamburger SV,1760.57,1602.16,4.0,0.0,7.0,0.0
2016-10-15,Werder Bremen,Bayer Leverkusen,1637.09,1804.36,4.0,7.0,4.0,10.0
2016-10-16,FSV Mainz 05,SV Darmstadt 98,1710.4,1571.44,4.0,2.0,8.0,5.0
2016-10-16,VfL Wolfsburg,RB Leipzig,1711.08,1603.44,1.0,5.0,3.0,11.0
2016-10-21,Hamburger SV,Eintracht Frankfurt,1602.16,1650.92,1.0,2.0,1.0,8.0
2016-10-22,Bayern Munich,MGladbach,2008.14,1760.57,5.0,4.0,11.0,8.0
2016-10-22,SV Darmstadt 98,VfL Wolfsburg,1571.44,1711.08,1.0,1.0,2.0,2.0
2016-10-22,SC Freiburg,FC Augsburg,1656.91,1645.61,3.0,4.0,6.0,5.0
2016-10-22,Hertha,1. FC Koln,1685.77,1708.91,5.0,5.0,8.0,11.0
2016-10-22,Ingolstadt,Borussia Dortmund,1568.3,1862.1,0.0,4.0,0.0,10.0
2016-10-22,Bayer Leverkusen,TSG Hoffenheim,1804.36,1658.21,6.0,9.0,7.0,11.0
2016-10-23,RB Leipzig,Werder Bremen,1603.44,1637.09,7.0,7.0,11.0,7.0
2016-10-23,Schalke 04,FSV Mainz 05,1706.22,1710.4,4.0,4.0,4.0,10.0
2016-10-28,MGladbach,Eintracht Frankfurt,1760.57,1650.92,1.0,4.0,5.0,8.0
2016-10-29,FC Augsburg,Bayern Munich,1645.61,2008.14,1.0,5.0,5.0,11.0
2016-10-29,SV Darmstadt 98,RB Leipzig,1571.44,1603.44,4.0,9.0,5.0,11.0
2016-10-29,Borussia Dortmund,Schalke 04,1862.1,1706.22,2.0,7.0,8.0,7.0
2016-10-29,FSV Mainz 05,Ingolstadt,1710.4,1568.3,4.0,1.0,7.0,1.0
2016-10-29,Werder Bremen,SC Freiburg,1637.09,1656.91,4.0,6.0,7.0,9.0
2016-10-29,VfL Wolfsburg,Bayer Leverkusen,1711.08,1804.36,1.0,3.0,1.0,7.0
2016-10-30,1. FC Koln,Hamburger SV,1708.91,1602.16,4.0,1.0,8.0,1.0
2016-10-30,TSG Hoffenheim,Hertha,1658.21,1685.77,9.0,7.0,13.0,8.0
2016-11-04,Hertha,MGladbach,1693.7,1762.71,4.0,2.0,8.0,5.0
2016-11-05,Bayern Munich,TSG Hoffenheim,2016.42,1699.9,7.0,9.0,11.0,15.0
2016-11-05,Eintracht Frankfurt,1. FC Koln,1683.49,1719.65,5.0,6.0,6.0,8.0
2016-11-05,SC Freiburg,VfL Wolfsburg,1676.65,1684.09,6.0,0.0,9.0,1.0
2016-11-05,Hamburger SV,Borussia Dortmund,1593.16,1865.01,1.0,3.0,1.0,6.0
2016-11-05,Ingolstadt,FC Augsburg,1572.56,1643.59,1.0,1.0,1.0,4.0
2016-11-05,Bayer Leverkusen,SV Darmstadt 98,1785.28,1577.29,3.0,3.0,9.0,4.0
2016-11-06,RB Leipzig,FSV Mainz 05,1645.17,1710.85,9.0,6.0,13.0,7.0
2016-11-06,Schalke 04,Werder Bremen,1740.04,1632.14,5.0,3.0,8.0,7.0
2016-11-18,Bayer Leverkusen,RB Leipzig,1799.02,1656.08,6.0,9.0,9.0,15.0
2016-11-19,FC Augsburg,Hertha,1654.6,1707.67,3.0,6.0,4.0,10.0
2016-11-19,SV Darmstadt 98,Ingolstadt,1574.93,1561.5,3.0,1.0,4.0,1.0
2016-11-19,Borussia Dortmund,Bayern Munich,1873.5,2011.67,5.0,7.0,6.0,9.0
2016-11-19,FSV Mainz 05,SC Freiburg,1681.78,1660.53,3.0,6.0,7.0,9.0
2016-11-19,MGladbach,1. FC Koln,1741.95,1712.15,1.0,3.0,2.0,7.0
2016-11-19,VfL Wolfsburg,Schalke 04,1700.17,1752.63,3.0,7.0,4.0,11.0
2016-11-20,TSG Hoffenheim,Hamburger SV,1707.87,1587.61,7.0,0.0,13.0,1.0
2016-11-20,Werder Bremen,Eintracht Frankfurt,1626.65,1690.94,0.0,7.0,4.0,8.0
2016-11-25,SC Freiburg,RB Leipzig,1660.53,1656.08,3.0,9.0,6.0,15.0
2016-11-26,Bayern Munich,Bayer Leverkusen,2011.67,1799.02,4.0,6.0,8.0,6.0
2016-11-26,Eintracht Frankfurt,Borussia Dortmund,1690.94,1873.5,7.0,7.0,11.0,9.0
2016-11-26,1. FC Koln,FC Augsburg,1712.15,1654.6,6.0,4.0,9.0,5.0
2016-11-26,Hamburger SV,Werder Bremen,1587.61,1626.65,1.0,0.0,2.0,3.0
2016-11-26,Ingolstadt,VfL Wolfsburg,1561.5,1700.17,3.0,3.0,4.0,3.0
2016-11-26,MGladbach,TSG Hoffenheim,1741.95,1707.87,1.0,5.0,2.0,11.0
2016-11-27,Hertha,FSV Mainz 05,1707.67,1681.78,4.0,6.0,8.0,9.0
2016-11-27,Schalke 04,SV Darmstadt 98,1752.63,1574.93,7.0,0.0,11.0,3.0
2016-12-02,FSV Mainz 05,Bayern Munich,1685.22,1989.17,3.0,4.0,6.0,10.0
2016-12-03,Borussia Dortmund,MGladbach,1873.15,1729.96,6.0,1.0,8.0,2.0
2016-12-03,TSG Hoffenheim,1. FC Koln,1704.81,1718.45,3.0,4.0,9.0,7.0
2016-12-03,Bayer Leverkusen,SC Freiburg,1782.63,1635.86,3.0,0.0,6.0,6.0
2016-12-03,RB Leipzig,Schalke 04,1683.99,1770.32,9.0,9.0,15.0,13.0
2016-12-03,Werder Bremen,Ingolstadt,1619.17,1572.55,1.0,4.0,1.0,5.0
2016-12-03,VfL Wolfsburg,Hertha,1689.38,1713.28,4.0,7.0,4.0,10.0
2016-12-04,FC Augsburg,Eintracht Frankfurt,1657.08,1708.95,5.0,9.0,5.0,13.0
2016-12-04,SV Darmstadt 98,Hamburger SV,1560.5,1590.72,0.0,2.0,3.0,2.0
2016-12-09,Eintracht Frankfurt,TSG Hoffenheim,1708.95,1704.81,7.0,5.0,11.0,9.0
2016-12-10,Bayern Munich,VfL Wolfsburg,1989.17,1689.38,6.0,1.0,10.0,4.0
2016-12-10,1. FC Koln,Borussia Dortmund,1718.45,1873.15,4.0,6.0,7.0,10.0
2016-12-10,SC Freiburg,SV Darmstadt 98,1635.86,1560.5,1.0,0.0,4.0,0.0
2016-12-10,Hamburger SV,FC Augsburg,1590.72,1657.08,5.0,3.0,5.0,6.0
2016-12-10,Hertha,Werder Bremen,1713.28,1619.17,7.0,4.0,10.0,4.0
2016-12-10,Ingolstadt,RB Leipzig,1572.55,1683.99,4.0,9.0,4.0,15.0
2016-12-11,MGladbach,FSV Mainz 05,1729.96,1685.22,1.0,3.0,2.0,6.0
2016-12-11,Schalke 04,Bayer Leverkusen,1770.32,1782.63,6.0,1.0,10.0,7.0
2016-12-16,TSG Hoffenheim,Borussia Dortmund,1722.83,1884.91,5.0,4.0,7.0,10.0
2016-12-17,FC Augsburg,MGladbach,1651.72,1729.8,2.0,4.0,6.0,4.0
2016-12-17,FSV Mainz 05,Hamburger SV,1680.73,1613.91,0.0,7.0,3.0,8.0
2016-12-17,RB Leipzig,Hertha,1685.66,1713.2,6.0,6.0,12.0,10.0
2016-12-17,Schalke 04,SC Freiburg,1742.88,1648.39,3.0,4.0,9.0,4.0
2016-12-17,Werder Bremen,1. FC Koln,1639.2,1710.88,7.0,2.0,7.0,5.0
2016-12-17,VfL Wolfsburg,Eintracht Frankfurt,1680.25,1710.58,1.0,5.0,4.0,11.0
2016-12-18,SV Darmstadt 98,Bayern Munich,1546.55,2004.17,0.0,9.0,0.0,10.0
2016-12-18,Bayer Leverkusen,Ingolstadt,1799.09,1580.01,4.0,4.0,7.0,7.0
2016-12-20,Borussia Dortmund,FC Augsburg,1884.91,1651.72,5.0,4.0,8.0,6.0
2016-12-20,Eintracht Frankfurt,FSV Mainz 05,1710.58,1680.73,2.0,3.0,8.0,6.0
2016-12-20,Hamburger SV,Schalke 04,1613.91,1742.88,6.0,1.0,8.0,7.0
2016-12-20,MGladbach,VfL Wolfsburg,1729.8,1680.25,3.0,3.0,4.0,4.0
2016-12-21,Bayern Munich,RB Leipzig,2004.17,1685.66,9.0,6.0,12.0,12.0
2016-12-21,1. FC Koln,Bayer Leverkusen,1710.88,1799.09,2.0,4.0,6.0,4.0
2016-12-21,Hertha,SV Darmstadt 98,1713.2,1546.55,3.0,0.0,7.0,0.0
2016-12-21,TSG Hoffenheim,Werder Bremen,1722.83,1639.2,5.0,7.0,7.0,8.0
2016-12-21,Ingolstadt,SC Freiburg,1580.01,1648.39,6.0,5.0,10.0,5.0
2017-01-20,SC Freiburg,Bayern Munich,1660.65,2007.81,7.0,9.0,8.0,15.0
2017-01-21,FC Augsburg,TSG Hoffenheim,1667.02,1721.74,4.0,3.0,6.0,7.0
2017-01-21,SV Darmstadt 98,MGladbach,1540.76,1710.69,0.0,3.0,0.0,4.0
2017-01-21,RB Leipzig,Eintracht Frankfurt,1693.42,1713.9,3.0,4.0,9.0,8.0
2017-01-21,Schalke 04,Ingolstadt,1728.67,1586.54,1.0,6.0,4.0,7.0
2017-01-21,Werder Bremen,Borussia Dortmund,1643.56,1875.31,5.0,3.0,9.0,6.0
2017-01-21,VfL Wolfsburg,Hamburger SV,1698.01,1616.85,6.0,6.0,7.0,10.0
2017-01-22,Bayer Leverkusen,Hertha,1784.06,1707.59,4.0,3.0,5.0,9.0
2017-01-22,FSV Mainz 05,1. FC Koln,1677.31,1710.89,3.0,3.0,3.0,4.0
2017-01-27,Schalke 04,Eintracht Frankfurt,1728.67,1713.9,4.0,3.0,4.0,5.0
2017-01-28,SV Darmstadt 98,1. FC Koln,1540.76,1710.89,1.0,3.0,1.0,4.0
2017-01-28,Ingolstadt,Hamburger SV,1586.54,1616.85,3.0,3.0,6.0,9.0
2017-01-28,Bayer Leverkusen,MGladbach,1784.06,1710.69,4.0,1.0,8.0,4.0
2017-01-28,RB Leipzig,TSG Hoffenheim,1693.42,1721.74,6.0,5.0,9.0,9.0
2017-01-28,Werder Bremen,Bayern Munich,1643.56,2007.81,2.0,9.0,8.0,15.0
2017-01-28,VfL Wolfsburg,FC Augsburg,1698.01,1667.02,9.0,4.0,9.0,5.0
2017-01-29,SC Freiburg,Hertha,1660.65,1707.59,4.0,3.0,8.0,6.0
2017-01-29,FSV Mainz 05,Borussia Dortmund,1677.31,1875.31,4.0,5.0,4.0,9.0
2017-02-03,Hamburger SV,Bayer Leverkusen,1601.84,1779.28,3.0,4.0,6.0,7.0
2017-02-04,Bayern Munich,Schalke 04,2011.81,1721.69,9.0,3.0,15.0,4.0
2017-02-04,Borussia Dortmund,RB Leipzig,1875.13,1712.63,5.0,6.0,7.0,9.0
2017-02-04,1. FC Koln,VfL Wolfsburg,1724.04,1691.56,5.0,6.0,7.0,9.0
2017-02-04,Hertha,Ingolstadt,1693.19,1593.29,3.0,3.0,3.0,9.0
2017-02-04,TSG Hoffenheim,FSV Mainz 05,1726.27,1680.44,4.0,2.0,6.0,5.0
2017-02-04,MGladbach,SC Freiburg,1719.24,1666.06,4.0,6.0,7.0,10.0
2017-02-05,FC Augsburg,Werder Bremen,1666.57,1637.99,4.0,1.0,7.0,5.0
2017-02-05,Eintracht Frankfurt,SV Darmstadt 98,1712.3,1531.45,6.0,1.0,7.0,1.0
2017-02-10,FSV Mainz 05,FC Augsburg,1680.44,1666.57,2.0,6.0,5.0,10.0
2017-02-11,SV Darmstadt 98,Borussia Dortmund,1531.45,1875.13,1.0,7.0,1.0,9.0
2017-02-11,Ingolstadt,Bayern Munich,1593.29,2011.81,3.0,7.0,6.0,13.0
2017-02-11,Bayer Leverkusen,Eintracht Frankfurt,1779.28,1712.3,3.0,6.0,4.0,9.0
2017-02-11,RB Leipzig,Hamburger SV,1712.63,1601.84,6.0,3.0,9.0,6.0
2017-02-11,Schalke 04,Hertha,1721.69,1693.19,4.0,3.0,5.0,6.0
2017-02-11,Werder Bremen,MGladbach,1637.99,1719.24,0.0,7.0,2.0,7.0
2017-02-12,SC Freiburg,1. FC Koln,1666.06,1724.04,3.0,7.0,7.0,9.0
2017-02-12,VfL Wolfsburg,TSG Hoffenheim,1691.56,1726.27,3.0,6.0,9.0,8.0
2017-02-17,FC Augsburg,Bayer Leverkusen,1661.22,1775.49,6.0,3.0,7.0,7.0
2017-02-18,Borussia Dortmund,VfL Wolfsburg,1856.19,1691.52,4.0,3.0,8.0,9.0
2017-02-18,Eintracht Frankfurt,Ingolstadt,1705.35,1584.9,6.0,3.0,9.0,3.0
2017-02-18,Hamburger SV,SC Freiburg,1632.25,1663.56,6.0,6.0,9.0,9.0
2017-02-18,Hertha,Bayern Munich,1687.54,2004.51,3.0,7.0,6.0,13.0
2017-02-18,TSG Hoffenheim,SV Darmstadt 98,1727.37,1540.23,3.0,3.0,7.0,4.0
2017-02-18,FSV Mainz 05,Werder Bremen,1677.27,1623.35,4.0,0.0,5.0,1.0
2017-02-19,1. FC Koln,Schalke 04,1719.7,1735.65,6.0,4.0,8.0,7.0
2017-02-19,MGladbach,RB Leipzig,1733.41,1686.53,9.0,3.0,10.0,6.0
2017-02-24,VfL Wolfsburg,Werder Bremen,1691.52,1623.35,3.0,3.0,6.0,3.0
2017-02-25,Bayern Munich,Hamburger SV,2004.51,1632.25,5.0,7.0,11.0,7.0
2017-02-25,SV Darmstadt 98,FC Augsburg,1540.23,1661.22,3.0,3.0,4.0,6.0
2017-02-25,SC Freiburg,Borussia Dortmund,1663.56,1856.19,4.0,6.0,7.0,10.0
2017-02-25,Hertha,Eintracht Frankfurt,1687.54,1705.35,4.0,3.0,4.0,6.0
2017-02-25,Bayer Leverkusen,FSV Mainz 05,1775.49,1677.27,6.0,3.0,9.0,5.0
2017-02-25,RB Leipzig,1. FC Koln,1686.53,1719.7,3.0,4.0,9.0,8.0
2017-02-26,Ingolstadt,MGladbach,1584.9,1733.41,3.0,6.0,6.0,10.0
2017-02-26,Schalke 04,TSG Hoffenheim,1735.65,1727.37,5.0,6.0,8.0,9.0
2017-03-03,FC Augsburg,RB Leipzig,1663.79,1712.89,3.0,6.0,9.0,9.0
2017-03-04,Borussia Dortmund,Bayer Leverkusen,1874.71,1764.97,6.0,6.0,10.0,6.0
2017-03-04,1. FC Koln,Bayern Munich,1713.99,2015.06,1.0,7.0,7.0,11.0
2017-03-04,TSG Hoffenheim,Ingolstadt,1738.67,1599.32,4.0,3.0,7.0,6.0
2017-03-04,FSV Mainz 05,VfL Wolfsburg,1684.81,1680.94,6.0,3.0,7.0,3.0
2017-03-04,MGladbach,Schalke 04,1746.96,1746.18,6.0,5.0,12.0,6.0
2017-03-04,Werder Bremen,SV Darmstadt 98,1655.32,1535.14,6.0,3.0,6.0,3.0
2017-03-05,Eintracht Frankfurt,SC Freiburg,1683.85,1662.04,0.0,4.0,6.0,7.0
2017-03-05,Hamburger SV,Hertha,1634.04,1708.33,4.0,4.0,7.0,7.0
2017-03-10,Bayer Leverkusen,Werder Bremen,1764.97,1655.32,3.0,9.0,6.0,9.0
2017-03-11,Bayern Munich,Eintracht Frankfurt,2015.06,1683.85,7.0,0.0,11.0,3.0
2017-03-11,SV Darmstadt 98,FSV Mainz 05,1535.14,1684.81,0.0,4.0,3.0,7.0
2017-03-11,SC Freiburg,TSG Hoffenheim,1662.04,1738.67,4.0,7.0,7.0,10.0
2017-03-11,Hertha,Borussia Dortmund,1708.33,1874.71,4.0,9.0,7.0,12.0
2017-03-11,Ingolstadt,1. FC Koln,1599.32,1713.99,3.0,1.0,3.0,4.0
2017-03-11,RB Leipzig,VfL Wolfsburg,1712.89,1680.94,7.0,1.0,7.0,4.0
2017-03-12,Hamburger SV,MGladbach,1634.04,1746.96,4.0,6.0,10.0,12.0
2017-03-12,Schalke 04,FC Augsburg,1746.18,1663.79,2.0,4.0,6.0,7.0
2017-03-17,Borussia Dortmund,Ingolstadt,1897.93,1602.14,6.0,1.0,9.0,4.0
2017-03-18,FC Augsburg,SC Freiburg,1662.38,1680.02,4.0,4.0,4.0,8.0
2017-03-18,Eintracht Frankfurt,Hamburger SV,1679.14,1659.33,0.0,6.0,0.0,10.0
2017-03-18,1. FC Koln,Hertha,1714.92,1718.99,1.0,6.0,2.0,7.0
2017-03-18,TSG Hoffenheim,Bayer Leverkusen,1751.98,1760.19,5.0,1.0,8.0,7.0
2017-03-18,Werder Bremen,RB Leipzig,1672.47,1710.14,7.0,4.0,10.0,7.0
2017-03-18,VfL Wolfsburg,SV Darmstadt 98,1700.8,1547.49,4.0,3.0,7.0,6.0
2017-03-19,FSV Mainz 05,Schalke 04,1680.11,1749.85,4.0,4.0,7.0,8.0
2017-03-19,MGladbach,Bayern Munich,1757.27,2032.52,6.0,9.0,9.0,13.0
2017-03-31,Hertha,TSG Hoffenheim,1718.99,1751.98,3.0,7.0,7.0,11.0
2017-04-01,Bayern Munich,FC Augsburg,2036.07,1661.43,9.0,2.0,13.0,5.0
2017-04-01,Eintracht Frankfurt,MGladbach,1677.15,1743.45,1.0,3.0,1.0,6.0
2017-04-01,SC Freiburg,Werder Bremen,1681.82,1685.23,5.0,7.0,6.0,13.0
2017-04-01,Hamburger SV,1. FC Koln,1662.17,1724.76,7.0,4.0,8.0,5.0
2017-04-01,RB Leipzig,SV Darmstadt 98,1698.23,1544.71,1.0,3.0,7.0,3.0
2017-04-01,Schalke 04,Borussia Dortmund,1769.06,1899.84,6.0,6.0,8.0,12.0
2017-04-02,Ingolstadt,FSV Mainz 05,1601.09,1672.88,1.0,1.0,4.0,4.0
2017-04-02,Bayer Leverkusen,VfL Wolfsburg,1755.43,1704.44,1.0,7.0,4.0,7.0
2017-04-04,Borussia Dortmund,Hamburger SV,1899.84,1662.17,4.0,7.0,10.0,10.0
2017-04-04,1. FC Koln,Eintracht Frankfurt,1724.76,1677.15,4.0,2.0,4.0,2.0
2017-04-04,TSG Hoffenheim,Bayern Munich,1770.76,2036.07,7.0,9.0,11.0,15.0
2017-04-04,Werder Bremen,Schalke 04,1685.23,1769.06,7.0,7.0,13.0,8.0
2017-04-05,FC Augsburg,Ingolstadt,1661.43,1601.09,1.0,4.0,5.0,4.0
2017-04-05,SV Darmstadt 98,Bayer Leverkusen,1544.71,1755.43,3.0,2.0,3.0,2.0
2017-04-05,FSV Mainz 05,RB Leipzig,1672.88,1698.23,0.0,3.0,4.0,7.0
2017-04-05,MGladbach,Hertha,1743.45,1698.14,1.0,3.0,7.0,6.0
2017-04-05,VfL Wolfsburg,SC Freiburg,1704.44,1681.82,7.0,2.0,8.0,5.0
2017-04-07,Eintracht Frankfurt,Werder Bremen,1677.15,1685.23,2.0,9.0,2.0,13.0
2017-04-08,Bayern Munich,Borussia Dortmund,2036.07,1899.84,6.0,7.0,12.0,10.0
2017-04-08,1. FC Koln,MGladbach,1724.76,1743.45,6.0,4.0,7.0,7.0
2017-04-08,SC Freiburg,FSV Mainz 05,1681.82,1672.88,4.0,0.0,8.0,1.0
2017-04-08,Hamburger SV,TSG Hoffenheim,1662.17,1770.76,4.0,9.0,10.0,13.0
2017-04-08,RB Leipzig,Bayer Leverkusen,1698.23,1755.43,6.0,4.0,7.0,5.0
2017-04-08,Schalke 04,VfL Wolfsburg,1769.06,1704.44,4.0,4.0,7.0,8.0
2017-04-09,Hertha,FC Augsburg,1698.14,1661.43,0.0,1.0,3.0,2.0
2017-04-09,Ingolstadt,SV Darmstadt 98,1601.09,1544.71,6.0,0.0,7.0,3.0
2017-04-15,FC Augsburg,1. FC Koln,1629.51,1702.51,0.0,3.0,1.0,7.0
2017-04-15,Borussia Dortmund,Eintracht Frankfurt,1872.84,1660.22,4.0,2.0,7.0,3.0
2017-04-15,TSG Hoffenheim,MGladbach,1763.51,1747.06,6.0,7.0,10.0,7.0
2017-04-15,Bayer Leverkusen,Bayern Munich,1740.3,2011.53,4.0,6.0,5.0,12.0
2017-04-15,FSV Mainz 05,Hertha,1639.38,1689.72,0.0,3.0,0.0,6.0
2017-04-15,RB Leipzig,SC Freiburg,1710.05,1671.84,9.0,6.0,9.0,8.0
2017-04-15,VfL Wolfsburg,Ingolstadt,1677.07,1614.31,1.0,9.0,7.0,10.0
2017-04-16,SV Darmstadt 98,Schalke 04,1516.78,1743.92,0.0,4.0,3.0,10.0
2017-04-16,Werder Bremen,Hamburger SV,1705.16,1665.17,7.0,6.0,11.0,10.0
2017-04-21,1. FC Koln,TSG Hoffenheim,1702.51,1763.51,3.0,6.0,6.0,12.0
2017-04-22,Bayern Munich,FSV Mainz 05,2011.53,1639.38,4.0,3.0,10.0,3.0
2017-04-22,Eintracht Frankfurt,FC Augsburg,1660.22,1629.51,1.0,3.0,3.0,4.0
2017-04-22,Hamburger SV,SV Darmstadt 98,1665.17,1516.78,3.0,3.0,7.0,3.0
2017-04-22,Hertha,VfL Wolfsburg,1689.72,1677.07,3.0,3.0,3.0,7.0
2017-04-22,Ingolstadt,Werder Bremen,1614.31,1705.16,6.0,7.0,9.0,13.0
2017-04-22,MGladbach,Borussia Dortmund,1747.06,1872.84,6.0,6.0,7.0,10.0
2017-04-23,SC Freiburg,Bayer Leverkusen,1671.84,1740.3,6.0,4.0,7.0,5.0
2017-04-23,Schalke 04,RB Leipzig,1743.92,1710.05,3.0,9.0,7.0,12.0
2017-04-28,Bayer Leverkusen,Schalke 04,1740.3,1743.92,1.0,4.0,5.0,5.0
2017-04-29,SV Darmstadt 98,SC Freiburg,1516.78,1671.84,6.0,6.0,6.0,9.0
2017-04-29,Borussia Dortmund,1. FC Koln,1872.84,1702.51,6.0,1.0,10.0,4.0
2017-04-29,FSV Mainz 05,MGladbach,1639.38,1747.06,4.0,3.0,4.0,7.0
2017-04-29,RB Leipzig,Ingolstadt,1710.05,1614.31,7.0,3.0,13.0,9.0
2017-04-29,Werder Bremen,Hertha,1705.16,1689.72,7.0,6.0,13.0,6.0
2017-04-29,VfL Wolfsburg,Bayern Munich,1677.07,2011.53,3.0,5.0,4.0,8.0
2017-04-30,FC Augsburg,Hamburger SV,1629.51,1665.17,3.0,3.0,3.0,6.0
2017-04-30,TSG Hoffenheim,Eintracht Frankfurt,1763.51,1660.22,4.0,4.0,10.0,5.0
2017-05-05,1. FC Koln,Werder Bremen,1695.55,1722.84,2.0,9.0,5.0,13.0
2017-05-06,Bayern Munich,SV Darmstadt 98,1992.79,1553.05,5.0,9.0,8.0,9.0
2017-05-06,Borussia Dortmund,TSG Hoffenheim,1862.6,1770.45,7.0,7.0,10.0,10.0
2017-05-06,Eintracht Frankfurt,VfL Wolfsburg,1656.21,1667.22,3.0,3.0,4.0,3.0
2017-05-06,Hertha,RB Leipzig,1675.89,1712.73,3.0,5.0,6.0,11.0
2017-05-06,Ingolstadt,Bayer Leverkusen,1595.81,1714.7,1.0,1.0,7.0,4.0
2017-05-06,MGladbach,FC Augsburg,1735.18,1637.69,3.0,6.0,9.0,6.0
2017-05-07,SC Freiburg,Schalke 04,1648.17,1742.19,3.0,4.0,9.0,7.0
2017-05-07,Hamburger SV,FSV Mainz 05,1628.57,1642.39,0.0,4.0,3.0,4.0
2017-05-13,FC Augsburg,Borussia Dortmund,1637.69,1862.6,4.0,7.0,7.0,10.0
2017-05-13,SV Darmstadt 98,Hertha,1553.05,1675.89,6.0,3.0,9.0,6.0
2017-05-13,SC Freiburg,Ingolstadt,1648.17,1595.81,6.0,2.0,9.0,5.0
2017-05-13,Bayer Leverkusen,1. FC Koln,1714.7,1695.55,1.0,5.0,2.0,5.0
2017-05-13,FSV Mainz 05,Eintracht Frankfurt,1642.39,1656.21,2.0,3.0,5.0,4.0
2017-05-13,RB Leipzig,Bayern Munich,1712.73,1992.79,5.0,7.0,11.0,11.0
2017-05-13,Schalke 04,Hamburger SV,1742.19,1628.57,4.0,1.0,7.0,4.0
2017-05-13,Werder Bremen,TSG Hoffenheim,1722.84,1770.45,6.0,4.0,10.0,7.0
2017-05-13,VfL Wolfsburg,MGladbach,1667.22,1735.18,3.0,4.0,6.0,7.0
2017-05-20,Bayern Munich,SC Freiburg,1996.96,1656.65,9.0,4.0,11.0,7.0
2017-05-20,Borussia Dortmund,Werder Bremen,1862.46,1704.58,5.0,3.0,11.0,9.0
2017-05-20,Eintracht Frankfurt,RB Leipzig,1633.77,1724.91,0.0,4.0,3.0,8.0
2017-05-20,1. FC Koln,FSV Mainz 05,1704.54,1652.85,5.0,4.0,6.0,8.0
2017-05-20,Hamburger SV,VfL Wolfsburg,1631.58,1680.2,2.0,4.0,2.0,7.0
2017-05-20,Hertha,Bayer Leverkusen,1670.34,1711.07,3.0,2.0,6.0,3.0
2017-05-20,TSG Hoffenheim,FC Augsburg,1778.04,1646.39,6.0,5.0,10.0,8.0
2017-05-20,Ingolstadt,Schalke 04,1600.79,1725.38,3.0,4.0,3.0,5.0
2017-05-20,MGladbach,SV Darmstadt 98,1731.24,1542.25,5.0,3.0,5.0,9.0
2017-08-18,Bayern Munich,Bayer Leverkusen,1989.9,1719.54,9.0,5.0,13.0,5.0
2017-08-19,Hamburger SV,FC Augsburg,1630.11,1642.64,5.0,3.0,5.0,6.0
2017-08-19,Hertha,VfB Stuttgart,1643.98,1605.4,3.0,6.0,6.0,12.0
2017-08-19,TSG Hoffenheim,Werder Bremen,1763.9,1692.78,4.0,0.0,8.0,6.0
2017-08-19,FSV Mainz 05,Hannover,1636.61,1588.35,4.0,7.0,5.0,11.0
2017-08-19,Schalke 04,RB Leipzig,1714.83,1715.31,2.0,4.0,6.0,6.0
2017-08-19,VfL Wolfsburg,Borussia Dortmund,1671.96,1856.38,4.0,7.0,4.0,11.0
2017-08-20,SC Freiburg,Eintracht Frankfurt,1619.8,1625.48,4.0,1.0,7.0,4.0
2017-08-20,MGladbach,1. FC Koln,1715.99,1702.9,3.0,7.0,6.0,9.0
2017-08-25,1. FC Koln,Hamburger SV,1702.9,1630.11,4.0,7.0,8.0,8.0
2017-08-26,FC Augsburg,MGladbach,1642.64,1715.99,2.0,5.0,6.0,9.0
2017-08-26,Borussia Dortmund,Hertha,1856.38,1643.98,7.0,6.0,11.0,6.0
2017-08-26,Eintracht Frankfurt,VfL Wolfsburg,1625.48,1671.96,2.0,1.0,2.0,4.0
2017-08-26,Bayer Leverkusen,TSG Hoffenheim,1719.54,1763.9,4.0,7.0,5.0,10.0
2017-08-26,VfB Stuttgart,FSV Mainz 05,1605.4,1636.61,3.0,3.0,9.0,4.0
2017-08-26,Werder Bremen,Bayern Munich,1692.78,1989.9,0.0,9.0,3.0,15.0
2017-08-27,Hannover,Schalke 04,1588.35,1714.83,7.0,5.0,13.0,8.0
2017-08-27,RB Leipzig,SC Freiburg,1715.31,1619.8,1.0,2.0,5.0,5.0
2017-09-08,Hamburger SV,RB Leipzig,1648.67,1709.66,9.0,4.0,11.0,7.0
2017-09-09,FC Augsburg,1. FC Koln,1632.3,1676.45,2.0,3.0,4.0,7.0
2017-09-09,SC Freiburg,Borussia Dortmund,1606.26,1864.07,1.0,9.0,5.0,13.0
2017-09-09,TSG Hoffenheim,Bayern Munich,1752.59,1991.66,5.0,9.0,8.0,15.0
2017-09-09,FSV Mainz 05,Bayer Leverkusen,1614.28,1712.2,0.0,4.0,4.0,6.0
2017-09-09,MGladbach,Eintracht Frankfurt,1717.07,1614.11,5.0,2.0,7.0,2.0
2017-09-09,VfL Wolfsburg,Hannover,1667.77,1604.89,3.0,7.0,7.0,13.0
2017-09-10,Hertha,Werder Bremen,1643.98,1680.08,3.0,0.0,6.0,0.0
2017-09-10,Schalke 04,VfB Stuttgart,1709.78,1600.42,4.0,6.0,5.0,9.0
2017-09-15,Hannover,Hamburger SV,1601.36,1630.04,7.0,6.0,11.0,10.0
2017-09-16,Bayern Munich,FSV Mainz 05,1969.1,1619.87,6.0,3.0,12.0,6.0
2017-09-16,Eintracht Frankfurt,FC Augsburg,1619.38,1638.28,4.0,4.0,5.0,6.0
2017-09-16,RB Leipzig,MGladbach,1715.29,1697.76,6.0,4.0,7.0,6.0
2017-09-16,VfB Stuttgart,VfL Wolfsburg,1587.81,1657.24,3.0,4.0,6.0,5.0
2017-09-16,Werder Bremen,Schalke 04,1673.86,1708.34,1.0,6.0,1.0,8.0
2017-09-17,Borussia Dortmund,1. FC Koln,1845.47,1653.29,7.0,0.0,11.0,4.0
2017-09-17,TSG Hoffenheim,Hertha,1747.58,1637.78,7.0,4.0,11.0,7.0
2017-09-17,Bayer Leverkusen,SC Freiburg,1692.55,1604.3,1.0,2.0,5.0,3.0
2017-09-19,FC Augsburg,RB Leipzig,1638.28,1715.29,7.0,7.0,8.0,8.0
2017-09-19,MGladbach,VfB Stuttgart,1697.76,1587.81,2.0,6.0,6.0,9.0
2017-09-19,Schalke 04,Bayern Munich,1708.34,1969.1,6.0,6.0,10.0,12.0
2017-09-19,VfL Wolfsburg,Werder Bremen,1657.24,1673.86,4.0,1.0,4.0,1.0
2017-09-20,1. FC Koln,Eintracht Frankfurt,1653.29,1619.38,0.0,3.0,3.0,5.0
2017-09-20,SC Freiburg,Hannover,1604.3,1601.36,1.0,7.0,2.0,11.0
2017-09-20,Hamburger SV,Borussia Dortmund,1630.04,1845.47,3.0,7.0,9.0,13.0
2017-09-20,Hertha,Bayer Leverkusen,1637.78,1692.55,2.0,4.0,5.0,7.0
2017-09-20,FSV Mainz 05,TSG Hoffenheim,1619.87,1747.58,3.0,5.0,3.0,9.0
2017-09-22,Bayern Munich,VfL Wolfsburg,1969.1,1657.24,6.0,2.0,12.0,5.0
2017-09-23,Borussia Dortmund,MGladbach,1845.47,1697.76,7.0,4.0,13.0,8.0
2017-09-23,TSG Hoffenheim,Schalke 04,1747.58,1708.34,7.0,6.0,11.0,9.0
2017-09-23,FSV Mainz 05,Hertha,1619.87,1637.78,3.0,5.0,3.0,8.0
2017-09-23,RB Leipzig,Eintracht Frankfurt,1715.29,1619.38,4.0,6.0,7.0,7.0
2017-09-23,VfB Stuttgart,FC Augsburg,1587.81,1638.28,3.0,9.0,6.0,10.0
2017-09-23,Werder Bremen,SC Freiburg,1673.86,1604.3,2.0,2.0,2.0,3.0
2017-09-24,Hannover,1. FC Koln,1601.36,1653.29,5.0,0.0,11.0,0.0
2017-09-24,Bayer Leverkusen,Hamburger SV,1692.55,1630.04,3.0,0.0,4.0,6.0
2017-09-29,Schalke 04,Bayer Leverkusen,1708.34,1692.55,3.0,6.0,6.0,7.0
2017-09-30,FC Augsburg,Borussia Dortmund,1638.28,1845.47,7.0,9.0,11.0,13.0
2017-09-30,Eintracht Frankfurt,VfB Stuttgart,1619.38,1587.81,3.0,4.0,6.0,7.0
2017-09-30,Hamburger SV,Werder Bremen,1630.04,1673.86,0.0,2.0,3.0,3.0
2017-09-30,MGladbach,Hannover,1697.76,1601.36,4.0,5.0,5.0,9.0
2017-09-30,VfL Wolfsburg,FSV Mainz 05,1657.24,1619.87,2.0,3.0,6.0,6.0
2017-10-01,1. FC Koln,RB Leipzig,1604.96,1681.2,1.0,4.0,1.0,10.0
2017-10-01,SC Freiburg,TSG Hoffenheim,1577.06,1726.0,2.0,7.0,3.0,11.0
2017-10-01,Hertha,Bayern Munich,1611.23,1936.3,4.0,7.0,5.0,10.0
2017-10-13,VfB Stuttgart,1. FC Koln,1563.87,1604.96,1.0,1.0,4.0,1.0
2017-10-14,Bayern Munich,SC Freiburg,1936.3,1577.06,5.0,5.0,8.0,6.0
2017-10-14,Borussia Dortmund,RB Leipzig,1841.91,1681.2,9.0,6.0,13.0,10.0
2017-10-14,Hannover,Eintracht Frankfurt,1586.43,1601.18,2.0,6.0,6.0,9.0
2017-10-14,Hertha,Schalke 04,1611.23,1680.33,4.0,1.0,6.0,7.0
2017-10-14,TSG Hoffenheim,FC Augsburg,1726.0,1630.24,6.0,4.0,10.0,10.0
2017-10-14,FSV Mainz 05,Hamburger SV,1601.01,1584.28,4.0,1.0,7.0,1.0
2017-10-15,Bayer Leverkusen,VfL Wolfsburg,1682.57,1632.43,4.0,3.0,7.0,4.0
2017-10-15,Werder Bremen,MGladbach,1642.43,1682.3,3.0,6.0,4.0,7.0
2017-10-20,Schalke 04,FSV Mainz 05,1691.74,1607.07,4.0,7.0,7.0,7.0
2017-10-21,FC Augsburg,Hannover,1634.23,1577.07,2.0,1.0,8.0,5.0
2017-10-21,Eintracht Frankfurt,Borussia Dortmund,1610.54,1828.96,6.0,6.0,9.0,12.0
2017-10-21,Hamburger SV,Bayern Munich,1578.22,1932.42,1.0,5.0,1.0,11.0
2017-10-21,MGladbach,Bayer Leverkusen,1682.3,1682.57,6.0,5.0,10.0,8.0
2017-10-21,RB Leipzig,VfB Stuttgart,1701.8,1571.07,9.0,4.0,10.0,7.0
2017-10-22,1. FC Koln,Werder Bremen,1590.11,1642.43,1.0,2.0,1.0,3.0
2017-10-22,SC Freiburg,Hertha,1584.63,1606.22,4.0,1.0,5.0,5.0
2017-10-22,VfL Wolfsburg,TSG Hoffenheim,1632.43,1711.9,3.0,4.0,4.0,8.0
2017-10-27,FSV Mainz 05,Eintracht Frankfurt,1607.07,1610.54,4.0,7.0,7.0,10.0
2017-10-28,Bayern Munich,RB Leipzig,1932.42,1701.8,7.0,9.0,11.0,12.0
2017-10-28,Hannover,Borussia Dortmund,1577.07,1828.96,3.0,4.0,5.0,10.0
2017-10-28,Hertha,Hamburger SV,1606.22,1578.22,2.0,1.0,5.0,1.0
2017-10-28,TSG Hoffenheim,MGladbach,1711.9,1682.3,2.0,6.0,8.0,9.0
2017-10-28,Bayer Leverkusen,1. FC Koln,1682.57,1590.11,5.0,1.0,8.0,2.0
2017-10-28,Schalke 04,VfL Wolfsburg,1691.74,1632.43,7.0,3.0,7.0,5.0
2017-10-29,VfB Stuttgart,SC Freiburg,1571.07,1584.63,3.0,4.0,4.0,6.0
2017-10-29,Werder Bremen,FC Augsburg,1642.43,1634.23,2.0,1.0,4.0,5.0
2017-11-03,Eintracht Frankfurt,Werder Bremen,1615.03,1613.8,5.0,1.0,8.0,3.0
2017-11-04,FC Augsburg,Bayer Leverkusen,1638.27,1701.61,4.0,7.0,5.0,11.0
2017-11-04,Borussia Dortmund,Bayern Munich,1802.83,1941.77,1.0,9.0,7.0,11.0
2017-11-04,SC Freiburg,Schalke 04,1570.67,1694.15,1.0,7.0,5.0,8.0
2017-11-04,Hamburger SV,VfB Stuttgart,1569.11,1578.34,0.0,6.0,1.0,7.0
2017-11-04,MGladbach,FSV Mainz 05,1688.57,1598.22,6.0,4.0,9.0,8.0
2017-11-04,RB Leipzig,Hannover,1708.11,1604.86,6.0,6.0,12.0,7.0
2017-11-05,1. FC Koln,TSG Hoffenheim,1576.22,1700.44,1.0,2.0,2.0,5.0
2017-11-05,VfL Wolfsburg,Hertha,1638.47,1604.76,3.0,4.0,5.0,5.0
2017-11-17,VfB Stuttgart,Borussia Dortmund,1568.71,1787.91,3.0,1.0,6.0,4.0
2017-11-18,Bayern Munich,FC Augsburg,1949.49,1638.24,9.0,4.0,13.0,5.0
2017-11-18,Hertha,MGladbach,1613.0,1684.35,5.0,4.0,6.0,10.0
2017-11-18,TSG Hoffenheim,Eintracht Frankfurt,1711.93,1621.32,4.0,5.0,5.0,11.0
2017-11-18,Bayer Leverkusen,RB Leipzig,1701.28,1705.72,7.0,6.0,9.0,12.0
2017-11-18,FSV Mainz 05,1. FC Koln,1602.07,1571.36,2.0,1.0,6.0,1.0
2017-11-18,VfL Wolfsburg,SC Freiburg,1635.85,1564.11,3.0,1.0,5.0,4.0
2017-11-19,Schalke 04,Hamburger SV,1700.35,1578.39,7.0,3.0,11.0,4.0
2017-11-19,Werder Bremen,Hannover,1607.15,1600.32,1.0,6.0,2.0,6.0
2017-11-24,Hannover,VfB Stuttgart,1600.32,1568.71,3.0,6.0,6.0,9.0
2017-11-25,FC Augsburg,VfL Wolfsburg,1638.24,1635.85,4.0,5.0,5.0,7.0
2017-11-25,Borussia Dortmund,Schalke 04,1787.91,1700.35,0.0,7.0,1.0,13.0
2017-11-25,Eintracht Frankfurt,Bayer Leverkusen,1621.32,1701.28,5.0,5.0,9.0,9.0
2017-11-25,SC Freiburg,FSV Mainz 05,1564.11,1602.07,0.0,5.0,1.0,8.0
2017-11-25,MGladbach,Bayern Munich,1684.35,1949.49,7.0,9.0,10.0,15.0
2017-11-25,RB Leipzig,Werder Bremen,1705.72,1607.15,4.0,3.0,10.0,4.0
2017-11-26,1. FC Koln,Hertha,1571.36,1613.0,0.0,4.0,1.0,5.0
2017-11-26,Hamburger SV,TSG Hoffenheim,1578.39,1711.93,3.0,4.0,3.0,6.0
2017-12-01,SC Freiburg,Hamburger SV,1570.01,1594.55,3.0,6.0,4.0,6.0
2017-12-02,Bayern Munich,Hannover,1946.88,1590.87,6.0,1.0,12.0,7.0
2017-12-02,TSG Hoffenheim,RB Leipzig,1683.71,1740.08,4.0,7.0,5.0,10.0
2017-12-02,Bayer Leverkusen,Borussia Dortmund,1712.43,1771.47,5.0,1.0,11.0,2.0
2017-12-02,FSV Mainz 05,FC Augsburg,1605.3,1647.61,4.0,4.0,5.0,7.0
2017-12-02,Schalke 04,1. FC Koln,1714.41,1570.75,7.0,0.0,11.0,1.0
2017-12-02,Werder Bremen,VfB Stuttgart,1619.37,1587.6,3.0,4.0,4.0,7.0
2017-12-03,Hertha,Eintracht Frankfurt,1616.86,1622.94,4.0,4.0,8.0,6.0
2017-12-03,VfL Wolfsburg,MGladbach,1641.3,1713.1,4.0,7.0,6.0,10.0
2017-12-08,VfB Stuttgart,Bayer Leverkusen,1587.6,1712.43,4.0,5.0,7.0,9.0
2017-12-09,Borussia Dortmund,Werder Bremen,1771.47,1619.37,2.0,6.0,2.0,6.0
2017-12-09,Eintracht Frankfurt,Bayern Munich,1622.94,1946.88,4.0,6.0,8.0,12.0
2017-12-09,Hamburger SV,VfL Wolfsburg,1594.55,1641.3,4.0,6.0,7.0,8.0
2017-12-09,MGladbach,Schalke 04,1713.1,1714.41,6.0,5.0,10.0,9.0
2017-12-09,RB Leipzig,FSV Mainz 05,1740.08,1605.3,4.0,3.0,7.0,5.0
2017-12-10,FC Augsburg,Hertha,1647.61,1616.86,6.0,3.0,10.0,7.0
2017-12-10,1. FC Koln,SC Freiburg,1570.75,1570.01,1.0,4.0,1.0,4.0
2017-12-10,Hannover,TSG Hoffenheim,1590.87,1683.71,1.0,4.0,4.0,7.0
2017-12-12,SC Freiburg,MGladbach,1570.01,1713.1,7.0,4.0,7.0,8.0
2017-12-12,Hamburger SV,Eintracht Frankfurt,1594.55,1622.94,5.0,3.0,8.0,7.0
2017-12-12,FSV Mainz 05,Borussia Dortmund,1605.3,1771.47,1.0,2.0,5.0,2.0
2017-12-12,VfL Wolfsburg,RB Leipzig,1641.3,1740.08,4.0,4.0,8.0,8.0
2017-12-13,Bayern Munich,1. FC Koln,1946.88,1570.75,6.0,1.0,12.0,1.0
2017-12-13,Hertha,Hannover,1616.86,1590.87,4.0,4.0,5.0,4.0
2017-12-13,TSG Hoffenheim,VfB Stuttgart,1683.71,1587.6,3.0,1.0,7.0,4.0
2017-12-13,Bayer Leverkusen,Werder Bremen,1712.43,1619.37,7.0,6.0,9.0,9.0
2017-12-13,Schalke 04,FC Augsburg,1714.41,1647.61,3.0,7.0,9.0,8.0
2017-12-15,MGladbach,Hamburger SV,1680.6,1579.41,1.0,2.0,7.0,5.0
2017-12-16,FC Augsburg,SC Freiburg,1643.64,1580.57,4.0,7.0,7.0,10.0
2017-12-16,Borussia Dortmund,TSG Hoffenheim,1757.63,1677.0,4.0,6.0,5.0,7.0
2017-12-16,Eintracht Frankfurt,Schalke 04,1631.23,1708.58,6.0,5.0,7.0,9.0
2017-12-16,1. FC Koln,VfL Wolfsburg,1553.01,1648.08,1.0,5.0,1.0,8.0
2017-12-16,VfB Stuttgart,Bayern Munich,1561.96,1951.29,0.0,9.0,4.0,12.0
2017-12-16,Werder Bremen,FSV Mainz 05,1625.74,1583.26,6.0,1.0,9.0,4.0
2017-12-17,Hannover,Bayer Leverkusen,1585.72,1718.19,3.0,7.0,4.0,11.0
2017-12-17,RB Leipzig,Hertha,1701.89,1606.86,2.0,4.0,6.0,7.0
2018-01-12,Bayer Leverkusen,Bayern Munich,1716.16,1952.97,7.0,9.0,11.0,12.0
2018-01-13,FC Augsburg,Hamburger SV,1640.25,1573.45,2.0,1.0,8.0,5.0
2018-01-13,Eintracht Frankfurt,SC Freiburg,1631.74,1583.96,4.0,7.0,7.0,11.0
2018-01-13,Hannover,FSV Mainz 05,1587.76,1586.12,4.0,2.0,5.0,2.0
2018-01-13,RB Leipzig,Schalke 04,1690.03,1708.07,2.0,5.0,5.0,7.0
2018-01-13,VfB Stuttgart,Hertha,1560.28,1618.72,0.0,7.0,1.0,10.0
2018-01-13,Werder Bremen,TSG Hoffenheim,1622.88,1672.46,4.0,3.0,7.0,6.0
2018-01-14,Borussia Dortmund,VfL Wolfsburg,1762.16,1638.99,6.0,2.0,8.0,5.0
2018-01-14,1. FC Koln,MGladbach,1562.11,1686.56,3.0,4.0,4.0,7.0
2018-01-19,Hertha,Borussia Dortmund,1610.81,1757.25,6.0,7.0,7.0,8.0
2018-01-20,SC Freiburg,RB Leipzig,1587.01,1699.57,5.0,4.0,9.0,5.0
2018-01-20,Hamburger SV,1. FC Koln,1568.43,1571.71,0.0,6.0,2.0,7.0
2018-01-20,TSG Hoffenheim,Bayer Leverkusen,1672.81,1710.75,4.0,4.0,7.0,8.0
2018-01-20,FSV Mainz 05,VfB Stuttgart,1579.7,1568.19,1.0,3.0,2.0,3.0
2018-01-20,MGladbach,FC Augsburg,1676.96,1645.27,3.0,4.0,4.0,8.0
2018-01-20,VfL Wolfsburg,Eintracht Frankfurt,1643.9,1628.69,2.0,5.0,6.0,8.0
2018-01-21,Bayern Munich,Werder Bremen,1958.37,1622.54,9.0,2.0,15.0,8.0
2018-01-21,Schalke 04,Hannover,1698.54,1594.18,4.0,4.0,6.0,7.0
2018-01-26,Eintracht Frankfurt,MGladbach,1628.69,1676.96,5.0,6.0,8.0,7.0
2018-01-27,Bayern Munich,TSG Hoffenheim,1958.37,1672.81,9.0,1.0,15.0,4.0
2018-01-27,Borussia Dortmund,SC Freiburg,1757.25,1587.01,5.0,5.0,8.0,11.0
2018-01-27,1. FC Koln,FC Augsburg,1571.71,1645.27,9.0,4.0,9.0,5.0
2018-01-27,RB Leipzig,Hamburger SV,1699.57,1568.43,3.0,0.0,5.0,1.0
2018-01-27,VfB Stuttgart,Schalke 04,1568.19,1698.54,3.0,2.0,3.0,6.0
2018-01-27,Werder Bremen,Hertha,1622.54,1610.81,2.0,4.0,5.0,8.0
2018-01-28,Hannover,VfL Wolfsburg,1594.18,1643.9,5.0,1.0,8.0,3.0
2018-01-28,Bayer Leverkusen,FSV Mainz 05,1710.75,1579.7,4.0,4.0,10.0,5.0
2018-02-02,1. FC Koln,Borussia Dortmund,1584.97,1749.32,7.0,3.0,10.0,9.0
2018-02-03,SC Freiburg,Bayer Leverkusen,1601.78,1730.22,5.0,6.0,9.0,10.0
2018-02-03,Hertha,TSG Hoffenheim,1615.1,1655.71,2.0,1.0,8.0,4.0
2018-02-03,FSV Mainz 05,Bayern Munich,1580.87,1962.5,3.0,9.0,4.0,15.0
2018-02-03,MGladbach,RB Leipzig,1674.38,1685.28,3.0,4.0,6.0,5.0
2018-02-03,Schalke 04,Werder Bremen,1702.78,1618.94,4.0,2.0,8.0,3.0
2018-02-03,VfL Wolfsburg,VfB Stuttgart,1638.37,1553.44,4.0,3.0,5.0,3.0
2018-02-04,FC Augsburg,Eintracht Frankfurt,1637.57,1653.49,4.0,7.0,5.0,11.0
2018-02-04,Hamburger SV,Hannover,1560.03,1589.91,1.0,4.0,1.0,5.0
2018-02-09,RB Leipzig,FC Augsburg,1685.28,1637.57,4.0,4.0,7.0,8.0
2018-02-10,Bayern Munich,Schalke 04,1962.5,1702.78,9.0,4.0,15.0,5.0
2018-02-10,Borussia Dortmund,Hamburger SV,1749.32,1560.03,5.0,2.0,9.0,2.0
2018-02-10,Eintracht Frankfurt,1. FC Koln,1653.49,1584.97,6.0,4.0,8.0,10.0
2018-02-10,Hannover,SC Freiburg,1589.91,1601.78,2.0,5.0,6.0,7.0
2018-02-10,TSG Hoffenheim,FSV Mainz 05,1655.71,1580.87,1.0,3.0,2.0,4.0
2018-02-10,Bayer Leverkusen,Hertha,1730.22,1615.1,7.0,3.0,8.0,6.0
2018-02-11,VfB Stuttgart,MGladbach,1553.44,1674.38,1.0,3.0,4.0,6.0
2018-02-11,Werder Bremen,VfL Wolfsburg,1618.94,1638.37,4.0,4.0,6.0,5.0
2018-02-16,Hertha,FSV Mainz 05,1632.06,1571.74,5.0,0.0,6.0,3.0
2018-02-17,1. FC Koln,Hannover,1572.25,1597.45,1.0,4.0,7.0,8.0
2018-02-17,SC Freiburg,Werder Bremen,1597.03,1639.59,2.0,7.0,6.0,8.0
2018-02-17,Hamburger SV,Bayer Leverkusen,1555.55,1710.76,2.0,4.0,2.0,7.0
2018-02-17,Schalke 04,TSG Hoffenheim,1689.64,1662.87,3.0,4.0,4.0,5.0
2018-02-17,VfL Wolfsburg,Bayern Munich,1625.26,1966.67,4.0,9.0,5.0,15.0
2018-02-18,FC Augsburg,VfB Stuttgart,1641.82,1566.52,4.0,4.0,7.0,7.0
2018-02-18,MGladbach,Borussia Dortmund,1656.14,1758.32,0.0,7.0,3.0,9.0
2018-02-19,Eintracht Frankfurt,RB Leipzig,1648.86,1702.15,6.0,7.0,10.0,10.0
2018-02-23,FSV Mainz 05,VfL Wolfsburg,1571.74,1625.26,3.0,1.0,6.0,4.0
2018-02-24,Bayern Munich,Hertha,1966.67,1632.06,9.0,4.0,15.0,6.0
2018-02-24,Hannover,MGladbach,1597.45,1656.14,5.0,0.0,6.0,3.0
2018-02-24,TSG Hoffenheim,SC Freiburg,1662.87,1597.03,4.0,4.0,4.0,8.0
2018-02-24,VfB Stuttgart,Eintracht Frankfurt,1566.52,1648.86,7.0,6.0,7.0,12.0
2018-02-24,Werder Bremen,Hamburger SV,1639.59,1555.55,6.0,1.0,7.0,2.0
2018-02-25,Bayer Leverkusen,Schalke 04,1710.76,1689.64,4.0,3.0,10.0,7.0
2018-02-25,RB Leipzig,1. FC Koln,1702.15,1572.25,6.0,1.0,7.0,5.0
2018-02-26,Borussia Dortmund,FC Augsburg,1758.32,1641.82,9.0,3.0,11.0,4.0
2018-03-02,MGladbach,Werder Bremen,1666.75,1646.03,3.0,6.0,3.0,10.0
2018-03-03,FC Augsburg,TSG Hoffenheim,1644.77,1663.06,1.0,4.0,5.0,5.0
2018-03-03,Eintracht Frankfurt,Hannover,1657.75,1599.34,6.0,4.0,9.0,5.0
2018-03-03,Hamburger SV,FSV Mainz 05,1554.43,1596.08,0.0,4.0,2.0,4.0
2018-03-03,RB Leipzig,Borussia Dortmund,1703.39,1778.38,3.0,7.0,7.0,11.0
2018-03-03,Schalke 04,Hertha,1718.71,1633.55,6.0,4.0,9.0,6.0
2018-03-03,VfL Wolfsburg,Bayer Leverkusen,1632.8,1711.26,1.0,3.0,5.0,7.0
2018-03-04,1. FC Koln,VfB Stuttgart,1593.01,1595.72,4.0,9.0,5.0,10.0
2018-03-04,SC Freiburg,Bayern Munich,1616.6,1973.92,4.0,7.0,6.0,13.0
2018-03-09,FSV Mainz 05,Schalke 04,1596.08,1718.71,5.0,9.0,5.0,9.0
2018-03-10,Bayern Munich,Hamburger SV,1973.92,1554.43,7.0,1.0,13.0,2.0
2018-03-10,Hannover,FC Augsburg,1599.34,1644.77,1.0,1.0,5.0,4.0
2018-03-10,Hertha,SC Freiburg,1633.55,1616.6,1.0,4.0,5.0,5.0
2018-03-10,TSG Hoffenheim,VfL Wolfsburg,1663.06,1632.8,4.0,1.0,8.0,2.0
2018-03-10,Bayer Leverkusen,MGladbach,1711.26,1666.75,6.0,4.0,7.0,4.0
2018-03-11,Borussia Dortmund,Eintracht Frankfurt,1778.38,1657.75,5.0,6.0,11.0,9.0
2018-03-11,VfB Stuttgart,RB Leipzig,1595.72,1703.39,9.0,1.0,13.0,7.0
2018-03-12,Werder Bremen,1. FC Koln,1646.03,1593.01,4.0,4.0,10.0,4.0
2018-03-16,SC Freiburg,VfB Stuttgart,1612.89,1604.63,2.0,7.0,5.0,13.0
2018-03-17,FC Augsburg,Werder Bremen,1642.37,1653.69,4.0,7.0,4.0,10.0
2018-03-17,Eintracht Frankfurt,FSV Mainz 05,1657.06,1588.57,3.0,2.0,9.0,5.0
2018-03-17,Hamburger SV,Hertha,1550.31,1625.01,1.0,2.0,1.0,5.0
2018-03-17,MGladbach,TSG Hoffenheim,1655.29,1683.33,4.0,7.0,4.0,10.0
2018-03-17,VfL Wolfsburg,Schalke 04,1614.26,1727.81,1.0,9.0,1.0,12.0
2018-03-18,Borussia Dortmund,Hannover,1769.7,1580.14,5.0,0.0,11.0,4.0
2018-03-18,1. FC Koln,Bayer Leverkusen,1574.65,1724.34,3.0,6.0,4.0,9.0
2018-03-18,RB Leipzig,Bayern Munich,1704.77,1979.3,2.0,7.0,5.0,13.0
2018-03-31,Bayern Munich,Borussia Dortmund,1979.3,1769.7,6.0,7.0,10.0,11.0
2018-03-31,Hannover,RB Leipzig,1580.14,1704.77,0.0,5.0,1.0,5.0
2018-03-31,Hertha,VfL Wolfsburg,1625.01,1614.26,4.0,0.0,5.0,1.0
2018-03-31,TSG Hoffenheim,1. FC Koln,1683.33,1574.65,7.0,3.0,8.0,7.0
2018-03-31,Bayer Leverkusen,FC Augsburg,1724.34,1642.37,6.0,3.0,9.0,4.0
2018-03-31,Schalke 04,SC Freiburg,1727.81,1612.89,9.0,1.0,15.0,5.0
2018-03-31,VfB Stuttgart,Hamburger SV,1604.63,1550.31,7.0,1.0,13.0,1.0
2018-04-01,FSV Mainz 05,MGladbach,1582.39,1656.92,1.0,2.0,5.0,5.0
2018-04-01,Werder Bremen,Eintracht Frankfurt,1669.21,1668.32,7.0,6.0,10.0,9.0
2018-04-06,Hannover,Werder Bremen,1574.23,1669.21,0.0,9.0,0.0,13.0
2018-04-07,FC Augsburg,Bayern Munich,1635.77,1975.1,4.0,6.0,5.0,10.0
2018-04-07,1. FC Koln,FSV Mainz 05,1581.08,1582.39,3.0,1.0,6.0,3.0
2018-04-07,SC Freiburg,VfL Wolfsburg,1600.61,1612.5,1.0,1.0,2.0,2.0
2018-04-07,Hamburger SV,Schalke 04,1548.73,1742.24,1.0,9.0,2.0,15.0
2018-04-07,MGladbach,Hertha,1656.92,1632.87,2.0,5.0,6.0,6.0
2018-04-08,Borussia Dortmund,VfB Stuttgart,1767.49,1613.15,6.0,5.0,8.0,11.0
2018-04-08,Eintracht Frankfurt,TSG Hoffenheim,1668.32,1697.26,3.0,7.0,6.0,11.0
2018-04-09,RB Leipzig,Bayer Leverkusen,1734.8,1708.64,7.0,4.0,8.0,7.0
2018-04-13,VfL Wolfsburg,FC Augsburg,1612.5,1635.77,4.0,1.0,4.0,4.0
2018-04-14,Bayern Munich,MGladbach,1975.1,1656.92,6.0,5.0,12.0,6.0
2018-04-14,Hertha,1. FC Koln,1632.87,1581.08,4.0,4.0,5.0,4.0
2018-04-14,TSG Hoffenheim,Hamburger SV,1697.26,1548.73,5.0,4.0,11.0,5.0
2018-04-14,Bayer Leverkusen,Eintracht Frankfurt,1708.64,1668.32,4.0,4.0,10.0,7.0
2018-04-14,VfB Stuttgart,Hannover,1613.15,1574.23,4.0,3.0,8.0,3.0
2018-04-15,Schalke 04,Borussia Dortmund,1726.42,1768.87,6.0,6.0,12.0,10.0
2018-04-15,Werder Bremen,RB Leipzig,1662.44,1697.89,6.0,6.0,10.0,8.0
2018-04-16,FSV Mainz 05,SC Freiburg,1580.35,1583.27,2.0,0.0,3.0,1.0
2018-04-20,MGladbach,VfL Wolfsburg,1655.7,1620.06,4.0,5.0,5.0,5.0
2018-04-21,Borussia Dortmund,Bayer Leverkusen,1768.87,1731.25,3.0,7.0,9.0,10.0
2018-04-21,Eintracht Frankfurt,Hertha,1648.2,1628.23,1.0,4.0,4.0,8.0
2018-04-21,Hamburger SV,SC Freiburg,1551.26,1583.27,4.0,0.0,4.0,1.0
2018-04-21,Hannover,Bayern Munich,1581.5,1979.96,4.0,9.0,4.0,12.0
2018-04-21,RB Leipzig,TSG Hoffenheim,1697.89,1698.85,4.0,7.0,8.0,11.0
2018-04-21,VfB Stuttgart,Werder Bremen,1601.15,1662.44,2.0,4.0,6.0,10.0
2018-04-22,FC Augsburg,FSV Mainz 05,1629.26,1580.35,2.0,5.0,5.0,5.0
2018-04-22,1. FC Koln,Schalke 04,1569.75,1726.42,1.0,6.0,4.0,12.0
2018-04-27,TSG Hoffenheim,Hannover,1698.85,1581.5,7.0,4.0,11.0,4.0
2018-04-28,Bayern Munich,Eintracht Frankfurt,1979.96,1648.2,9.0,1.0,12.0,4.0
2018-04-28,SC Freiburg,1. FC Koln,1583.27,1569.75,0.0,2.0,0.0,5.0
2018-04-28,Hertha,FC Augsburg,1628.23,1629.26,6.0,4.0,10.0,5.0
2018-04-28,Bayer Leverkusen,VfB Stuttgart,1731.25,1601.15,6.0,4.0,7.0,8.0
2018-04-28,Schalke 04,MGladbach,1726.42,1655.7,4.0,6.0,10.0,8.0
2018-04-28,VfL Wolfsburg,Hamburger SV,1620.06,1551.26,4.0,6.0,5.0,7.0
2018-04-29,FSV Mainz 05,RB Leipzig,1580.35,1697.89,4.0,1.0,5.0,7.0
2018-04-29,Werder Bremen,Borussia Dortmund,1662.44,1768.87,1.0,6.0,7.0,9.0
2018-05-05,FC Augsburg,Schalke 04,1636.23,1727.56,5.0,5.0,6.0,8.0
2018-05-05,Borussia Dortmund,FSV Mainz 05,1765.02,1594.43,4.0,6.0,7.0,8.0
2018-05-05,Eintracht Frankfurt,Hamburger SV,1625.64,1571.26,0.0,6.0,1.0,10.0
2018-05-05,1. FC Koln,Bayern Munich,1563.15,1972.92,1.0,9.0,2.0,15.0
2018-05-05,Hannover,Hertha,1570.73,1640.87,1.0,7.0,4.0,8.0
2018-05-05,MGladbach,SC Freiburg,1666.28,1570.57,4.0,3.0,8.0,3.0
2018-05-05,RB Leipzig,VfL Wolfsburg,1663.82,1591.1,1.0,1.0,4.0,5.0
2018-05-05,VfB Stuttgart,TSG Hoffenheim,1621.73,1716.82,7.0,9.0,8.0,13.0
2018-05-05,Werder Bremen,Bayer Leverkusen,1649.21,1704.54,2.0,3.0,5.0,7.0
2018-05-12,Bayern Munich,VfB Stuttgart,1972.92,1621.73,9.0,9.0,15.0,10.0
2018-05-12,SC Freiburg,FC Augsburg,1570.57,1636.23,3.0,4.0,3.0,5.0
2018-05-12,Hamburger SV,MGladbach,1571.26,1666.28,6.0,7.0,9.0,10.0
2018-05-12,Hertha,RB Leipzig,1640.87,1663.82,4.0,3.0,7.0,4.0
2018-05-12,TSG Hoffenheim,Borussia Dortmund,1716.82,1765.02,6.0,4.0,10.0,7.0
2018-05-12,Bayer Leverkusen,Hannover,1704.54,1570.73,1.0,3.0,7.0,7.0
2018-05-12,FSV Mainz 05,Werder Bremen,1594.43,1649.21,6.0,2.0,10.0,3.0
2018-05-12,Schalke 04,Eintracht Frankfurt,1727.56,1625.64,5.0,3.0,8.0,4.0
2018-05-12,VfL Wolfsburg,1. FC Koln,1591.1,1563.15,0.0,1.0,4.0,2.0
2018-08-24,Bayern Munich,TSG Hoffenheim,1948.64,1716.56,6.0,6.0,12.0,12.0
2018-08-25,Fortuna Dusseldorf,FC Augsburg,1476.39,1619.23,7.0,1.0,10.0,5.0
2018-08-25,SC Freiburg,Eintracht Frankfurt,1577.85,1632.43,6.0,3.0,6.0,3.0
2018-08-25,Hertha,Nurnberg,1613.99,1504.93,1.0,6.0,7.0,10.0
2018-08-25,MGladbach,Bayer Leverkusen,1664.81,1710.25,4.0,4.0,7.0,7.0
2018-08-25,Werder Bremen,Hannover,1659.27,1580.63,5.0,3.0,6.0,4.0
2018-08-25,VfL Wolfsburg,Schalke 04,1604.88,1740.85,3.0,7.0,4.0,11.0
2018-08-26,Borussia Dortmund,RB Leipzig,1743.07,1695.99,1.0,6.0,4.0,7.0
2018-08-26,FSV Mainz 05,VfB Stuttgart,1601.02,1664.26,6.0,9.0,9.0,13.0
2018-08-31,Hannover,Borussia Dortmund,1580.63,1743.07,4.0,3.0,4.0,7.0
2018-09-01,FC Augsburg,MGladbach,1626.56,1676.93,3.0,6.0,7.0,10.0
2018-09-01,Eintracht Frankfurt,Werder Bremen,1645.55,1656.93,6.0,5.0,6.0,6.0
2018-09-01,TSG Hoffenheim,SC Freiburg,1715.09,1567.66,3.0,3.0,9.0,6.0
2018-09-01,Bayer Leverkusen,VfL Wolfsburg,1701.08,1616.5,4.0,6.0,4.0,6.0
2018-09-01,Nurnberg,FSV Mainz 05,1502.37,1610.65,3.0,6.0,9.0,9.0
2018-09-01,VfB Stuttgart,Bayern Munich,1657.56,1953.04,6.0,6.0,12.0,12.0
2018-09-02,RB Leipzig,Fortuna Dusseldorf,1692.56,1472.0,6.0,4.0,6.0,10.0
2018-09-02,Schalke 04,Hertha,1732.17,1619.48,6.0,3.0,8.0,7.0
2018-09-14,Borussia Dortmund,Eintracht Frankfurt,1750.68,1645.55,4.0,3.0,5.0,6.0
2018-09-15,Bayern Munich,Bayer Leverkusen,1958.09,1684.45,6.0,3.0,12.0,4.0
2018-09-15,Fortuna Dusseldorf,TSG Hoffenheim,1478.7,1719.66,4.0,6.0,8.0,9.0
2018-09-15,FSV Mainz 05,FC Augsburg,1609.36,1626.19,4.0,4.0,10.0,5.0
2018-09-15,MGladbach,Schalke 04,1677.29,1714.47,4.0,3.0,8.0,7.0
2018-09-15,RB Leipzig,Hannover,1685.86,1588.84,4.0,2.0,7.0,5.0
2018-09-15,VfL Wolfsburg,Hertha,1633.13,1637.18,9.0,6.0,9.0,7.0
2018-09-16,SC Freiburg,VfB Stuttgart,1563.09,1652.52,3.0,3.0,6.0,9.0
2018-09-16,Werder Bremen,Nurnberg,1666.24,1503.66,7.0,1.0,9.0,7.0
2018-09-21,VfB Stuttgart,Fortuna Dusseldorf,1652.52,1478.7,1.0,4.0,7.0,8.0
2018-09-22,FC Augsburg,Werder Bremen,1626.19,1666.24,4.0,5.0,4.0,9.0
2018-09-22,Hertha,MGladbach,1637.18,1677.29,7.0,7.0,7.0,10.0
2018-09-22,TSG Hoffenheim,Borussia Dortmund,1719.66,1756.25,3.0,7.0,6.0,7.0
2018-09-22,Nurnberg,Hannover,1503.66,1588.84,2.0,2.0,5.0,5.0
2018-09-22,Schalke 04,Bayern Munich,1714.47,1958.09,0.0,9.0,6.0,12.0
2018-09-22,VfL Wolfsburg,SC Freiburg,1633.13,1563.09,7.0,1.0,10.0,4.0
2018-09-23,Eintracht Frankfurt,RB Leipzig,1630.67,1685.86,3.0,4.0,6.0,10.0
2018-09-23,Bayer Leverkusen,FSV Mainz 05,1684.45,1609.36,0.0,7.0,4.0,10.0
2018-09-25,Bayern Munich,FC Augsburg,1958.09,1626.19,9.0,1.0,12.0,4.0
2018-09-25,SC Freiburg,Schalke 04,1563.09,1714.47,4.0,0.0,7.0,3.0
2018-09-25,Hannover,TSG Hoffenheim,1588.84,1719.66,1.0,4.0,2.0,7.0
2018-09-25,Werder Bremen,Hertha,1666.24,1637.18,7.0,7.0,11.0,10.0
2018-09-26,Borussia Dortmund,Nurnberg,1756.25,1503.66,5.0,5.0,8.0,5.0
2018-09-26,Fortuna Dusseldorf,Bayer Leverkusen,1478.7,1684.45,5.0,3.0,8.0,6.0
2018-09-26,FSV Mainz 05,VfL Wolfsburg,1609.36,1633.13,4.0,4.0,7.0,10.0
2018-09-26,MGladbach,Eintracht Frankfurt,1677.29,1630.67,4.0,1.0,7.0,4.0
2018-09-26,RB Leipzig,VfB Stuttgart,1685.86,1652.52,5.0,2.0,8.0,5.0
2018-09-28,Hertha,Bayern Munich,1637.18,1958.09,4.0,7.0,10.0,13.0
2018-09-29,TSG Hoffenheim,RB Leipzig,1719.66,1685.86,4.0,7.0,7.0,8.0
2018-09-29,Bayer Leverkusen,Borussia Dortmund,1684.45,1756.25,6.0,7.0,6.0,11.0
2018-09-29,Nurnberg,Fortuna Dusseldorf,1503.66,1478.7,4.0,4.0,5.0,5.0
2018-09-29,Schalke 04,FSV Mainz 05,1714.47,1609.36,0.0,4.0,0.0,8.0
2018-09-29,VfB Stuttgart,Werder Bremen,1652.52,1666.24,2.0,7.0,2.0,11.0
2018-09-29,VfL Wolfsburg,MGladbach,1633.13,1677.29,2.0,6.0,8.0,10.0
2018-09-30,FC Augsburg,SC Freiburg,1626.19,1563.09,1.0,7.0,5.0,7.0
2018-09-30,Eintracht Frankfurt,Hannover,1630.67,1588.84,1.0,0.0,4.0,2.0
2018-10-05,Werder Bremen,VfL Wolfsburg,1680.02,1627.21,6.0,2.0,10.0,6.0
2018-10-06,Bayern Munich,MGladbach,1954.46,1691.96,4.0,4.0,10.0,8.0
2018-10-06,Borussia Dortmund,FC Augsburg,1789.63,1639.25,7.0,4.0,11.0,5.0
2018-10-06,Fortuna Dusseldorf,Schalke 04,1491.89,1705.8,1.0,3.0,5.0,3.0
2018-10-06,Hannover,VfB Stuttgart,1565.67,1655.42,0.0,4.0,1.0,5.0
2018-10-06,FSV Mainz 05,Hertha,1615.12,1671.04,1.0,6.0,5.0,10.0
2018-10-07,SC Freiburg,Bayer Leverkusen,1589.38,1697.67,6.0,6.0,7.0,6.0
2018-10-07,TSG Hoffenheim,Eintracht Frankfurt,1719.38,1653.61,4.0,4.0,7.0,4.0
2018-10-07,RB Leipzig,Nurnberg,1709.44,1536.24,7.0,6.0,11.0,8.0
2018-10-19,Eintracht Frankfurt,Fortuna Dusseldorf,1689.25,1496.35,6.0,0.0,7.0,4.0
2018-10-20,FC Augsburg,RB Leipzig,1646.4,1734.92,4.0,9.0,4.0,13.0
2018-10-20,Bayer Leverkusen,Hannover,1709.8,1588.64,4.0,3.0,7.0,3.0
2018-10-20,Nurnberg,TSG Hoffenheim,1539.85,1714.71,3.0,3.0,7.0,4.0
2018-10-20,Schalke 04,Werder Bremen,1730.76,1697.8,6.0,6.0,6.0,10.0
2018-10-20,VfB Stuttgart,Borussia Dortmund,1653.09,1809.71,3.0,9.0,5.0,13.0
2018-10-20,VfL Wolfsburg,Bayern Munich,1630.08,1931.41,2.0,1.0,3.0,7.0
2018-10-21,Hertha,SC Freiburg,1681.45,1601.22,4.0,4.0,8.0,8.0
2018-10-21,MGladbach,FSV Mainz 05,1728.3,1625.34,7.0,2.0,10.0,5.0
2018-10-26,SC Freiburg,MGladbach,1601.22,1728.3,2.0,7.0,8.0,10.0
2018-10-27,Borussia Dortmund,Hertha,1809.71,1681.45,9.0,5.0,13.0,8.0
2018-10-27,Fortuna Dusseldorf,VfL Wolfsburg,1496.35,1630.08,0.0,1.0,1.0,2.0
2018-10-27,Hannover,FC Augsburg,1588.64,1646.4,4.0,4.0,4.0,5.0
2018-10-27,TSG Hoffenheim,VfB Stuttgart,1714.71,1653.09,3.0,3.0,7.0,4.0
2018-10-27,FSV Mainz 05,Bayern Munich,1625.34,1931.41,1.0,3.0,2.0,7.0
2018-10-28,Nurnberg,Eintracht Frankfurt,1539.85,1689.25,3.0,9.0,6.0,10.0
2018-10-28,RB Leipzig,Schalke 04,1734.92,1730.76,7.0,6.0,11.0,6.0
2018-10-28,Werder Bremen,Bayer Leverkusen,1697.8,1709.8,6.0,2.0,12.0,8.0
2018-11-02,VfB Stuttgart,Eintracht Frankfurt,1637.95,1701.35,0.0,7.0,3.0,10.0
2018-11-03,FC Augsburg,Nurnberg,1660.64,1541.26,4.0,1.0,8.0,4.0
2018-11-03,Bayern Munich,SC Freiburg,1947.7,1624.48,6.0,5.0,7.0,8.0
2018-11-03,Hertha,RB Leipzig,1688.54,1741.18,3.0,5.0,6.0,11.0
2018-11-03,Bayer Leverkusen,TSG Hoffenheim,1718.48,1734.47,5.0,6.0,8.0,9.0
2018-11-03,Schalke 04,Hannover,1723.39,1590.58,4.0,4.0,7.0,4.0
2018-11-03,VfL Wolfsburg,Borussia Dortmund,1641.64,1837.08,3.0,7.0,5.0,13.0
2018-11-04,FSV Mainz 05,Werder Bremen,1619.5,1698.49,1.0,6.0,2.0,9.0
2018-11-04,MGladbach,Fortuna Dusseldorf,1727.95,1484.8,6.0,0.0,10.0,0.0
2018-11-09,Hannover,VfL Wolfsburg,1590.58,1641.64,1.0,3.0,4.0,4.0
2018-11-10,Borussia Dortmund,Bayern Munich,1837.08,1947.7,7.0,7.0,13.0,7.0
2018-11-10,Fortuna Dusseldorf,Hertha,1484.8,1688.54,0.0,2.0,0.0,6.0
2018-11-10,SC Freiburg,FSV Mainz 05,1624.48,1619.5,5.0,3.0,6.0,4.0
2018-11-10,TSG Hoffenheim,FC Augsburg,1734.47,1660.64,9.0,5.0,9.0,8.0
2018-11-10,Nurnberg,VfB Stuttgart,1541.26,1637.95,2.0,0.0,5.0,3.0
2018-11-10,Werder Bremen,MGladbach,1698.49,1727.95,3.0,6.0,6.0,10.0
2018-11-11,Eintracht Frankfurt,Schalke 04,1701.35,1723.39,7.0,4.0,13.0,10.0
2018-11-11,RB Leipzig,Bayer Leverkusen,1741.18,1718.48,5.0,4.0,11.0,5.0
2018-11-23,Bayer Leverkusen,VfB Stuttgart,1695.71,1634.66,3.0,3.0,5.0,3.0
2018-11-24,FC Augsburg,Eintracht Frankfurt,1651.37,1732.03,4.0,7.0,5.0,13.0
2018-11-24,Bayern Munich,Fortuna Dusseldorf,1931.67,1501.26,4.0,3.0,7.0,3.0
2018-11-24,Hertha,TSG Hoffenheim,1654.29,1755.83,1.0,9.0,3.0,12.0
2018-11-24,FSV Mainz 05,Borussia Dortmund,1641.44,1844.65,6.0,7.0,7.0,13.0
2018-11-24,Schalke 04,Nurnberg,1720.54,1535.34,4.0,2.0,7.0,2.0
2018-11-24,VfL Wolfsburg,RB Leipzig,1628.87,1754.14,3.0,7.0,3.0,11.0
2018-11-25,SC Freiburg,Werder Bremen,1618.85,1677.94,4.0,0.0,6.0,6.0
2018-11-25,MGladbach,Hannover,1742.77,1593.01,6.0,3.0,12.0,7.0
2018-11-30,Fortuna Dusseldorf,FSV Mainz 05,1501.26,1641.44,4.0,6.0,4.0,6.0
2018-12-01,Borussia Dortmund,SC Freiburg,1834.23,1611.55,9.0,2.0,13.0,6.0
2018-12-01,Hannover,Hertha,1579.7,1648.19,3.0,1.0,4.0,3.0
2018-12-01,TSG Hoffenheim,Schalke 04,1736.47,1711.8,7.0,6.0,13.0,7.0
2018-12-01,VfB Stuttgart,FC Augsburg,1619.88,1633.61,3.0,1.0,3.0,5.0
2018-12-01,Werder Bremen,Bayern Munich,1670.32,1919.52,1.0,2.0,4.0,8.0
2018-12-02,Eintracht Frankfurt,VfL Wolfsburg,1743.53,1631.3,9.0,3.0,13.0,6.0
2018-12-02,RB Leipzig,MGladbach,1731.86,1741.16,6.0,9.0,8.0,12.0
2018-12-03,Nurnberg,Bayer Leverkusen,1522.92,1689.51,1.0,3.0,2.0,7.0
2018-12-07,Werder Bremen,Fortuna Dusseldorf,1670.32,1496.57,1.0,4.0,1.0,4.0
2018-12-08,Bayern Munich,Nurnberg,1919.52,1522.92,4.0,1.0,8.0,3.0
2018-12-08,SC Freiburg,RB Leipzig,1611.55,1731.86,1.0,6.0,5.0,10.0
2018-12-08,Hertha,Eintracht Frankfurt,1648.19,1743.53,4.0,6.0,5.0,10.0
2018-12-08,Bayer Leverkusen,FC Augsburg,1689.51,1633.61,4.0,0.0,7.0,4.0
2018-12-08,Schalke 04,Borussia Dortmund,1711.8,1834.23,4.0,9.0,8.0,13.0
2018-12-08,VfL Wolfsburg,TSG Hoffenheim,1631.3,1736.47,6.0,5.0,9.0,11.0
2018-12-09,FSV Mainz 05,Hannover,1635.71,1579.7,6.0,3.0,9.0,3.0
2018-12-09,MGladbach,VfB Stuttgart,1741.16,1619.88,6.0,6.0,9.0,6.0
2018-12-14,Nurnberg,VfL Wolfsburg,1522.92,1631.3,1.0,7.0,2.0,7.0
2018-12-15,FC Augsburg,Schalke 04,1628.94,1719.29,0.0,4.0,1.0,7.0
2018-12-15,Borussia Dortmund,Werder Bremen,1857.67,1678.84,9.0,4.0,15.0,4.0
2018-12-15,Fortuna Dusseldorf,SC Freiburg,1499.83,1633.51,1.0,4.0,4.0,5.0
2018-12-15,Hannover,Bayern Munich,1579.95,1930.44,1.0,7.0,4.0,8.0
2018-12-15,TSG Hoffenheim,MGladbach,1739.27,1746.75,3.0,6.0,9.0,12.0
2018-12-15,VfB Stuttgart,Hertha,1627.0,1675.1,3.0,7.0,6.0,7.0
2018-12-16,Eintracht Frankfurt,Bayer Leverkusen,1740.49,1711.89,3.0,7.0,9.0,7.0
2018-12-16,RB Leipzig,FSV Mainz 05,1724.06,1640.03,3.0,4.0,9.0,10.0
2018-12-18,Fortuna Dusseldorf,Borussia Dortmund,1499.83,1857.67,3.0,9.0,7.0,15.0
2018-12-18,Hertha,FC Augsburg,1675.1,1628.94,6.0,1.0,7.0,1.0
2018-12-18,MGladbach,Nurnberg,1746.75,1523.55,4.0,1.0,10.0,1.0
2018-12-18,VfL Wolfsburg,VfB Stuttgart,1661.0,1627.0,7.0,6.0,10.0,9.0
2018-12-19,Bayern Munich,RB Leipzig,1930.44,1724.06,9.0,6.0,10.0,9.0
2018-12-19,SC Freiburg,Hannover,1633.51,1579.95,3.0,1.0,4.0,4.0
2018-12-19,FSV Mainz 05,Eintracht Frankfurt,1640.03,1740.49,4.0,3.0,7.0,9.0
2018-12-19,Schalke 04,Bayer Leverkusen,1719.29,1711.89,2.0,4.0,5.0,7.0
2018-12-19,Werder Bremen,TSG Hoffenheim,1678.84,1739.27,3.0,3.0,4.0,7.0
2018-12-21,Borussia Dortmund,MGladbach,1857.67,1746.75,6.0,7.0,12.0,10.0
2018-12-22,Eintracht Frankfurt,Bayern Munich,1740.49,1930.44,4.0,9.0,7.0,13.0
2018-12-22,Hannover,Fortuna Dusseldorf,1579.95,1499.83,2.0,6.0,2.0,7.0
2018-12-22,Bayer Leverkusen,Hertha,1711.89,1675.1,6.0,4.0,10.0,8.0
2018-12-22,Nurnberg,SC Freiburg,1523.55,1633.51,0.0,4.0,1.0,5.0
2018-12-22,RB Leipzig,Werder Bremen,1724.06,1678.84,3.0,4.0,6.0,5.0
2018-12-22,VfB Stuttgart,Schalke 04,1627.0,1719.29,3.0,1.0,6.0,5.0
2018-12-23,FC Augsburg,VfL Wolfsburg,1628.94,1661.0,2.0,7.0,2.0,13.0
2018-12-23,TSG Hoffenheim,FSV Mainz 05,1739.27,1640.03,3.0,2.0,5.0,5.0
2019-01-18,TSG Hoffenheim,Bayern Munich,1733.7,1944.79,3.0,9.0,5.0,15.0
2019-01-19,FC Augsburg,Fortuna Dusseldorf,1624.24,1539.47,2.0,9.0,2.0,9.0
2019-01-19,Eintracht Frankfurt,SC Freiburg,1736.74,1623.2,4.0,4.0,4.0,7.0
2019-01-19,Hannover,Werder Bremen,1568.08,1670.85,1.0,1.0,2.0,4.0
2019-01-19,Bayer Leverkusen,MGladbach,1723.15,1746.73,6.0,4.0,10.0,7.0
2019-01-19,RB Leipzig,Borussia Dortmund,1735.19,1850.55,6.0,6.0,9.0,12.0
2019-01-19,VfB Stuttgart,FSV Mainz 05,1616.07,1637.56,3.0,2.0,6.0,6.0
2019-01-20,Nurnberg,Hertha,1513.45,1656.84,0.0,1.0,1.0,7.0
2019-01-20,Schalke 04,VfL Wolfsburg,1718.94,1678.07,4.0,9.0,5.0,13.0
2019-01-25,Hertha,Schalke 04,1656.84,1718.94,4.0,6.0,7.0,7.0
2019-01-26,Borussia Dortmund,Hannover,1850.55,1568.08,6.0,1.0,12.0,2.0
2019-01-26,SC Freiburg,TSG Hoffenheim,1623.2,1733.7,4.0,2.0,7.0,4.0
2019-01-26,FSV Mainz 05,Nurnberg,1637.56,1513.45,5.0,0.0,6.0,0.0
2019-01-26,MGladbach,FC Augsburg,1746.73,1624.24,6.0,1.0,10.0,2.0
2019-01-26,Werder Bremen,Eintracht Frankfurt,1670.85,1736.74,4.0,4.0,7.0,7.0
2019-01-26,VfL Wolfsburg,Bayer Leverkusen,1678.07,1723.15,6.0,6.0,10.0,9.0
2019-01-27,Bayern Munich,VfB Stuttgart,1944.79,1616.07,9.0,0.0,15.0,3.0
2019-01-27,Fortuna Dusseldorf,RB Leipzig,1539.47,1735.19,9.0,3.0,12.0,6.0
2019-02-01,Hannover,RB Leipzig,1558.25,1738.43,0.0,6.0,1.0,9.0
2019-02-02,Eintracht Frankfurt,Borussia Dortmund,1742.1,1859.97,4.0,9.0,8.0,12.0
2019-02-02,Hertha,VfL Wolfsburg,1665.01,1658.04,4.0,3.0,5.0,9.0
2019-02-02,TSG Hoffenheim,Fortuna Dusseldorf,1736.96,1541.45,4.0,6.0,6.0,12.0
2019-02-02,Bayer Leverkusen,Bayern Munich,1728.81,1952.62,6.0,9.0,9.0,15.0
2019-02-02,Nurnberg,Werder Bremen,1501.93,1677.96,0.0,4.0,0.0,5.0
2019-02-02,Schalke 04,MGladbach,1724.5,1760.33,7.0,6.0,8.0,10.0
2019-02-03,FC Augsburg,FSV Mainz 05,1607.67,1650.07,0.0,7.0,2.0,8.0
2019-02-03,VfB Stuttgart,SC Freiburg,1605.1,1608.41,0.0,3.0,3.0,4.0
2019-02-08,FSV Mainz 05,Bayer Leverkusen,1650.07,1728.81,6.0,6.0,8.0,12.0
2019-02-09,Bayern Munich,Schalke 04,1952.62,1724.5,6.0,4.0,12.0,7.0
2019-02-09,Borussia Dortmund,TSG Hoffenheim,1859.97,1736.96,7.0,4.0,10.0,6.0
2019-02-09,SC Freiburg,VfL Wolfsburg,1608.41,1658.04,1.0,3.0,5.0,9.0
2019-02-09,Hannover,Nurnberg,1558.25,1501.93,0.0,1.0,1.0,1.0
2019-02-09,MGladbach,Hertha,1760.33,1665.01,9.0,4.0,12.0,5.0
2019-02-09,RB Leipzig,Eintracht Frankfurt,1738.43,1742.1,6.0,5.0,9.0,6.0
2019-02-10,Fortuna Dusseldorf,VfB Stuttgart,1541.45,1605.1,4.0,1.0,10.0,1.0
2019-02-10,Werder Bremen,FC Augsburg,1677.96,1607.67,5.0,3.0,6.0,4.0
2019-02-15,FC Augsburg,Bayern Munich,1608.23,1936.74,3.0,6.0,3.0,12.0
2019-02-16,Hertha,Werder Bremen,1674.66,1683.01,4.0,5.0,7.0,8.0
2019-02-16,TSG Hoffenheim,Hannover,1733.42,1555.69,5.0,3.0,6.0,3.0
2019-02-16,Schalke 04,SC Freiburg,1707.1,1607.68,1.0,2.0,7.0,5.0
2019-02-16,VfB Stuttgart,RB Leipzig,1587.39,1742.81,1.0,7.0,1.0,10.0
2019-02-16,VfL Wolfsburg,FSV Mainz 05,1665.08,1621.04,4.0,3.0,7.0,7.0
2019-02-17,Eintracht Frankfurt,MGladbach,1748.12,1748.62,3.0,6.0,6.0,9.0
2019-02-17,Bayer Leverkusen,Fortuna Dusseldorf,1757.21,1559.37,9.0,4.0,12.0,10.0
2019-02-18,Nurnberg,Borussia Dortmund,1495.3,1839.19,1.0,5.0,1.0,11.0
2019-02-22,Werder Bremen,VfB Stuttgart,1683.01,1587.39,5.0,1.0,9.0,1.0
2019-02-23,Bayern Munich,Hertha,1936.74,1674.66,6.0,4.0,12.0,8.0
2019-02-23,Fortuna Dusseldorf,Nurnberg,1559.37,1495.3,4.0,2.0,7.0,2.0
2019-02-23,SC Freiburg,FC Augsburg,1607.68,1608.23,3.0,3.0,3.0,3.0
2019-02-23,FSV Mainz 05,Schalke 04,1621.04,1707.1,0.0,1.0,6.0,5.0
2019-02-23,MGladbach,VfL Wolfsburg,1748.62,1665.08,4.0,7.0,10.0,7.0
2019-02-24,Borussia Dortmund,Bayer Leverkusen,1839.19,1757.21,3.0,9.0,9.0,12.0
2019-02-24,Hannover,Eintracht Frankfurt,1555.69,1748.12,3.0,3.0,3.0,7.0
2019-02-25,RB Leipzig,TSG Hoffenheim,1742.81,1733.42,7.0,5.0,10.0,8.0
2019-03-01,FC Augsburg,Borussia Dortmund,1593.73,1837.98,0.0,5.0,3.0,9.0
2019-03-02,Eintracht Frankfurt,TSG Hoffenheim,1768.85,1741.24,5.0,5.0,7.0,9.0
2019-03-02,Hertha,FSV Mainz 05,1672.5,1627.93,4.0,3.0,5.0,6.0
2019-03-02,Bayer Leverkusen,SC Freiburg,1746.09,1625.93,6.0,5.0,12.0,6.0
2019-03-02,MGladbach,Bayern Munich,1731.59,1943.78,1.0,9.0,7.0,12.0
2019-03-02,Nurnberg,RB Leipzig,1497.69,1749.5,1.0,5.0,2.0,11.0
2019-03-02,Schalke 04,Fortuna Dusseldorf,1686.15,1562.06,1.0,6.0,2.0,7.0
2019-03-03,VfB Stuttgart,Hannover,1584.96,1544.41,1.0,3.0,2.0,3.0
2019-03-03,VfL Wolfsburg,Werder Bremen,1695.34,1681.04,7.0,5.0,10.0,7.0
2019-03-08,Werder Bremen,Schalke 04,1681.04,1686.15,3.0,1.0,7.0,1.0
2019-03-09,Bayern Munich,VfL Wolfsburg,1943.78,1695.34,9.0,7.0,12.0,11.0
2019-03-09,Borussia Dortmund,VfB Stuttgart,1837.98,1584.96,4.0,4.0,6.0,5.0
2019-03-09,SC Freiburg,Hertha,1625.93,1672.5,4.0,4.0,6.0,7.0
2019-03-09,FSV Mainz 05,MGladbach,1627.93,1731.59,3.0,1.0,3.0,4.0
2019-03-09,RB Leipzig,FC Augsburg,1749.5,1593.73,7.0,3.0,11.0,6.0
2019-03-10,Hannover,Bayer Leverkusen,1544.41,1746.09,0.0,6.0,3.0,12.0
2019-03-10,TSG Hoffenheim,Nurnberg,1741.24,1497.69,4.0,1.0,6.0,2.0
2019-03-11,Fortuna Dusseldorf,Eintracht Frankfurt,1562.06,1768.85,6.0,7.0,10.0,9.0
2019-03-15,MGladbach,SC Freiburg,1725.67,1624.18,3.0,6.0,4.0,8.0
2019-03-16,FC Augsburg,Hannover,1607.1,1524.39,4.0,0.0,4.0,3.0
2019-03-16,Hertha,Borussia Dortmund,1665.57,1819.63,3.0,6.0,7.0,8.0
2019-03-16,Schalke 04,RB Leipzig,1646.45,1743.34,0.0,5.0,1.0,9.0
2019-03-16,VfB Stuttgart,TSG Hoffenheim,1588.88,1733.0,4.0,4.0,4.0,8.0
2019-03-16,VfL Wolfsburg,Fortuna Dusseldorf,1684.38,1574.38,4.0,6.0,8.0,9.0
2019-03-17,Bayern Munich,FSV Mainz 05,1935.49,1611.09,9.0,3.0,15.0,3.0
2019-03-17,Eintracht Frankfurt,Nurnberg,1788.05,1487.79,9.0,0.0,11.0,1.0
2019-03-17,Bayer Leverkusen,Werder Bremen,1751.1,1687.2,6.0,5.0,12.0,9.0
2019-03-29,TSG Hoffenheim,Bayer Leverkusen,1733.0,1751.1,4.0,6.0,8.0,9.0
2019-03-30,Borussia Dortmund,VfL Wolfsburg,1819.63,1684.38,6.0,4.0,10.0,10.0
2019-03-30,Fortuna Dusseldorf,MGladbach,1574.38,1725.67,3.0,4.0,6.0,5.0
2019-03-30,SC Freiburg,Bayern Munich,1624.18,1935.49,4.0,9.0,8.0,15.0
2019-03-30,Nurnberg,FC Augsburg,1487.79,1607.1,0.0,7.0,1.0,7.0
2019-03-30,RB Leipzig,Hertha,1743.34,1665.57,7.0,3.0,11.0,4.0
2019-03-30,Werder Bremen,FSV Mainz 05,1687.2,1611.09,7.0,0.0,9.0,3.0
2019-03-31,Eintracht Frankfurt,VfB Stuttgart,1788.05,1588.88,9.0,4.0,13.0,5.0
2019-03-31,Hannover,Schalke 04,1524.39,1646.45,0.0,0.0,0.0,1.0
2019-04-05,FSV Mainz 05,SC Freiburg,1601.47,1634.61,0.0,5.0,3.0,8.0
2019-04-06,Bayern Munich,Borussia Dortmund,1932.45,1830.22,7.0,9.0,13.0,12.0
2019-04-06,Hertha,Fortuna Dusseldorf,1649.78,1581.94,0.0,3.0,3.0,9.0
2019-04-06,Bayer Leverkusen,RB Leipzig,1724.41,1760.63,3.0,7.0,6.0,11.0
2019-04-06,Schalke 04,Eintracht Frankfurt,1645.89,1794.1,3.0,9.0,3.0,15.0
2019-04-06,VfB Stuttgart,Nurnberg,1586.95,1503.65,1.0,3.0,5.0,3.0
2019-04-06,VfL Wolfsburg,Hannover,1686.47,1511.27,3.0,0.0,7.0,0.0
2019-04-07,FC Augsburg,TSG Hoffenheim,1596.51,1741.78,4.0,7.0,7.0,8.0
2019-04-07,MGladbach,Werder Bremen,1706.69,1708.9,4.0,9.0,4.0,11.0
2019-04-12,Nurnberg,Schalke 04,1503.65,1645.89,4.0,3.0,4.0,3.0
2019-04-13,Borussia Dortmund,FSV Mainz 05,1830.22,1601.47,6.0,3.0,9.0,3.0
2019-04-13,Hannover,MGladbach,1511.27,1706.69,0.0,2.0,0.0,5.0
2019-04-13,RB Leipzig,VfL Wolfsburg,1760.63,1686.47,9.0,6.0,13.0,7.0
2019-04-13,VfB Stuttgart,Bayer Leverkusen,1586.95,1724.41,2.0,0.0,5.0,6.0
2019-04-13,Werder Bremen,SC Freiburg,1708.9,1634.61,7.0,2.0,11.0,5.0
2019-04-14,Eintracht Frankfurt,FC Augsburg,1794.1,1596.51,9.0,3.0,15.0,7.0
2019-04-14,Fortuna Dusseldorf,Bayern Munich,1581.94,1932.45,6.0,7.0,9.0,13.0
2019-04-14,TSG Hoffenheim,Hertha,1741.78,1649.78,7.0,0.0,10.0,3.0
2019-04-20,FC Augsburg,VfB Stuttgart,1602.31,1574.26,3.0,1.0,7.0,2.0
2019-04-20,Bayern Munich,Werder Bremen,1942.26,1711.92,7.0,7.0,13.0,13.0
2019-04-20,Bayer Leverkusen,Nurnberg,1715.4,1506.72,3.0,5.0,6.0,5.0
2019-04-20,FSV Mainz 05,Fortuna Dusseldorf,1612.53,1586.62,3.0,6.0,3.0,6.0
2019-04-20,MGladbach,RB Leipzig,1706.62,1776.28,4.0,9.0,8.0,13.0
2019-04-20,Schalke 04,TSG Hoffenheim,1634.98,1755.43,4.0,9.0,4.0,13.0
2019-04-21,SC Freiburg,Borussia Dortmund,1610.47,1820.43,1.0,6.0,5.0,12.0
2019-04-21,Hertha,Hannover,1630.02,1499.67,0.0,0.0,0.0,0.0
2019-04-22,VfL Wolfsburg,Eintracht Frankfurt,1680.85,1767.99,3.0,6.0,6.0,12.0
2019-04-26,FC Augsburg,Bayer Leverkusen,1602.31,1715.4,6.0,6.0,9.0,6.0
2019-04-27,Borussia Dortmund,Schalke 04,1820.43,1634.98,6.0,1.0,12.0,4.0
2019-04-27,Eintracht Frankfurt,Hertha,1767.99,1630.02,4.0,1.0,10.0,1.0
2019-04-27,Fortuna Dusseldorf,Werder Bremen,1586.62,1711.92,3.0,4.0,6.0,10.0
2019-04-27,Hannover,FSV Mainz 05,1499.67,1612.53,1.0,6.0,1.0,6.0
2019-04-27,RB Leipzig,SC Freiburg,1776.28,1610.47,9.0,0.0,15.0,2.0
2019-04-27,VfB Stuttgart,MGladbach,1574.26,1706.62,1.0,4.0,2.0,5.0
2019-04-28,TSG Hoffenheim,VfL Wolfsburg,1755.43,1680.85,9.0,4.0,13.0,7.0
2019-04-28,Nurnberg,Bayern Munich,1506.72,1942.26,2.0,9.0,5.0,13.0
2019-05-03,FSV Mainz 05,RB Leipzig,1617.02,1792.38,3.0,9.0,6.0,15.0
2019-05-04,Bayern Munich,Hannover,1942.12,1519.94,7.0,4.0,11.0,4.0
2019-05-04,Hertha,VfB Stuttgart,1636.33,1575.69,2.0,3.0,2.0,4.0
2019-05-04,MGladbach,TSG Hoffenheim,1694.59,1752.23,3.0,6.0,4.0,12.0
2019-05-04,Werder Bremen,Borussia Dortmund,1698.04,1814.68,3.0,6.0,7.0,9.0
2019-05-04,VfL Wolfsburg,Nurnberg,1707.68,1517.0,4.0,2.0,7.0,6.0
2019-05-05,SC Freiburg,Fortuna Dusseldorf,1605.08,1601.32,0.0,3.0,1.0,9.0
2019-05-05,Bayer Leverkusen,Eintracht Frankfurt,1736.19,1783.92,9.0,2.0,9.0,8.0
2019-05-05,Schalke 04,FC Augsburg,1649.71,1611.09,4.0,6.0,7.0,6.0
2019-05-11,FC Augsburg,Hertha,1611.09,1636.33,4.0,5.0,7.0,5.0
2019-05-11,Borussia Dortmund,Fortuna Dusseldorf,1814.68,1601.32,4.0,4.0,7.0,7.0
2019-05-11,Hannover,SC Freiburg,1519.94,1605.08,4.0,1.0,4.0,1.0
2019-05-11,TSG Hoffenheim,Werder Bremen,1752.23,1698.04,4.0,1.0,10.0,5.0
2019-05-11,Bayer Leverkusen,Schalke 04,1736.19,1649.71,9.0,4.0,12.0,5.0
2019-05-11,Nurnberg,MGladbach,1517.0,1694.59,1.0,1.0,3.0,5.0
2019-05-11,RB Leipzig,Bayern Munich,1792.38,1942.12,7.0,7.0,13.0,13.0
2019-05-11,VfB Stuttgart,VfL Wolfsburg,1575.69,1707.68,3.0,7.0,4.0,10.0
2019-05-12,Eintracht Frankfurt,FSV Mainz 05,1783.92,1617.02,2.0,4.0,5.0,7.0
2019-05-18,Bayern Munich,Eintracht Frankfurt,1941.83,1754.33,5.0,1.0,11.0,2.0
2019-05-18,Fortuna Dusseldorf,Hannover,1602.11,1535.63,4.0,6.0,4.0,7.0
2019-05-18,SC Freiburg,Nurnberg,1589.61,1504.86,1.0,1.0,1.0,2.0
2019-05-18,Hertha,Bayer Leverkusen,1653.75,1750.41,7.0,7.0,8.0,13.0
2019-05-18,FSV Mainz 05,TSG Hoffenheim,1640.17,1743.08,4.0,1.0,7.0,7.0
2019-05-18,MGladbach,Borussia Dortmund,1705.84,1816.87,4.0,4.0,7.0,10.0
2019-05-18,Schalke 04,VfB Stuttgart,1652.85,1587.65,5.0,6.0,6.0,6.0
2019-05-18,Werder Bremen,RB Leipzig,1711.82,1793.32,4.0,5.0,7.0,11.0
2019-05-18,VfL Wolfsburg,FC Augsburg,1695.18,1606.63,6.0,1.0,7.0,7.0
2019-08-16,Bayern Munich,Hertha,1947.87,1640.55,7.0,6.0,11.0,8.0
2019-08-17,Borussia Dortmund,FC Augsburg,1826.48,1594.92,7.0,1.0,10.0,4.0
2019-08-17,SC Freiburg,FSV Mainz 05,1599.53,1653.58,4.0,7.0,4.0,10.0
2019-08-17,Bayer Leverkusen,Paderborn,1764.54,1502.54,7.0,3.0,13.0,9.0
2019-08-17,Werder Bremen,Fortuna Dusseldorf,1720.96,1607.65,7.0,4.0,7.0,7.0
2019-08-17,VfL Wolfsburg,1. FC Koln,1707.82,1571.9,6.0,4.0,10.0,4.0
2019-08-17,MGladbach,Schalke 04,1697.17,1650.02,4.0,3.0,4.0,6.0
2019-08-18,Eintracht Frankfurt,TSG Hoffenheim,1750.56,1730.6,0.0,1.0,2.0,4.0
2019-08-18,Union Berlin,RB Leipzig,1541.01,1785.12,4.0,2.0,8.0,8.0
2019-08-23,1. FC Koln,Borussia Dortmund,1571.9,1826.48,1.0,9.0,4.0,10.0
2019-08-24,FC Augsburg,Union Berlin,1594.92,1541.01,0.0,4.0,1.0,7.0
2019-08-24,Fortuna Dusseldorf,Bayer Leverkusen,1607.65,1764.54,6.0,7.0,10.0,13.0
2019-08-24,TSG Hoffenheim,Werder Bremen,1730.6,1720.96,0.0,6.0,1.0,7.0
2019-08-24,FSV Mainz 05,MGladbach,1653.58,1697.17,6.0,4.0,7.0,5.0
2019-08-24,Paderborn,SC Freiburg,1502.54,1599.53,3.0,6.0,6.0,7.0
2019-08-24,Schalke 04,Bayern Munich,1650.02,1947.87,3.0,5.0,7.0,9.0
2019-08-25,RB Leipzig,Eintracht Frankfurt,1785.12,1750.56,4.0,3.0,8.0,4.0
2019-08-25,Hertha,VfL Wolfsburg,1640.55,1707.82,4.0,6.0,8.0,12.0
2019-08-30,MGladbach,RB Leipzig,1697.17,1785.12,4.0,6.0,8.0,8.0
2019-08-31,Bayern Munich,FSV Mainz 05,1947.87,1653.58,7.0,3.0,11.0,7.0
2019-08-31,SC Freiburg,1. FC Koln,1599.53,1571.9,9.0,1.0,10.0,4.0
2019-08-31,Bayer Leverkusen,TSG Hoffenheim,1764.54,1730.6,9.0,3.0,13.0,4.0
2019-08-31,Schalke 04,Hertha,1650.02,1640.55,2.0,1.0,4.0,7.0
2019-08-31,VfL Wolfsburg,Paderborn,1707.82,1502.54,9.0,0.0,12.0,3.0
2019-08-31,Union Berlin,Borussia Dortmund,1541.01,1826.48,2.0,9.0,5.0,13.0
2019-09-01,Werder Bremen,FC Augsburg,1699.92,1589.33,3.0,1.0,7.0,2.0
2019-09-01,Eintracht Frankfurt,Fortuna Dusseldorf,1758.02,1618.63,3.0,6.0,3.0,7.0
2019-09-13,Fortuna Dusseldorf,VfL Wolfsburg,1618.63,1719.71,3.0,7.0,6.0,10.0
2019-09-14,FC Augsburg,Eintracht Frankfurt,1589.33,1758.02,1.0,6.0,1.0,6.0
2019-09-14,Borussia Dortmund,Bayer Leverkusen,1817.74,1773.42,6.0,7.0,12.0,11.0
2019-09-14,1. FC Koln,MGladbach,1576.44,1697.68,3.0,4.0,4.0,7.0
2019-09-14,FSV Mainz 05,Hertha,1627.19,1625.79,0.0,1.0,6.0,4.0
2019-09-14,Union Berlin,Werder Bremen,1558.18,1699.92,4.0,3.0,8.0,9.0
2019-09-14,RB Leipzig,Bayern Munich,1809.72,1950.15,9.0,7.0,10.0,11.0
2019-09-15,TSG Hoffenheim,SC Freiburg,1735.02,1613.6,4.0,6.0,4.0,9.0
2019-09-15,Paderborn,Schalke 04,1500.19,1660.75,1.0,4.0,4.0,6.0
2019-09-20,Schalke 04,FSV Mainz 05,1660.75,1633.74,6.0,3.0,8.0,6.0
2019-09-21,Bayern Munich,1. FC Koln,1947.75,1570.23,7.0,3.0,11.0,4.0
2019-09-21,SC Freiburg,FC Augsburg,1613.6,1596.36,6.0,4.0,12.0,4.0
2019-09-21,Hertha,Paderborn,1619.24,1500.19,0.0,1.0,1.0,1.0
2019-09-21,Bayer Leverkusen,Union Berlin,1762.76,1552.61,4.0,4.0,10.0,5.0
2019-09-21,Werder Bremen,RB Leipzig,1709.58,1812.11,6.0,7.0,9.0,10.0
2019-09-22,MGladbach,Fortuna Dusseldorf,1703.89,1616.45,6.0,1.0,7.0,7.0
2019-09-22,Eintracht Frankfurt,Borussia Dortmund,1750.54,1828.41,3.0,6.0,6.0,12.0
2019-09-23,VfL Wolfsburg,TSG Hoffenheim,1718.27,1735.02,5.0,4.0,11.0,4.0
2019-09-27,Union Berlin,Eintracht Frankfurt,1552.61,1750.54,3.0,4.0,4.0,7.0
2019-09-28,FC Augsburg,Bayer Leverkusen,1596.36,1762.76,4.0,4.0,5.0,10.0
2019-09-28,TSG Hoffenheim,MGladbach,1735.02,1703.89,2.0,6.0,5.0,10.0
2019-09-28,FSV Mainz 05,VfL Wolfsburg,1633.74,1718.27,3.0,3.0,3.0,9.0
2019-09-28,Paderborn,Bayern Munich,1500.19,1947.75,1.0,7.0,1.0,11.0
2019-09-28,RB Leipzig,Schalke 04,1812.11,1660.75,7.0,9.0,13.0,10.0
2019-09-28,Borussia Dortmund,Werder Bremen,1828.41,1709.58,4.0,6.0,10.0,6.0
2019-09-29,Fortuna Dusseldorf,SC Freiburg,1616.45,1613.6,1.0,4.0,4.0,10.0
2019-09-29,1. FC Koln,Hertha,1570.23,1619.24,3.0,3.0,3.0,4.0
2019-10-04,Hertha,Fortuna Dusseldorf,1625.52,1589.9,6.0,1.0,6.0,1.0
2019-10-05,Bayern Munich,TSG Hoffenheim,1940.52,1684.99,7.0,1.0,13.0,5.0
2019-10-05,SC Freiburg,Borussia Dortmund,1627.96,1811.96,7.0,5.0,10.0,8.0
2019-10-05,Bayer Leverkusen,RB Leipzig,1749.73,1802.02,6.0,4.0,10.0,10.0
2019-10-05,Paderborn,FSV Mainz 05,1472.17,1608.24,0.0,3.0,1.0,3.0
2019-10-05,Schalke 04,1. FC Koln,1682.82,1540.34,9.0,0.0,12.0,3.0
2019-10-06,MGladbach,FC Augsburg,1685.45,1577.1,9.0,4.0,12.0,5.0
2019-10-06,VfL Wolfsburg,Union Berlin,1713.07,1531.48,5.0,0.0,9.0,4.0
2019-10-06,Eintracht Frankfurt,Werder Bremen,1731.4,1690.51,4.0,4.0,7.0,7.0
2019-10-18,Eintracht Frankfurt,Bayer Leverkusen,1736.41,1746.15,5.0,7.0,8.0,8.0
2019-10-19,FC Augsburg,Bayern Munich,1570.88,1947.2,1.0,6.0,4.0,10.0
2019-10-19,Fortuna Dusseldorf,FSV Mainz 05,1584.21,1616.3,0.0,3.0,1.0,6.0
2019-10-19,RB Leipzig,VfL Wolfsburg,1787.05,1717.97,4.0,7.0,8.0,9.0
2019-10-19,Union Berlin,SC Freiburg,1530.94,1634.4,0.0,5.0,3.0,8.0
2019-10-19,Werder Bremen,Hertha,1695.59,1636.22,2.0,9.0,8.0,9.0
2019-10-19,Borussia Dortmund,MGladbach,1819.41,1694.99,3.0,9.0,6.0,12.0
2019-10-20,1. FC Koln,Paderborn,1547.83,1469.11,1.0,0.0,4.0,1.0
2019-10-20,TSG Hoffenheim,Schalke 04,1702.36,1680.32,4.0,7.0,5.0,13.0
2019-10-25,FSV Mainz 05,1. FC Koln,1616.3,1547.83,3.0,4.0,6.0,4.0
2019-10-26,Bayern Munich,Union Berlin,1947.2,1530.94,4.0,3.0,8.0,3.0
2019-10-26,SC Freiburg,RB Leipzig,1634.4,1787.05,4.0,2.0,8.0,6.0
2019-10-26,Hertha,TSG Hoffenheim,1636.22,1702.36,7.0,6.0,10.0,7.0
2019-10-26,Paderborn,Fortuna Dusseldorf,1469.11,1584.21,0.0,3.0,0.0,4.0
2019-10-26,Schalke 04,Borussia Dortmund,1680.32,1819.41,4.0,5.0,10.0,9.0
2019-10-26,Bayer Leverkusen,Werder Bremen,1746.15,1695.59,4.0,3.0,7.0,6.0
2019-10-27,VfL Wolfsburg,FC Augsburg,1717.97,1570.88,7.0,1.0,9.0,5.0
2019-10-27,MGladbach,Eintracht Frankfurt,1694.99,1736.41,6.0,7.0,12.0,8.0
2019-11-01,TSG Hoffenheim,Paderborn,1717.94,1474.61,9.0,3.0,10.0,3.0
2019-11-02,Borussia Dortmund,VfL Wolfsburg,1809.28,1714.44,5.0,5.0,7.0,9.0
2019-11-02,Eintracht Frankfurt,Bayern Munich,1739.74,1944.49,4.0,4.0,8.0,10.0
2019-11-02,Bayer Leverkusen,MGladbach,1727.86,1705.63,2.0,6.0,8.0,12.0
2019-11-02,RB Leipzig,FSV Mainz 05,1776.71,1616.04,2.0,6.0,5.0,6.0
2019-11-02,Werder Bremen,SC Freiburg,1694.76,1631.68,3.0,4.0,4.0,8.0
2019-11-02,Union Berlin,Hertha,1543.14,1631.59,3.0,4.0,3.0,10.0
2019-11-03,Fortuna Dusseldorf,1. FC Koln,1577.28,1548.13,3.0,4.0,3.0,4.0
2019-11-03,FC Augsburg,Schalke 04,1582.98,1673.84,2.0,2.0,3.0,8.0
2019-11-08,1. FC Koln,TSG Hoffenheim,1548.13,1717.94,3.0,9.0,4.0,12.0
2019-11-09,Hertha,RB Leipzig,1631.59,1776.71,1.0,4.0,7.0,5.0
2019-11-09,FSV Mainz 05,Union Berlin,1616.04,1543.14,3.0,6.0,6.0,6.0
2019-11-09,Paderborn,FC Augsburg,1474.61,1582.98,3.0,2.0,3.0,2.0
2019-11-09,Schalke 04,Fortuna Dusseldorf,1673.84,1577.28,4.0,6.0,8.0,6.0
2019-11-09,Bayern Munich,Borussia Dortmund,1944.49,1809.28,4.0,7.0,7.0,9.0
2019-11-10,MGladbach,Werder Bremen,1705.63,1694.76,6.0,3.0,12.0,5.0
2019-11-10,VfL Wolfsburg,Bayer Leverkusen,1714.44,1727.86,2.0,1.0,8.0,5.0
2019-11-10,SC Freiburg,Eintracht Frankfurt,1631.68,1739.74,4.0,6.0,8.0,10.0
2019-11-22,Borussia Dortmund,Paderborn,1816.38,1467.01,4.0,3.0,8.0,3.0
2019-11-23,Eintracht Frankfurt,VfL Wolfsburg,1745.46,1679.57,3.0,1.0,7.0,5.0
2019-11-23,Fortuna Dusseldorf,Bayern Munich,1591.95,1934.68,4.0,6.0,7.0,7.0
2019-11-23,Bayer Leverkusen,SC Freiburg,1742.56,1646.84,4.0,7.0,5.0,8.0
2019-11-23,Union Berlin,MGladbach,1565.48,1732.71,6.0,9.0,9.0,12.0
2019-11-23,Werder Bremen,Schalke 04,1685.97,1679.26,2.0,5.0,4.0,6.0
2019-11-23,RB Leipzig,1. FC Koln,1805.88,1537.8,6.0,0.0,8.0,4.0
2019-11-24,FC Augsburg,Hertha,1584.94,1617.98,4.0,0.0,5.0,4.0
2019-11-24,TSG Hoffenheim,FSV Mainz 05,1728.56,1598.36,9.0,3.0,15.0,6.0
2019-11-29,Schalke 04,Union Berlin,1679.26,1565.48,7.0,9.0,8.0,12.0
2019-11-30,1. FC Koln,FC Augsburg,1537.8,1584.94,0.0,6.0,3.0,8.0
2019-11-30,Hertha,Borussia Dortmund,1617.98,1816.38,0.0,4.0,1.0,8.0
2019-11-30,TSG Hoffenheim,Fortuna Dusseldorf,1728.56,1591.95,6.0,4.0,12.0,7.0
2019-11-30,Paderborn,RB Leipzig,1467.01,1805.88,1.0,9.0,4.0,10.0
2019-11-30,Bayern Munich,Bayer Leverkusen,1934.68,1742.56,6.0,4.0,10.0,5.0
2019-12-01,MGladbach,SC Freiburg,1733.92,1661.99,6.0,5.0,9.0,8.0
2019-12-01,VfL Wolfsburg,Werder Bremen,1711.28,1687.46,3.0,1.0,5.0,3.0
2019-12-02,FSV Mainz 05,Eintracht Frankfurt,1634.14,1753.05,3.0,3.0,6.0,6.0
2019-12-06,Eintracht Frankfurt,Hertha,1753.05,1610.03,0.0,0.0,3.0,0.0
2019-12-07,FC Augsburg,FSV Mainz 05,1610.26,1634.14,7.0,6.0,8.0,9.0
2019-12-07,Borussia Dortmund,Fortuna Dusseldorf,1819.46,1603.35,4.0,2.0,8.0,5.0
2019-12-07,SC Freiburg,VfL Wolfsburg,1661.99,1711.28,4.0,3.0,8.0,4.0
2019-12-07,MGladbach,Bayern Munich,1733.92,1944.5,6.0,6.0,12.0,9.0
2019-12-07,RB Leipzig,TSG Hoffenheim,1819.01,1710.19,9.0,4.0,12.0,10.0
2019-12-07,Bayer Leverkusen,Schalke 04,1772.43,1704.04,7.0,7.0,8.0,11.0
2019-12-08,Union Berlin,1. FC Koln,1587.53,1546.04,6.0,1.0,9.0,1.0
2019-12-08,Werder Bremen,Paderborn,1687.46,1484.0,3.0,1.0,5.0,4.0
2019-12-13,TSG Hoffenheim,FC Augsburg,1710.19,1610.26,1.0,7.0,7.0,10.0
2019-12-14,Bayern Munich,Werder Bremen,1944.5,1687.46,3.0,3.0,6.0,4.0
2019-12-14,1. FC Koln,Bayer Leverkusen,1546.04,1772.43,1.0,7.0,1.0,10.0
2019-12-14,Hertha,SC Freiburg,1610.03,1661.99,1.0,4.0,1.0,8.0
2019-12-14,FSV Mainz 05,Borussia Dortmund,1634.14,1819.46,6.0,7.0,6.0,10.0
2019-12-14,Paderborn,Union Berlin,1484.0,1587.53,4.0,6.0,4.0,12.0
2019-12-14,Fortuna Dusseldorf,RB Leipzig,1603.35,1819.01,1.0,9.0,5.0,15.0
2019-12-15,VfL Wolfsburg,MGladbach,1689.43,1730.11,3.0,6.0,3.0,12.0
2019-12-15,Schalke 04,Eintracht Frankfurt,1690.52,1715.84,6.0,1.0,10.0,4.0
2019-12-17,Werder Bremen,FSV Mainz 05,1670.9,1618.83,3.0,3.0,3.0,6.0
2019-12-17,FC Augsburg,Fortuna Dusseldorf,1625.16,1582.82,7.0,1.0,13.0,2.0
2019-12-17,Borussia Dortmund,RB Leipzig,1828.52,1821.58,9.0,9.0,10.0,15.0
2019-12-17,Union Berlin,TSG Hoffenheim,1585.66,1679.9,4.0,1.0,10.0,4.0
2019-12-18,Bayer Leverkusen,Hertha,1742.37,1614.3,6.0,4.0,10.0,4.0
2019-12-18,Eintracht Frankfurt,1. FC Koln,1715.84,1546.62,1.0,4.0,1.0,4.0
2019-12-18,SC Freiburg,Bayern Munich,1646.6,1934.63,3.0,3.0,7.0,9.0
2019-12-18,MGladbach,Paderborn,1730.11,1490.61,6.0,4.0,9.0,5.0
2019-12-18,VfL Wolfsburg,Schalke 04,1689.43,1690.52,3.0,6.0,6.0,10.0
2019-12-20,TSG Hoffenheim,Borussia Dortmund,1679.9,1828.52,3.0,7.0,4.0,11.0
2019-12-21,Bayern Munich,VfL Wolfsburg,1934.63,1689.43,6.0,4.0,9.0,7.0
2019-12-21,1. FC Koln,Werder Bremen,1546.62,1670.9,6.0,0.0,7.0,3.0
2019-12-21,FSV Mainz 05,Bayer Leverkusen,1618.83,1742.37,3.0,3.0,9.0,7.0
2019-12-21,RB Leipzig,FC Augsburg,1821.58,1625.16,7.0,9.0,13.0,13.0
2019-12-21,Schalke 04,SC Freiburg,1690.52,1646.6,4.0,3.0,10.0,4.0
2019-12-21,Hertha,MGladbach,1614.3,1730.11,7.0,6.0,7.0,9.0
2019-12-22,Fortuna Dusseldorf,Union Berlin,1582.82,1585.66,0.0,4.0,1.0,7.0
2019-12-22,Paderborn,Eintracht Frankfurt,1490.61,1715.84,4.0,1.0,5.0,1.0
2020-01-17,Schalke 04,MGladbach,1696.18,1724.25,5.0,4.0,8.0,10.0
2020-01-18,FC Augsburg,Borussia Dortmund,1630.67,1816.71,6.0,4.0,10.0,10.0
2020-01-18,1. FC Koln,VfL Wolfsburg,1573.56,1692.55,9.0,4.0,10.0,4.0
2020-01-18,Fortuna Dusseldorf,Werder Bremen,1580.12,1638.37,3.0,0.0,4.0,3.0
2020-01-18,TSG Hoffenheim,Eintracht Frankfurt,1699.74,1678.72,6.0,0.0,7.0,1.0
2020-01-18,FSV Mainz 05,SC Freiburg,1635.79,1645.67,3.0,1.0,6.0,4.0
2020-01-18,RB Leipzig,Union Berlin,1827.23,1569.16,7.0,1.0,13.0,4.0
2020-01-19,Hertha,Bayern Munich,1627.97,1941.56,7.0,9.0,8.0,9.0
2020-01-19,Paderborn,Bayer Leverkusen,1499.15,1737.0,4.0,3.0,7.0,9.0
2020-01-24,Borussia Dortmund,1. FC Koln,1816.71,1573.56,4.0,9.0,10.0,12.0
2020-01-25,Eintracht Frankfurt,RB Leipzig,1678.72,1827.23,3.0,7.0,4.0,13.0
2020-01-25,SC Freiburg,Paderborn,1645.67,1499.15,4.0,3.0,7.0,7.0
2020-01-25,MGladbach,FSV Mainz 05,1724.25,1635.79,4.0,3.0,7.0,3.0
2020-01-25,Union Berlin,FC Augsburg,1569.16,1630.67,0.0,3.0,4.0,9.0
2020-01-25,VfL Wolfsburg,Hertha,1692.55,1627.97,1.0,4.0,4.0,8.0
2020-01-25,Bayern Munich,Schalke 04,1941.56,1696.18,9.0,5.0,12.0,8.0
2020-01-26,Werder Bremen,TSG Hoffenheim,1638.37,1699.74,3.0,6.0,3.0,6.0
2020-01-26,Bayer Leverkusen,Fortuna Dusseldorf,1737.0,1580.12,6.0,3.0,9.0,3.0
2020-01-31,Hertha,Schalke 04,1627.97,1696.18,4.0,4.0,10.0,8.0
2020-02-01,FC Augsburg,Werder Bremen,1612.74,1632.11,0.0,3.0,6.0,3.0
2020-02-01,Borussia Dortmund,Union Berlin,1827.4,1577.83,6.0,3.0,10.0,4.0
2020-02-01,Fortuna Dusseldorf,Eintracht Frankfurt,1567.23,1702.96,3.0,6.0,3.0,6.0
2020-02-01,TSG Hoffenheim,Bayer Leverkusen,1703.82,1748.51,6.0,9.0,9.0,9.0
2020-02-01,FSV Mainz 05,Bayern Munich,1620.18,1951.21,0.0,9.0,3.0,15.0
2020-02-01,RB Leipzig,MGladbach,1815.59,1720.46,6.0,4.0,10.0,7.0
2020-02-02,1. FC Koln,SC Freiburg,1582.94,1636.49,6.0,4.0,12.0,4.0
2020-02-02,Paderborn,VfL Wolfsburg,1511.14,1668.09,6.0,0.0,7.0,4.0
2020-02-07,Eintracht Frankfurt,FC Augsburg,1702.96,1612.74,7.0,3.0,7.0,6.0
2020-02-08,SC Freiburg,TSG Hoffenheim,1636.49,1703.82,3.0,6.0,4.0,12.0
2020-02-08,Hertha,FSV Mainz 05,1634.14,1620.18,4.0,0.0,8.0,3.0
2020-02-08,Schalke 04,Paderborn,1701.54,1511.14,4.0,3.0,6.0,6.0
2020-02-08,Werder Bremen,Union Berlin,1632.11,1577.83,3.0,3.0,3.0,3.0
2020-02-08,VfL Wolfsburg,Fortuna Dusseldorf,1668.09,1567.23,3.0,1.0,4.0,4.0
2020-02-08,Bayer Leverkusen,Borussia Dortmund,1748.51,1827.4,6.0,9.0,9.0,10.0
2020-02-09,Bayern Munich,RB Leipzig,1951.21,1815.59,9.0,4.0,15.0,8.0
2020-02-14,Borussia Dortmund,Eintracht Frankfurt,1827.4,1702.96,6.0,7.0,9.0,10.0
2020-02-15,FC Augsburg,SC Freiburg,1609.31,1629.55,3.0,3.0,3.0,7.0
2020-02-15,TSG Hoffenheim,VfL Wolfsburg,1702.55,1671.35,6.0,4.0,9.0,4.0
2020-02-15,Paderborn,Hertha,1509.74,1620.06,4.0,4.0,7.0,5.0
2020-02-15,RB Leipzig,Werder Bremen,1816.62,1609.96,2.0,0.0,8.0,3.0
2020-02-15,Union Berlin,Bayer Leverkusen,1588.88,1749.76,6.0,6.0,6.0,12.0
2020-02-15,Fortuna Dusseldorf,MGladbach,1573.83,1724.63,2.0,4.0,5.0,8.0
2020-02-16,1. FC Koln,Bayern Munich,1598.63,1949.23,6.0,7.0,12.0,13.0
2020-02-16,FSV Mainz 05,Schalke 04,1631.05,1695.25,3.0,2.0,3.0,6.0
2020-02-21,Bayern Munich,Paderborn,1949.23,1509.74,7.0,1.0,13.0,4.0
2020-02-22,SC Freiburg,Fortuna Dusseldorf,1629.55,1573.83,4.0,2.0,7.0,2.0
2020-02-22,Hertha,1. FC Koln,1620.06,1598.63,4.0,3.0,7.0,9.0
2020-02-22,MGladbach,TSG Hoffenheim,1724.63,1702.55,7.0,3.0,8.0,6.0
2020-02-22,Werder Bremen,Borussia Dortmund,1609.96,1830.87,0.0,6.0,3.0,12.0
2020-02-22,Schalke 04,RB Leipzig,1695.25,1816.62,3.0,5.0,6.0,8.0
2020-02-23,Bayer Leverkusen,FC Augsburg,1749.76,1609.31,6.0,4.0,12.0,4.0
2020-02-23,VfL Wolfsburg,FSV Mainz 05,1671.35,1631.05,7.0,4.0,7.0,4.0
2020-02-24,Eintracht Frankfurt,Union Berlin,1703.12,1588.88,4.0,3.0,10.0,6.0
2020-02-28,Fortuna Dusseldorf,Hertha,1573.83,1620.06,4.0,3.0,5.0,7.0
2020-02-29,FC Augsburg,MGladbach,1609.31,1724.63,1.0,5.0,4.0,8.0
2020-02-29,Borussia Dortmund,SC Freiburg,1830.87,1629.55,6.0,4.0,12.0,4.0
2020-02-29,TSG Hoffenheim,Bayern Munich,1702.55,1949.23,1.0,7.0,7.0,13.0
2020-02-29,FSV Mainz 05,Paderborn,1631.05,1509.74,4.0,1.0,4.0,4.0
2020-02-29,1. FC Koln,Schalke 04,1598.63,1695.25,6.0,2.0,9.0,3.0
2020-03-01,Union Berlin,VfL Wolfsburg,1622.43,1732.29,6.0,7.0,9.0,10.0
2020-03-01,RB Leipzig,Bayer Leverkusen,1869.31,1807.64,7.0,9.0,8.0,12.0
2020-03-06,Paderborn,1. FC Koln,1523.17,1658.99,0.0,6.0,1.0,9.0
2020-03-07,SC Freiburg,Union Berlin,1639.0,1622.43,1.0,4.0,4.0,7.0
2020-03-07,Hertha,Werder Bremen,1630.96,1626.9,4.0,0.0,5.0,0.0
2020-03-07,Bayer Leverkusen,Eintracht Frankfurt,1807.64,1738.9,7.0,3.0,10.0,7.0
2020-03-07,Schalke 04,TSG Hoffenheim,1693.47,1714.27,1.0,1.0,3.0,4.0
2020-03-07,VfL Wolfsburg,RB Leipzig,1732.29,1869.31,7.0,7.0,11.0,9.0
2020-03-07,MGladbach,Borussia Dortmund,1763.59,1869.21,7.0,9.0,11.0,12.0
2020-03-08,Bayern Munich,FC Augsburg,1995.95,1624.13,9.0,1.0,13.0,4.0
2020-03-08,FSV Mainz 05,Fortuna Dusseldorf,1652.47,1605.67,4.0,4.0,7.0,6.0
2020-03-11,MGladbach,1. FC Koln,1763.59,1658.99,4.0,9.0,8.0,12.0
2020-05-16,FC Augsburg,VfL Wolfsburg,1613.63,1715.34,0.0,5.0,1.0,9.0
2020-05-16,Borussia Dortmund,Schalke 04,1853.26,1683.61,9.0,1.0,12.0,3.0
2020-05-16,Fortuna Dusseldorf,Paderborn,1599.21,1508.49,5.0,0.0,6.0,1.0
2020-05-16,TSG Hoffenheim,Hertha,1705.88,1620.39,2.0,2.0,2.0,5.0
2020-05-16,RB Leipzig,SC Freiburg,1866.29,1639.08,5.0,3.0,9.0,7.0
2020-05-16,Eintracht Frankfurt,MGladbach,1697.55,1752.6,0.0,6.0,4.0,10.0
2020-05-17,1. FC Koln,FSV Mainz 05,1650.91,1640.68,6.0,4.0,9.0,8.0
2020-05-17,Union Berlin,Bayern Munich,1605.86,1988.2,4.0,9.0,7.0,13.0
2020-05-18,Werder Bremen,Bayer Leverkusen,1619.22,1816.16,1.0,7.0,1.0,13.0
2020-05-22,Hertha,Union Berlin,1620.39,1605.86,5.0,1.0,8.0,4.0
2020-05-23,SC Freiburg,Werder Bremen,1639.08,1619.22,4.0,1.0,5.0,1.0
2020-05-23,MGladbach,Bayer Leverkusen,1752.6,1816.16,6.0,7.0,10.0,13.0
2020-05-23,Paderborn,TSG Hoffenheim,1508.49,1705.88,1.0,1.0,1.0,2.0
2020-05-23,VfL Wolfsburg,Borussia Dortmund,1715.34,1853.26,5.0,9.0,11.0,15.0
2020-05-23,Bayern Munich,Eintracht Frankfurt,1988.2,1697.55,9.0,0.0,15.0,3.0
2020-05-24,Schalke 04,FC Augsburg,1683.61,1613.63,1.0,0.0,2.0,1.0
2020-05-24,FSV Mainz 05,RB Leipzig,1640.68,1866.29,5.0,3.0,6.0,9.0
2020-05-24,1. FC Koln,Fortuna Dusseldorf,1650.91,1599.21,4.0,3.0,10.0,6.0
2020-05-26,Borussia Dortmund,Bayern Munich,1853.26,1988.2,9.0,9.0,15.0,15.0
2020-05-26,Eintracht Frankfurt,SC Freiburg,1697.55,1639.08,0.0,4.0,0.0,4.0
2020-05-26,Bayer Leverkusen,VfL Wolfsburg,1816.16,1715.34,9.0,4.0,13.0,8.0
2020-05-26,Werder Bremen,MGladbach,1619.22,1752.6,4.0,6.0,4.0,9.0
2020-05-27,RB Leipzig,Hertha,1866.29,1620.39,5.0,7.0,9.0,8.0
2020-05-27,FC Augsburg,Paderborn,1613.63,1508.49,3.0,2.0,3.0,2.0
2020-05-27,Fortuna Dusseldorf,Schalke 04,1599.21,1683.61,3.0,1.0,7.0,1.0
2020-05-27,TSG Hoffenheim,1. FC Koln,1705.88,1650.91,2.0,2.0,3.0,8.0
2020-05-27,Union Berlin,FSV Mainz 05,1605.86,1640.68,0.0,2.0,4.0,5.0
2020-05-29,SC Freiburg,Bayer Leverkusen,1639.08,1816.16,2.0,6.0,5.0,10.0
2020-05-30,Hertha,FC Augsburg,1620.39,1613.63,7.0,4.0,9.0,4.0
2020-05-30,FSV Mainz 05,TSG Hoffenheim,1640.68,1705.88,2.0,4.0,6.0,5.0
2020-05-30,Schalke 04,Werder Bremen,1683.61,1619.22,0.0,4.0,1.0,5.0
2020-05-30,VfL Wolfsburg,Eintracht Frankfurt,1715.34,1697.55,6.0,1.0,8.0,1.0
2020-05-30,Bayern Munich,Fortuna Dusseldorf,1988.2,1599.21,9.0,5.0,15.0,7.0
2020-05-31,MGladbach,Union Berlin,1752.6,1605.86,4.0,1.0,7.0,2.0
2020-05-31,Paderborn,Borussia Dortmund,1508.49,1853.26,3.0,6.0,3.0,12.0
2020-06-01,1. FC Koln,RB Leipzig,1638.23,1862.16,2.0,5.0,5.0,7.0
2020-06-03,Werder Bremen,Eintracht Frankfurt,1634.0,1691.86,7.0,4.0,8.0,4.0
2020-06-05,SC Freiburg,MGladbach,1633.56,1756.52,1.0,4.0,5.0,10.0
2020-06-06,Eintracht Frankfurt,FSV Mainz 05,1691.86,1626.23,7.0,1.0,7.0,3.0
2020-06-06,Fortuna Dusseldorf,TSG Hoffenheim,1604.69,1698.55,4.0,7.0,6.0,8.0
2020-06-06,Bayer Leverkusen,Bayern Munich,1817.99,2000.82,6.0,9.0,12.0,15.0
2020-06-06,RB Leipzig,Paderborn,1862.16,1515.57,7.0,2.0,9.0,3.0
2020-06-06,Borussia Dortmund,Hertha,1866.03,1666.02,6.0,7.0,12.0,11.0
2020-06-07,Werder Bremen,VfL Wolfsburg,1634.0,1724.5,4.0,3.0,7.0,7.0
2020-06-07,Union Berlin,Schalke 04,1585.89,1640.12,1.0,0.0,1.0,1.0
2020-06-07,FC Augsburg,1. FC Koln,1613.64,1638.23,4.0,1.0,4.0,2.0
2020-06-12,TSG Hoffenheim,RB Leipzig,1698.55,1862.16,7.0,5.0,8.0,9.0
2020-06-13,1. FC Koln,Union Berlin,1638.23,1585.89,1.0,2.0,3.0,2.0
2020-06-13,Fortuna Dusseldorf,Borussia Dortmund,1604.69,1866.03,4.0,6.0,6.0,12.0
2020-06-13,Hertha,Eintracht Frankfurt,1666.02,1691.86,4.0,6.0,10.0,7.0
2020-06-13,Paderborn,Werder Bremen,1515.57,1634.0,2.0,3.0,4.0,7.0
2020-06-13,VfL Wolfsburg,SC Freiburg,1724.5,1633.56,6.0,4.0,9.0,5.0
2020-06-13,Bayern Munich,MGladbach,2000.82,1756.52,9.0,4.0,15.0,7.0
2020-06-14,FSV Mainz 05,FC Augsburg,1626.23,1613.64,4.0,2.0,5.0,5.0
2020-06-14,Schalke 04,Bayer Leverkusen,1640.12,1817.99,1.0,3.0,1.0,9.0
2020-06-16,MGladbach,VfL Wolfsburg,1744.36,1727.43,3.0,4.0,4.0,7.0
2020-06-16,SC Freiburg,Hertha,1647.2,1648.94,4.0,3.0,5.0,7.0
2020-06-16,Union Berlin,Paderborn,1596.43,1510.42,4.0,1.0,5.0,3.0
2020-06-16,Werder Bremen,Bayern Munich,1628.04,2009.1,3.0,9.0,7.0,15.0
2020-06-17,Eintracht Frankfurt,Schalke 04,1703.65,1643.47,6.0,2.0,10.0,2.0
2020-06-17,FC Augsburg,TSG Hoffenheim,1622.54,1690.27,4.0,4.0,8.0,8.0
2020-06-17,Borussia Dortmund,FSV Mainz 05,1871.69,1632.13,9.0,3.0,12.0,4.0
2020-06-17,Bayer Leverkusen,1. FC Koln,1807.95,1623.54,4.0,1.0,7.0,2.0
2020-06-17,RB Leipzig,Fortuna Dusseldorf,1865.98,1603.22,7.0,1.0,11.0,5.0
2020-06-20,Bayern Munich,SC Freiburg,2009.1,1647.2,9.0,7.0,15.0,8.0
2020-06-20,1. FC Koln,Eintracht Frankfurt,1623.54,1703.65,1.0,6.0,1.0,12.0
2020-06-20,Fortuna Dusseldorf,FC Augsburg,1603.22,1622.54,2.0,4.0,5.0,5.0
2020-06-20,Hertha,Bayer Leverkusen,1648.94,1807.95,0.0,4.0,4.0,7.0
2020-06-20,TSG Hoffenheim,Union Berlin,1690.27,1596.43,4.0,7.0,10.0,8.0
2020-06-20,FSV Mainz 05,Werder Bremen,1632.13,1628.04,6.0,3.0,7.0,6.0
2020-06-20,Paderborn,MGladbach,1510.42,1744.36,1.0,3.0,2.0,7.0
2020-06-20,RB Leipzig,Borussia Dortmund,1865.98,1871.69,5.0,6.0,9.0,9.0
2020-06-20,Schalke 04,VfL Wolfsburg,1643.47,1727.43,2.0,4.0,2.0,7.0
2020-06-27,FC Augsburg,RB Leipzig,1622.54,1865.98,4.0,4.0,5.0,8.0
2020-06-27,Borussia Dortmund,TSG Hoffenheim,1871.69,1690.27,6.0,6.0,12.0,10.0
2020-06-27,Eintracht Frankfurt,Paderborn,1703.65,1510.42,7.0,0.0,10.0,1.0
2020-06-27,SC Freiburg,Schalke 04,1647.2,1643.47,4.0,1.0,7.0,2.0
2020-06-27,Bayer Leverkusen,FSV Mainz 05,1807.95,1632.13,4.0,6.0,7.0,9.0
2020-06-27,MGladbach,Hertha,1744.36,1648.94,6.0,3.0,9.0,6.0
2020-06-27,Union Berlin,Fortuna Dusseldorf,1596.43,1603.22,6.0,2.0,7.0,3.0
2020-06-27,Werder Bremen,1. FC Koln,1628.04,1623.54,3.0,1.0,3.0,2.0
2020-06-27,VfL Wolfsburg,Bayern Munich,1727.43,2009.1,4.0,9.0,7.0,15.0
2020-09-18,Bayern Munich,Schalke 04,2044.85,1613.71,9.0,0.0,15.0,2.0
2020-09-19,Eintracht Frankfurt,Bielefeld,1705.24,1600.31,7.0,7.0,10.0,11.0
2020-09-19,1. FC Koln,TSG Hoffenheim,1606.16,1735.55,1.0,9.0,2.0,10.0
2020-09-19,VfB Stuttgart,SC Freiburg,1571.67,1666.21,6.0,6.0,7.0,10.0
2020-09-19,Union Berlin,FC Augsburg,1605.82,1610.94,6.0,1.0,10.0,5.0
2020-09-19,Werder Bremen,Hertha,1638.29,1654.16,3.0,3.0,6.0,3.0
2020-09-19,Borussia Dortmund,MGladbach,1840.03,1765.77,3.0,9.0,9.0,9.0
2020-09-20,RB Leipzig,FSV Mainz 05,1849.34,1658.16,4.0,6.0,8.0,9.0
2020-09-20,VfL Wolfsburg,Bayer Leverkusen,1713.19,1794.74,3.0,6.0,7.0,7.0
2020-09-25,Hertha,Eintracht Frankfurt,1654.16,1705.24,6.0,5.0,6.0,11.0
2020-09-26,FC Augsburg,Borussia Dortmund,1610.94,1840.03,4.0,6.0,7.0,9.0
2020-09-26,Bielefeld,1. FC Koln,1600.31,1606.16,5.0,1.0,11.0,1.0
2020-09-26,Bayer Leverkusen,RB Leipzig,1794.74,1849.34,4.0,6.0,8.0,10.0
2020-09-26,FSV Mainz 05,VfB Stuttgart,1658.16,1571.67,3.0,3.0,6.0,6.0
2020-09-26,MGladbach,Union Berlin,1765.77,1605.82,6.0,3.0,9.0,9.0
2020-09-26,Schalke 04,Werder Bremen,1613.71,1638.29,0.0,3.0,1.0,6.0
2020-09-27,TSG Hoffenheim,Bayern Munich,1735.55,2044.85,9.0,9.0,12.0,15.0
2020-09-27,SC Freiburg,VfL Wolfsburg,1666.21,1713.19,6.0,4.0,10.0,5.0
2020-10-02,Union Berlin,FSV Mainz 05,1600.69,1636.86,4.0,0.0,7.0,6.0
2020-10-03,Borussia Dortmund,SC Freiburg,1833.35,1675.09,3.0,7.0,6.0,10.0
2020-10-03,Eintracht Frankfurt,TSG Hoffenheim,1714.69,1767.0,7.0,9.0,11.0,15.0
2020-10-03,1. FC Koln,MGladbach,1595.94,1753.59,0.0,4.0,1.0,10.0
2020-10-03,VfB Stuttgart,Bayer Leverkusen,1586.2,1796.17,3.0,5.0,9.0,8.0
2020-10-03,Werder Bremen,Bielefeld,1637.75,1613.03,6.0,7.0,6.0,11.0
2020-10-03,RB Leipzig,Schalke 04,1854.92,1601.46,7.0,0.0,8.0,0.0
2020-10-04,VfL Wolfsburg,FC Augsburg,1721.85,1642.96,2.0,6.0,5.0,7.0
2020-10-04,Bayern Munich,Hertha,2024.97,1659.49,6.0,3.0,12.0,6.0
2020-10-17,FC Augsburg,RB Leipzig,1642.75,1855.87,7.0,7.0,8.0,10.0
2020-10-17,SC Freiburg,Werder Bremen,1664.83,1640.77,4.0,6.0,7.0,9.0
2020-10-17,Hertha,VfB Stuttgart,1655.11,1587.44,3.0,4.0,6.0,7.0
2020-10-17,TSG Hoffenheim,Borussia Dortmund,1755.53,1836.98,6.0,6.0,12.0,9.0
2020-10-17,FSV Mainz 05,Bayer Leverkusen,1617.45,1788.31,0.0,3.0,3.0,6.0
2020-10-17,Bielefeld,Bayern Munich,1603.38,2022.72,4.0,6.0,8.0,12.0
2020-10-17,MGladbach,VfL Wolfsburg,1757.16,1705.96,4.0,3.0,10.0,6.0
2020-10-18,1. FC Koln,Eintracht Frankfurt,1585.75,1719.53,0.0,7.0,1.0,11.0
2020-10-18,Schalke 04,Union Berlin,1593.88,1613.47,0.0,4.0,0.0,7.0
2020-10-23,VfB Stuttgart,1. FC Koln,1587.44,1585.75,7.0,1.0,7.0,1.0
2020-10-24,Bayern Munich,Eintracht Frankfurt,2022.72,1719.53,6.0,7.0,12.0,11.0
2020-10-24,FSV Mainz 05,MGladbach,1617.45,1757.16,0.0,5.0,0.0,8.0
2020-10-24,RB Leipzig,Hertha,1855.87,1655.11,7.0,0.0,13.0,3.0
2020-10-24,Union Berlin,SC Freiburg,1613.47,1664.83,5.0,2.0,8.0,8.0
2020-10-24,Borussia Dortmund,Schalke 04,1836.98,1593.88,6.0,1.0,9.0,1.0
2020-10-25,VfL Wolfsburg,Bielefeld,1705.96,1603.38,3.0,3.0,4.0,7.0
2020-10-25,Werder Bremen,TSG Hoffenheim,1640.77,1755.53,7.0,3.0,10.0,9.0
2020-10-26,Bayer Leverkusen,FC Augsburg,1788.31,1642.75,5.0,4.0,9.0,7.0
2020-10-30,Schalke 04,VfB Stuttgart,1593.88,1587.44,1.0,5.0,1.0,8.0
2020-10-31,FC Augsburg,FSV Mainz 05,1642.75,1617.45,1.0,0.0,7.0,0.0
2020-10-31,Bielefeld,Borussia Dortmund,1603.38,1836.98,0.0,9.0,4.0,12.0
2020-10-31,Eintracht Frankfurt,Werder Bremen,1719.53,1640.77,4.0,5.0,8.0,8.0
2020-10-31,1. FC Koln,Bayern Munich,1585.75,2022.72,2.0,9.0,2.0,12.0
2020-10-31,MGladbach,RB Leipzig,1757.16,1855.87,7.0,9.0,8.0,13.0
2020-11-01,SC Freiburg,Bayer Leverkusen,1663.0,1792.74,2.0,7.0,6.0,9.0
2020-11-01,Hertha,VfL Wolfsburg,1637.72,1713.33,0.0,5.0,3.0,7.0
2020-11-02,TSG Hoffenheim,Union Berlin,1759.61,1614.52,1.0,5.0,7.0,6.0
2020-11-06,Werder Bremen,1. FC Koln,1648.02,1589.21,3.0,2.0,9.0,2.0
2020-11-07,FC Augsburg,Hertha,1641.51,1637.72,3.0,1.0,7.0,1.0
2020-11-07,FSV Mainz 05,Schalke 04,1598.93,1588.67,0.0,2.0,0.0,2.0
2020-11-07,RB Leipzig,SC Freiburg,1841.79,1663.0,6.0,2.0,10.0,3.0
2020-11-07,VfB Stuttgart,Eintracht Frankfurt,1602.22,1710.83,5.0,2.0,9.0,8.0
2020-11-07,Union Berlin,Bielefeld,1614.52,1592.14,5.0,0.0,9.0,3.0
2020-11-07,Borussia Dortmund,Bayern Munich,1843.93,2037.99,9.0,9.0,12.0,12.0
2020-11-08,VfL Wolfsburg,TSG Hoffenheim,1713.33,1759.61,5.0,1.0,7.0,4.0
2020-11-08,Bayer Leverkusen,MGladbach,1792.74,1775.87,9.0,7.0,11.0,11.0
2020-11-21,Bayern Munich,Werder Bremen,2066.39,1662.69,9.0,3.0,15.0,7.0
2020-11-21,Bielefeld,Bayer Leverkusen,1596.68,1827.76,0.0,9.0,0.0,13.0
2020-11-21,TSG Hoffenheim,VfB Stuttgart,1754.48,1621.6,1.0,3.0,1.0,7.0
2020-11-21,MGladbach,FC Augsburg,1810.12,1643.18,6.0,3.0,10.0,4.0
2020-11-21,Schalke 04,VfL Wolfsburg,1607.78,1737.76,2.0,7.0,3.0,9.0
2020-11-21,Eintracht Frankfurt,RB Leipzig,1726.55,1871.94,2.0,6.0,6.0,12.0
2020-11-21,Hertha,Borussia Dortmund,1672.01,1865.64,4.0,6.0,4.0,12.0
2020-11-22,SC Freiburg,FSV Mainz 05,1667.52,1614.92,1.0,1.0,2.0,1.0
2020-11-22,1. FC Koln,Union Berlin,1609.64,1662.94,2.0,7.0,3.0,11.0
2020-11-27,VfL Wolfsburg,Werder Bremen,1737.76,1662.69,7.0,3.0,11.0,5.0
2020-11-28,FC Augsburg,SC Freiburg,1643.18,1667.52,4.0,0.0,4.0,2.0
2020-11-28,Borussia Dortmund,1. FC Koln,1865.64,1609.64,6.0,1.0,12.0,3.0
2020-11-28,RB Leipzig,Bielefeld,1871.94,1596.68,4.0,0.0,10.0,0.0
2020-11-28,VfB Stuttgart,Bayern Munich,1621.6,2066.39,3.0,7.0,7.0,13.0
2020-11-28,Union Berlin,Eintracht Frankfurt,1662.94,1726.55,9.0,3.0,11.0,4.0
2020-11-28,MGladbach,Schalke 04,1810.12,1607.78,4.0,2.0,8.0,3.0
2020-11-29,Bayer Leverkusen,Hertha,1827.76,1672.01,9.0,4.0,15.0,4.0
2020-11-29,FSV Mainz 05,TSG Hoffenheim,1614.92,1754.48,4.0,1.0,4.0,2.0
2020-12-04,Hertha,Union Berlin,1674.76,1675.78,4.0,7.0,5.0,11.0
2020-12-05,Bielefeld,FSV Mainz 05,1595.98,1636.81,0.0,5.0,0.0,5.0
2020-12-05,Eintracht Frankfurt,Borussia Dortmund,1733.64,1866.96,3.0,3.0,4.0,9.0
2020-12-05,1. FC Koln,VfL Wolfsburg,1621.84,1758.13,4.0,9.0,5.0,13.0
2020-12-05,SC Freiburg,MGladbach,1658.64,1823.7,1.0,4.0,2.0,10.0
2020-12-05,Bayern Munich,RB Leipzig,2066.01,1869.82,7.0,7.0,13.0,10.0
2020-12-06,Werder Bremen,VfB Stuttgart,1668.57,1629.49,2.0,2.0,4.0,4.0
2020-12-06,Schalke 04,Bayer Leverkusen,1599.91,1832.1,1.0,7.0,2.0,13.0
2020-12-07,TSG Hoffenheim,FC Augsburg,1755.71,1652.39,2.0,2.0,3.0,5.0
2020-12-11,VfL Wolfsburg,Eintracht Frankfurt,1758.13,1733.64,7.0,3.0,11.0,5.0
2020-12-12,Borussia Dortmund,VfB Stuttgart,1866.96,1629.49,4.0,4.0,7.0,6.0
2020-12-12,SC Freiburg,Bielefeld,1658.64,1595.98,2.0,3.0,2.0,3.0
2020-12-12,FSV Mainz 05,1. FC Koln,1636.81,1621.84,4.0,4.0,5.0,5.0
2020-12-12,MGladbach,Hertha,1823.7,1674.76,5.0,4.0,8.0,8.0
2020-12-12,RB Leipzig,Werder Bremen,1869.82,1668.57,5.0,1.0,8.0,3.0
2020-12-12,Union Berlin,Bayern Munich,1675.78,2066.01,4.0,5.0,10.0,11.0
2020-12-13,FC Augsburg,Schalke 04,1652.39,1599.91,2.0,0.0,5.0,2.0
2020-12-13,Bayer Leverkusen,TSG Hoffenheim,1832.1,1755.71,7.0,5.0,13.0,5.0
2020-12-15,Eintracht Frankfurt,MGladbach,1730.43,1800.79,2.0,5.0,4.0,6.0
2020-12-15,Hertha,FSV Mainz 05,1689.67,1620.73,5.0,1.0,8.0,5.0
2020-12-15,VfB Stuttgart,Union Berlin,1668.22,1674.37,6.0,2.0,8.0,8.0
2020-12-15,Werder Bremen,Borussia Dortmund,1655.96,1836.79,0.0,1.0,2.0,4.0
2020-12-16,Schalke 04,SC Freiburg,1597.18,1670.69,1.0,5.0,2.0,5.0
2020-12-16,Bayern Munich,VfL Wolfsburg,2051.12,1762.75,5.0,7.0,9.0,13.0
2020-12-16,Bielefeld,FC Augsburg,1596.89,1644.28,3.0,2.0,3.0,3.0
2020-12-16,1. FC Koln,Bayer Leverkusen,1634.18,1857.93,7.0,7.0,8.0,13.0
2020-12-16,TSG Hoffenheim,RB Leipzig,1756.45,1888.95,4.0,7.0,5.0,11.0
2020-12-18,Union Berlin,Borussia Dortmund,1674.37,1836.79,2.0,4.0,6.0,7.0
2020-12-19,FC Augsburg,Eintracht Frankfurt,1644.28,1730.43,4.0,2.0,6.0,4.0
2020-12-19,FSV Mainz 05,Werder Bremen,1620.73,1655.96,1.0,0.0,5.0,1.0
2020-12-19,MGladbach,TSG Hoffenheim,1800.79,1756.45,3.0,3.0,7.0,5.0
2020-12-19,RB Leipzig,1. FC Koln,1888.95,1634.18,7.0,4.0,11.0,7.0
2020-12-19,Schalke 04,Bielefeld,1597.18,1596.89,1.0,3.0,1.0,3.0
2020-12-19,Bayer Leverkusen,Bayern Munich,1857.93,2051.12,9.0,5.0,13.0,9.0
2020-12-20,SC Freiburg,Hertha,1670.69,1689.67,7.0,5.0,8.0,6.0
2020-12-20,VfL Wolfsburg,VfB Stuttgart,1762.75,1668.22,4.0,7.0,10.0,8.0
2021-01-02,Bielefeld,MGladbach,1598.17,1789.73,3.0,2.0,6.0,6.0
2021-01-02,Eintracht Frankfurt,Bayer Leverkusen,1741.05,1860.71,4.0,6.0,6.0,10.0
2021-01-02,1. FC Koln,FC Augsburg,1634.32,1642.27,4.0,4.0,8.0,5.0
2021-01-02,TSG Hoffenheim,SC Freiburg,1761.14,1693.3,3.0,9.0,7.0,11.0
2021-01-02,Werder Bremen,Union Berlin,1659.72,1686.47,3.0,5.0,3.0,6.0
2021-01-02,Hertha,Schalke 04,1674.07,1578.56,2.0,1.0,6.0,1.0
2021-01-02,VfB Stuttgart,RB Leipzig,1662.49,1887.24,4.0,7.0,7.0,11.0
2021-01-03,Borussia Dortmund,VfL Wolfsburg,1829.75,1765.95,3.0,6.0,4.0,10.0
2021-01-03,Bayern Munich,FSV Mainz 05,2056.98,1615.48,7.0,1.0,11.0,2.0
2021-01-08,MGladbach,Bayern Munich,1789.73,2056.98,4.0,9.0,6.0,11.0
2021-01-09,SC Freiburg,1. FC Koln,1693.3,1634.32,9.0,1.0,13.0,5.0
2021-01-09,Bayer Leverkusen,Werder Bremen,1860.71,1659.72,3.0,3.0,9.0,3.0
2021-01-09,FSV Mainz 05,Eintracht Frankfurt,1615.48,1741.05,1.0,7.0,1.0,8.0
2021-01-09,Schalke 04,TSG Hoffenheim,1578.56,1761.14,0.0,3.0,1.0,6.0
2021-01-09,Union Berlin,VfL Wolfsburg,1686.47,1765.95,7.0,3.0,8.0,7.0
2021-01-09,RB Leipzig,Borussia Dortmund,1887.24,1829.75,7.0,6.0,11.0,7.0
2021-01-10,FC Augsburg,VfB Stuttgart,1642.27,1662.49,6.0,1.0,7.0,7.0
2021-01-10,Bielefeld,Hertha,1598.17,1674.07,3.0,4.0,6.0,8.0
2021-01-15,Union Berlin,Bayer Leverkusen,1698.55,1844.69,7.0,1.0,9.0,7.0
2021-01-16,Borussia Dortmund,FSV Mainz 05,1852.13,1606.76,6.0,0.0,9.0,1.0
2021-01-16,1. FC Koln,Hertha,1614.52,1673.28,1.0,3.0,4.0,5.0
2021-01-16,TSG Hoffenheim,Bielefeld,1723.34,1603.52,3.0,6.0,3.0,6.0
2021-01-16,Werder Bremen,FC Augsburg,1654.32,1635.85,4.0,3.0,4.0,7.0
2021-01-16,VfL Wolfsburg,RB Leipzig,1757.17,1876.31,4.0,4.0,7.0,10.0
2021-01-16,VfB Stuttgart,MGladbach,1673.84,1807.28,3.0,6.0,7.0,8.0
2021-01-17,Bayern Munich,SC Freiburg,2044.8,1719.41,6.0,9.0,10.0,15.0
2021-01-17,Eintracht Frankfurt,Schalke 04,1758.62,1593.01,9.0,3.0,10.0,4.0
2021-01-19,MGladbach,Werder Bremen,1807.28,1654.32,7.0,4.0,8.0,7.0
2021-01-19,Hertha,TSG Hoffenheim,1673.28,1723.34,4.0,1.0,5.0,4.0
2021-01-19,Bayer Leverkusen,Borussia Dortmund,1844.69,1852.13,1.0,7.0,4.0,10.0
2021-01-19,FSV Mainz 05,VfL Wolfsburg,1606.76,1757.17,1.0,2.0,2.0,5.0
2021-01-20,Schalke 04,1. FC Koln,1593.01,1614.52,3.0,1.0,3.0,2.0
2021-01-20,FC Augsburg,Bayern Munich,1635.85,2044.8,3.0,6.0,6.0,12.0
2021-01-20,Bielefeld,VfB Stuttgart,1603.52,1673.84,4.0,4.0,7.0,5.0
2021-01-20,SC Freiburg,Eintracht Frankfurt,1719.41,1758.62,6.0,9.0,12.0,13.0
2021-01-20,RB Leipzig,Union Berlin,1876.31,1698.55,4.0,7.0,8.0,11.0
2021-01-22,MGladbach,Borussia Dortmund,1807.28,1852.13,7.0,4.0,10.0,7.0
2021-01-23,FC Augsburg,Union Berlin,1635.85,1698.55,0.0,4.0,3.0,10.0
2021-01-23,Bielefeld,Eintracht Frankfurt,1603.52,1758.62,7.0,7.0,10.0,13.0
2021-01-23,SC Freiburg,VfB Stuttgart,1719.41,1673.84,4.0,4.0,10.0,4.0
2021-01-23,Bayer Leverkusen,VfL Wolfsburg,1844.69,1757.17,4.0,5.0,4.0,8.0
2021-01-23,FSV Mainz 05,RB Leipzig,1606.76,1876.31,1.0,4.0,1.0,8.0
2021-01-23,Hertha,Werder Bremen,1673.28,1654.32,1.0,4.0,4.0,7.0
2021-01-24,Schalke 04,Bayern Munich,1593.01,2044.8,3.0,6.0,3.0,12.0
2021-01-24,TSG Hoffenheim,1. FC Koln,1723.34,1614.52,4.0,4.0,7.0,5.0
2021-01-29,VfB Stuttgart,FSV Mainz 05,1673.84,1606.76,1.0,4.0,4.0,4.0
2021-01-30,Bayern Munich,TSG Hoffenheim,2044.8,1723.34,9.0,7.0,12.0,7.0
2021-01-30,Borussia Dortmund,FC Augsburg,1852.13,1635.85,1.0,3.0,7.0,6.0
2021-01-30,Eintracht Frankfurt,Hertha,1758.62,1673.28,7.0,1.0,13.0,4.0
2021-01-30,Union Berlin,MGladbach,1698.55,1807.28,3.0,7.0,7.0,13.0
2021-01-30,Werder Bremen,Schalke 04,1654.32,1593.01,6.0,0.0,7.0,3.0
2021-01-30,RB Leipzig,Bayer Leverkusen,1876.31,1844.69,4.0,3.0,7.0,4.0
2021-01-31,1. FC Koln,Bielefeld,1614.52,1603.52,4.0,4.0,4.0,7.0
2021-01-31,VfL Wolfsburg,SC Freiburg,1757.17,1719.41,7.0,4.0,8.0,10.0
2021-02-05,Hertha,Bayern Munich,1638.5,2051.82,0.0,9.0,1.0,12.0
2021-02-06,FC Augsburg,VfL Wolfsburg,1630.36,1787.45,3.0,9.0,3.0,11.0
2021-02-06,SC Freiburg,Borussia Dortmund,1714.1,1831.23,4.0,3.0,7.0,7.0
2021-02-06,Bayer Leverkusen,VfB Stuttgart,1824.18,1664.2,3.0,3.0,4.0,7.0
2021-02-06,FSV Mainz 05,Union Berlin,1611.12,1699.15,3.0,1.0,4.0,5.0
2021-02-06,Schalke 04,RB Leipzig,1581.81,1869.77,1.0,6.0,4.0,7.0
2021-02-06,MGladbach,1. FC Koln,1817.05,1625.39,7.0,6.0,11.0,7.0
2021-02-07,TSG Hoffenheim,Eintracht Frankfurt,1737.35,1779.56,6.0,7.0,7.0,13.0
2021-02-12,RB Leipzig,FC Augsburg,1869.77,1630.36,6.0,3.0,10.0,3.0
2021-02-13,Borussia Dortmund,TSG Hoffenheim,1831.23,1737.35,3.0,3.0,4.0,7.0
2021-02-13,Bayer Leverkusen,FSV Mainz 05,1824.18,1611.12,3.0,6.0,6.0,7.0
2021-02-13,VfB Stuttgart,Hertha,1664.2,1638.5,3.0,0.0,4.0,1.0
2021-02-13,Werder Bremen,SC Freiburg,1671.44,1714.1,4.0,6.0,8.0,7.0
2021-02-13,Union Berlin,Schalke 04,1699.15,1581.81,1.0,1.0,4.0,1.0
2021-02-14,Eintracht Frankfurt,1. FC Koln,1779.56,1625.39,9.0,6.0,13.0,10.0
2021-02-14,VfL Wolfsburg,MGladbach,1787.45,1817.05,9.0,4.0,13.0,8.0
2021-02-15,Bayern Munich,Bielefeld,2053.09,1602.89,9.0,3.0,15.0,7.0
2021-02-19,Bielefeld,VfL Wolfsburg,1602.89,1793.8,1.0,7.0,5.0,13.0
2021-02-20,Eintracht Frankfurt,Bayern Munich,1795.46,2053.09,9.0,7.0,13.0,13.0
2021-02-20,1. FC Koln,VfB Stuttgart,1633.47,1656.63,6.0,4.0,9.0,4.0
2021-02-20,SC Freiburg,Union Berlin,1723.59,1685.78,4.0,2.0,8.0,2.0
2021-02-20,MGladbach,FSV Mainz 05,1804.65,1626.54,2.0,4.0,8.0,7.0
2021-02-20,Schalke 04,Borussia Dortmund,1581.17,1817.68,2.0,4.0,2.0,4.0
2021-02-21,FC Augsburg,Bayer Leverkusen,1621.05,1824.0,0.0,4.0,3.0,7.0
2021-02-21,Hertha,RB Leipzig,1638.89,1876.66,1.0,9.0,1.0,12.0
2021-02-21,TSG Hoffenheim,Werder Bremen,1730.16,1671.89,1.0,5.0,7.0,8.0
2021-02-26,Werder Bremen,Eintracht Frankfurt,1671.89,1795.46,2.0,9.0,5.0,15.0
2021-02-27,Bayern Munich,1. FC Koln,2053.09,1633.47,4.0,3.0,10.0,6.0
2021-02-27,Borussia Dortmund,Bielefeld,1817.68,1602.89,4.0,1.0,7.0,4.0
2021-02-27,VfB Stuttgart,Schalke 04,1656.63,1581.17,4.0,1.0,7.0,2.0
2021-02-27,VfL Wolfsburg,Hertha,1793.8,1638.89,7.0,1.0,13.0,1.0
2021-02-27,RB Leipzig,MGladbach,1876.66,1804.65,9.0,1.0,12.0,5.0
2021-02-28,Union Berlin,TSG Hoffenheim,1685.78,1730.16,4.0,4.0,5.0,7.0
2021-02-28,FSV Mainz 05,FC Augsburg,1626.54,1621.05,7.0,1.0,10.0,4.0
2021-02-28,Bayer Leverkusen,SC Freiburg,1824.0,1723.59,5.0,4.0,5.0,7.0
2021-03-05,Schalke 04,FSV Mainz 05,1545.65,1610.85,1.0,4.0,2.0,7.0
2021-03-06,Eintracht Frankfurt,VfB Stuttgart,1778.33,1655.34,6.0,7.0,12.0,10.0
2021-03-06,SC Freiburg,RB Leipzig,1705.15,1857.11,4.0,9.0,7.0,15.0
2021-03-06,Hertha,FC Augsburg,1608.59,1615.6,1.0,4.0,1.0,4.0
2021-03-06,TSG Hoffenheim,VfL Wolfsburg,1694.97,1787.13,5.0,7.0,5.0,13.0
2021-03-06,MGladbach,Bayer Leverkusen,1763.79,1760.14,1.0,2.0,2.0,5.0
2021-03-06,Bayern Munich,Borussia Dortmund,2016.97,1819.57,4.0,7.0,10.0,10.0
2021-03-07,1. FC Koln,Werder Bremen,1604.28,1652.28,0.0,4.0,6.0,8.0
2021-03-07,Bielefeld,Union Berlin,1580.47,1675.81,1.0,5.0,1.0,6.0
2021-03-10,Bielefeld,Werder Bremen,1580.47,1652.28,1.0,4.0,2.0,6.0
2021-03-12,FC Augsburg,MGladbach,1615.6,1763.79,4.0,0.0,4.0,1.0
2021-03-13,FSV Mainz 05,SC Freiburg,1610.85,1705.15,4.0,3.0,8.0,7.0
2021-03-13,Union Berlin,1. FC Koln,1675.81,1604.28,5.0,1.0,6.0,4.0
2021-03-13,Werder Bremen,Bayern Munich,1652.28,2016.97,7.0,6.0,8.0,10.0
2021-03-13,VfL Wolfsburg,Schalke 04,1787.13,1545.65,6.0,1.0,10.0,2.0
2021-03-13,Borussia Dortmund,Hertha,1819.57,1608.59,6.0,3.0,7.0,4.0
2021-03-14,Bayer Leverkusen,Bielefeld,1760.14,1580.47,4.0,1.0,8.0,2.0
2021-03-14,RB Leipzig,Eintracht Frankfurt,1857.11,1778.33,9.0,4.0,15.0,10.0
2021-03-14,VfB Stuttgart,TSG Hoffenheim,1655.34,1694.97,7.0,7.0,8.0,8.0
2021-03-19,Bielefeld,RB Leipzig,1583.3,1852.9,4.0,7.0,4.0,13.0
2021-03-20,Bayern Munich,VfB Stuttgart,2021.33,1669.02,9.0,7.0,10.0,11.0
2021-03-20,Eintracht Frankfurt,Union Berlin,1775.46,1677.53,2.0,5.0,8.0,9.0
2021-03-20,1. FC Koln,Borussia Dortmund,1597.23,1819.22,1.0,6.0,1.0,10.0
2021-03-20,Werder Bremen,VfL Wolfsburg,1657.91,1781.24,4.0,6.0,7.0,10.0
2021-03-20,Schalke 04,MGladbach,1538.89,1737.57,1.0,0.0,2.0,1.0
2021-03-21,TSG Hoffenheim,FSV Mainz 05,1691.03,1617.47,4.0,4.0,8.0,8.0
2021-03-21,Hertha,Bayer Leverkusen,1609.85,1753.6,3.0,3.0,4.0,5.0
2021-03-21,SC Freiburg,FC Augsburg,1684.93,1621.66,3.0,6.0,4.0,7.0
2021-04-03,FC Augsburg,TSG Hoffenheim,1613.86,1680.01,3.0,3.0,7.0,7.0
2021-04-03,Borussia Dortmund,Eintracht Frankfurt,1814.26,1783.41,4.0,5.0,10.0,8.0
2021-04-03,Bayer Leverkusen,Schalke 04,1735.13,1531.48,3.0,1.0,4.0,1.0
2021-04-03,FSV Mainz 05,Bielefeld,1628.2,1580.15,7.0,3.0,10.0,4.0
2021-04-03,VfL Wolfsburg,1. FC Koln,1786.93,1601.89,6.0,2.0,12.0,2.0
2021-04-03,RB Leipzig,Bayern Munich,1855.74,2023.55,7.0,9.0,13.0,12.0
2021-04-03,MGladbach,SC Freiburg,1744.19,1692.43,3.0,3.0,3.0,6.0
2021-04-04,VfB Stuttgart,Werder Bremen,1666.53,1651.92,4.0,3.0,10.0,7.0
2021-04-04,Union Berlin,Hertha,1669.27,1628.02,4.0,6.0,8.0,6.0
2021-04-09,Bielefeld,SC Freiburg,1580.15,1692.43,4.0,3.0,5.0,6.0
2021-04-10,Bayern Munich,Union Berlin,2023.55,1669.27,9.0,4.0,15.0,6.0
2021-04-10,Eintracht Frankfurt,VfL Wolfsburg,1783.41,1786.93,7.0,9.0,8.0,12.0
2021-04-10,Hertha,MGladbach,1628.02,1744.19,4.0,6.0,7.0,6.0
2021-04-10,Werder Bremen,RB Leipzig,1651.92,1855.74,0.0,4.0,4.0,10.0
2021-04-10,VfB Stuttgart,Borussia Dortmund,1666.53,1814.26,6.0,4.0,10.0,7.0
2021-04-11,Schalke 04,FC Augsburg,1531.48,1613.86,0.0,6.0,1.0,9.0
2021-04-11,1. FC Koln,FSV Mainz 05,1601.89,1628.2,1.0,7.0,2.0,8.0
2021-04-12,TSG Hoffenheim,Bayer Leverkusen,1680.01,1735.13,0.0,3.0,4.0,6.0
2021-04-16,RB Leipzig,TSG Hoffenheim,1852.72,1666.8,6.0,1.0,10.0,4.0
2021-04-17,FC Augsburg,Bielefeld,1607.62,1586.92,3.0,4.0,6.0,7.0
2021-04-17,SC Freiburg,Schalke 04,1671.68,1532.78,3.0,3.0,3.0,4.0
2021-04-17,MGladbach,Eintracht Frankfurt,1742.2,1794.55,7.0,9.0,7.0,11.0
2021-04-17,Union Berlin,VfB Stuttgart,1669.66,1662.21,2.0,3.0,6.0,7.0
2021-04-17,VfL Wolfsburg,Bayern Munich,1777.75,2002.22,6.0,7.0,9.0,13.0
2021-04-17,Bayer Leverkusen,1. FC Koln,1731.65,1585.04,4.0,1.0,7.0,2.0
2021-04-18,Borussia Dortmund,Werder Bremen,1800.98,1632.8,4.0,0.0,7.0,3.0
2021-04-20,1. FC Koln,RB Leipzig,1585.04,1852.72,0.0,4.0,1.0,8.0
2021-04-20,Bayern Munich,Bayer Leverkusen,2002.22,1731.65,7.0,7.0,13.0,7.0
2021-04-20,Bielefeld,Schalke 04,1586.92,1532.78,5.0,3.0,8.0,3.0
2021-04-20,Eintracht Frankfurt,FC Augsburg,1794.55,1607.62,6.0,4.0,10.0,7.0
2021-04-21,Borussia Dortmund,Union Berlin,1800.98,1669.66,6.0,5.0,10.0,8.0
2021-04-21,TSG Hoffenheim,MGladbach,1666.8,1742.2,2.0,7.0,2.0,10.0
2021-04-21,VfB Stuttgart,VfL Wolfsburg,1662.21,1777.75,3.0,3.0,6.0,9.0
2021-04-21,Werder Bremen,FSV Mainz 05,1632.8,1628.68,0.0,7.0,0.0,11.0
2021-04-23,FC Augsburg,1. FC Koln,1607.62,1585.04,1.0,3.0,4.0,4.0
2021-04-24,SC Freiburg,TSG Hoffenheim,1671.68,1666.8,3.0,5.0,6.0,5.0
2021-04-24,FSV Mainz 05,Bayern Munich,1628.68,2002.22,7.0,7.0,13.0,13.0
2021-04-24,Union Berlin,Werder Bremen,1669.66,1632.8,4.0,0.0,5.0,0.0
2021-04-24,VfL Wolfsburg,Borussia Dortmund,1777.75,1800.98,3.0,9.0,9.0,10.0
2021-04-24,Bayer Leverkusen,Eintracht Frankfurt,1731.65,1794.55,4.0,6.0,7.0,12.0
2021-04-25,RB Leipzig,VfB Stuttgart,1852.72,1662.21,4.0,0.0,7.0,3.0
2021-04-25,MGladbach,Bielefeld,1742.2,1586.92,4.0,7.0,10.0,8.0
2021-05-03,FSV Mainz 05,Hertha,1652.92,1627.13,9.0,5.0,13.0,8.0
2021-05-06,Hertha,SC Freiburg,1627.13,1678.53,3.0,4.0,6.0,7.0
2021-05-07,VfB Stuttgart,FC Augsburg,1642.74,1592.06,0.0,1.0,3.0,4.0
2021-05-08,Borussia Dortmund,RB Leipzig,1823.85,1837.65,9.0,4.0,12.0,7.0
2021-05-08,TSG Hoffenheim,Schalke 04,1682.71,1519.36,5.0,3.0,6.0,3.0
2021-05-08,Werder Bremen,Bayer Leverkusen,1609.98,1746.84,0.0,6.0,0.0,10.0
2021-05-08,VfL Wolfsburg,Union Berlin,1770.91,1679.0,3.0,6.0,6.0,8.0
2021-05-08,Bayern Munich,MGladbach,1993.34,1757.5,6.0,6.0,10.0,10.0
2021-05-09,1. FC Koln,SC Freiburg,1601.64,1678.53,6.0,4.0,6.0,4.0
2021-05-09,Eintracht Frankfurt,FSV Mainz 05,1771.11,1652.92,3.0,7.0,9.0,11.0
2021-05-09,Hertha,Bielefeld,1627.13,1586.13,5.0,4.0,9.0,8.0
2021-05-12,Schalke 04,Hertha,1519.36,1627.13,0.0,5.0,3.0,7.0
2021-05-15,FC Augsburg,Werder Bremen,1586.53,1612.49,0.0,1.0,1.0,1.0
2021-05-15,Bielefeld,TSG Hoffenheim,1589.07,1687.34,4.0,7.0,8.0,9.0
2021-05-15,SC Freiburg,Bayern Munich,1677.45,1998.63,4.0,6.0,7.0,10.0
2021-05-15,Hertha,1. FC Koln,1646.28,1588.6,7.0,6.0,9.0,6.0
2021-05-15,Bayer Leverkusen,Union Berlin,1744.33,1670.9,4.0,3.0,8.0,7.0
2021-05-15,MGladbach,VfB Stuttgart,1752.21,1648.26,3.0,3.0,7.0,3.0
2021-05-15,Schalke 04,Eintracht Frankfurt,1508.78,1766.61,0.0,4.0,3.0,7.0
2021-05-16,FSV Mainz 05,Borussia Dortmund,1655.4,1830.88,5.0,9.0,11.0,15.0
2021-05-16,RB Leipzig,VfL Wolfsburg,1830.62,1779.01,3.0,6.0,7.0,6.0
2021-05-22,Bayern Munich,FC Augsburg,1998.63,1586.53,4.0,3.0,10.0,4.0
2021-05-22,Borussia Dortmund,Bayer Leverkusen,1830.88,1744.33,9.0,5.0,15.0,8.0
2021-05-22,Eintracht Frankfurt,SC Freiburg,1766.61,1677.45,1.0,4.0,4.0,8.0
2021-05-22,1. FC Koln,Schalke 04,1588.6,1508.78,4.0,3.0,7.0,3.0
2021-05-22,TSG Hoffenheim,Hertha,1687.34,1646.28,5.0,5.0,9.0,9.0
2021-05-22,VfB Stuttgart,Bielefeld,1648.26,1589.07,6.0,2.0,6.0,6.0
2021-05-22,Union Berlin,RB Leipzig,1670.9,1830.62,4.0,4.0,7.0,5.0
2021-05-22,Werder Bremen,MGladbach,1612.49,1752.21,1.0,3.0,1.0,6.0
2021-05-22,VfL Wolfsburg,FSV Mainz 05,1779.01,1655.4,4.0,2.0,7.0,8.0
2021-08-13,MGladbach,Bayern Munich,1748.46,1993.57,3.0,7.0,6.0,10.0
2021-08-14,FC Augsburg,TSG Hoffenheim,1595.59,1691.55,3.0,7.0,3.0,11.0
2021-08-14,Bielefeld,SC Freiburg,1606.24,1676.97,5.0,4.0,8.0,5.0
2021-08-14,VfB Stuttgart,Greuther Furth,1644.2,1555.51,6.0,7.0,6.0,10.0
2021-08-14,Union Berlin,Bayer Leverkusen,1685.0,1734.74,4.0,2.0,7.0,5.0
2021-08-14,VfL Wolfsburg,VfL Bochum,1769.32,1563.64,4.0,7.0,7.0,10.0
2021-08-14,Borussia Dortmund,Eintracht Frankfurt,1843.86,1760.57,9.0,4.0,15.0,7.0
2021-08-15,FSV Mainz 05,RB Leipzig,1661.16,1817.06,4.0,1.0,8.0,4.0
2021-08-15,1. FC Koln,Hertha,1596.57,1637.68,4.0,4.0,10.0,8.0
2021-08-20,RB Leipzig,VfB Stuttgart,1817.06,1653.51,1.0,6.0,4.0,9.0
2021-08-21,VfL Bochum,FSV Mainz 05,1561.02,1661.16,4.0,6.0,7.0,8.0
2021-08-21,Eintracht Frankfurt,FC Augsburg,1752.49,1582.18,3.0,3.0,4.0,3.0
2021-08-21,SC Freiburg,Borussia Dortmund,1676.26,1851.93,2.0,9.0,5.0,15.0
2021-08-21,Greuther Furth,Bielefeld,1546.2,1606.96,6.0,5.0,10.0,6.0
2021-08-21,Hertha,VfL Wolfsburg,1637.68,1771.95,1.0,4.0,5.0,7.0
2021-08-21,Bayer Leverkusen,MGladbach,1734.63,1753.66,2.0,4.0,6.0,7.0
2021-08-22,TSG Hoffenheim,Union Berlin,1704.97,1685.11,7.0,5.0,11.0,8.0
2021-08-22,Bayern Munich,1. FC Koln,1988.37,1596.57,5.0,7.0,8.0,10.0
2021-08-27,Borussia Dortmund,TSG Hoffenheim,1851.93,1704.97,6.0,7.0,12.0,11.0
2021-08-28,FC Augsburg,Bayer Leverkusen,1582.18,1734.63,1.0,4.0,4.0,6.0
2021-08-28,Bielefeld,Eintracht Frankfurt,1606.96,1752.49,5.0,4.0,7.0,5.0
2021-08-28,1. FC Koln,VfL Bochum,1596.57,1561.02,6.0,6.0,7.0,10.0
2021-08-28,FSV Mainz 05,Greuther Furth,1661.16,1546.2,6.0,4.0,7.0,8.0
2021-08-28,VfB Stuttgart,SC Freiburg,1653.51,1676.26,3.0,4.0,9.0,8.0
2021-08-28,Bayern Munich,Hertha,1988.37,1637.68,7.0,0.0,11.0,4.0
2021-08-29,Union Berlin,MGladbach,1685.11,1753.66,5.0,4.0,6.0,4.0
2021-08-29,VfL Wolfsburg,RB Leipzig,1771.95,1817.06,6.0,3.0,10.0,4.0
2021-09-11,SC Freiburg,1. FC Koln,1696.18,1613.18,7.0,6.0,8.0,10.0
2021-09-11,Greuther Furth,VfL Wolfsburg,1539.86,1785.54,1.0,9.0,7.0,10.0
2021-09-11,TSG Hoffenheim,FSV Mainz 05,1699.96,1666.32,4.0,6.0,8.0,9.0
2021-09-11,Bayer Leverkusen,Borussia Dortmund,1758.31,1844.78,7.0,6.0,8.0,12.0
2021-09-11,Union Berlin,FC Augsburg,1697.08,1579.3,5.0,1.0,9.0,4.0
2021-09-11,RB Leipzig,Bayern Munich,1805.98,1992.09,3.0,7.0,4.0,11.0
2021-09-12,Eintracht Frankfurt,VfB Stuttgart,1744.88,1638.95,2.0,3.0,5.0,6.0
2021-09-12,VfL Bochum,Hertha,1569.21,1619.2,3.0,0.0,7.0,1.0
2021-09-12,MGladbach,Bielefeld,1732.02,1609.67,1.0,3.0,4.0,7.0
2021-09-17,Hertha,Greuther Furth,1635.09,1539.47,3.0,1.0,3.0,4.0
2021-09-18,FC Augsburg,MGladbach,1588.48,1742.26,2.0,3.0,2.0,7.0
2021-09-18,Bayern Munich,VfL Bochum,2017.75,1562.56,9.0,3.0,13.0,6.0
2021-09-18,Bielefeld,TSG Hoffenheim,1608.66,1690.07,2.0,1.0,6.0,7.0
2021-09-18,FSV Mainz 05,SC Freiburg,1685.46,1697.06,6.0,7.0,12.0,8.0
2021-09-18,1. FC Koln,RB Leipzig,1621.53,1802.54,4.0,3.0,10.0,3.0
2021-09-19,VfB Stuttgart,Bayer Leverkusen,1647.79,1755.94,1.0,6.0,4.0,7.0
2021-09-19,Borussia Dortmund,Union Berlin,1856.39,1697.13,6.0,5.0,12.0,9.0
2021-09-19,VfL Wolfsburg,Eintracht Frankfurt,1795.23,1745.28,9.0,3.0,12.0,6.0
2021-09-24,Greuther Furth,Bayern Munich,1539.47,2017.75,0.0,9.0,1.0,13.0
2021-09-25,Eintracht Frankfurt,1. FC Koln,1745.28,1621.53,3.0,5.0,4.0,8.0
2021-09-25,TSG Hoffenheim,VfL Wolfsburg,1690.07,1795.23,1.0,7.0,5.0,13.0
2021-09-25,Bayer Leverkusen,FSV Mainz 05,1755.94,1685.46,6.0,7.0,10.0,10.0
2021-09-25,RB Leipzig,Hertha,1802.54,1635.09,1.0,6.0,4.0,6.0
2021-09-25,Union Berlin,Bielefeld,1697.13,1608.66,4.0,2.0,6.0,4.0
2021-09-25,MGladbach,Borussia Dortmund,1742.26,1856.39,3.0,9.0,4.0,12.0
2021-09-26,VfL Bochum,VfB Stuttgart,1562.56,1647.79,0.0,1.0,3.0,4.0
2021-09-26,SC Freiburg,FC Augsburg,1697.06,1588.48,5.0,4.0,9.0,5.0
2021-10-01,1. FC Koln,Greuther Furth,1627.47,1531.84,3.0,0.0,6.0,1.0
2021-10-02,Borussia Dortmund,FC Augsburg,1855.14,1589.29,6.0,4.0,9.0,5.0
2021-10-02,Hertha,SC Freiburg,1629.22,1704.03,6.0,5.0,6.0,11.0
2021-10-02,VfB Stuttgart,TSG Hoffenheim,1636.04,1700.41,2.0,4.0,2.0,5.0
2021-10-02,VfL Wolfsburg,MGladbach,1777.27,1739.55,4.0,6.0,10.0,6.0
2021-10-02,RB Leipzig,VfL Bochum,1787.7,1559.88,4.0,1.0,7.0,4.0
2021-10-03,FSV Mainz 05,Union Berlin,1677.54,1690.57,4.0,4.0,7.0,8.0
2021-10-03,Bayern Munich,Eintracht Frankfurt,2020.85,1740.18,9.0,3.0,15.0,5.0
2021-10-03,Bielefeld,Bayer Leverkusen,1602.4,1778.29,1.0,6.0,3.0,12.0
2021-10-15,TSG Hoffenheim,1. FC Koln,1688.84,1633.79,4.0,5.0,4.0,9.0
2021-10-16,Borussia Dortmund,FSV Mainz 05,1856.99,1668.52,6.0,1.0,12.0,7.0
2021-10-16,Eintracht Frankfurt,Hertha,1755.27,1621.83,5.0,3.0,7.0,6.0
2021-10-16,SC Freiburg,RB Leipzig,1711.41,1791.65,7.0,7.0,11.0,7.0
2021-10-16,Greuther Furth,VfL Bochum,1525.52,1555.93,0.0,1.0,0.0,1.0
2021-10-16,Union Berlin,VfL Wolfsburg,1699.59,1762.73,6.0,1.0,10.0,7.0
2021-10-16,MGladbach,VfB Stuttgart,1754.1,1647.61,6.0,4.0,9.0,5.0
2021-10-17,Bayer Leverkusen,Bayern Munich,1788.03,2005.76,9.0,6.0,12.0,12.0
2021-10-17,FC Augsburg,Bielefeld,1587.44,1592.66,3.0,1.0,4.0,2.0
2021-10-22,FSV Mainz 05,FC Augsburg,1668.52,1587.44,0.0,1.0,4.0,5.0
2021-10-23,Bayern Munich,TSG Hoffenheim,2005.76,1688.84,6.0,6.0,12.0,7.0
2021-10-23,Bielefeld,Borussia Dortmund,1592.66,1856.99,1.0,6.0,2.0,12.0
2021-10-23,RB Leipzig,Greuther Furth,1791.65,1525.52,7.0,0.0,8.0,0.0
2021-10-23,VfL Wolfsburg,SC Freiburg,1762.73,1711.41,0.0,7.0,4.0,9.0
2021-10-23,Hertha,MGladbach,1621.83,1754.1,3.0,7.0,9.0,10.0
2021-10-24,1. FC Koln,Bayer Leverkusen,1633.79,1788.03,4.0,6.0,6.0,9.0
2021-10-24,VfB Stuttgart,Union Berlin,1647.61,1699.59,5.0,9.0,6.0,10.0
2021-10-24,VfL Bochum,Eintracht Frankfurt,1555.93,1755.27,4.0,4.0,4.0,6.0
2021-10-29,TSG Hoffenheim,Hertha,1688.84,1621.83,3.0,6.0,7.0,9.0
2021-10-30,Bielefeld,FSV Mainz 05,1592.66,1668.52,1.0,3.0,2.0,4.0
2021-10-30,Borussia Dortmund,1. FC Koln,1856.99,1633.79,9.0,4.0,12.0,6.0
2021-10-30,SC Freiburg,Greuther Furth,1711.41,1525.52,7.0,0.0,11.0,0.0
2021-10-30,Bayer Leverkusen,VfL Wolfsburg,1788.03,1762.73,4.0,0.0,10.0,1.0
2021-10-30,Union Berlin,Bayern Munich,1699.59,2005.76,7.0,6.0,10.0,12.0
2021-10-30,Eintracht Frankfurt,RB Leipzig,1755.27,1791.65,3.0,7.0,5.0,11.0
2021-10-31,FC Augsburg,VfB Stuttgart,1587.44,1647.61,1.0,5.0,4.0,6.0
2021-10-31,MGladbach,VfL Bochum,1754.1,1555.93,4.0,6.0,7.0,7.0
2021-11-05,FSV Mainz 05,MGladbach,1674.43,1737.23,6.0,4.0,6.0,10.0
2021-11-06,Bayern Munich,SC Freiburg,2022.18,1723.93,9.0,7.0,12.0,13.0
2021-11-06,VfL Bochum,TSG Hoffenheim,1570.76,1699.42,6.0,6.0,7.0,9.0
2021-11-06,VfB Stuttgart,Bielefeld,1630.64,1575.55,2.0,1.0,6.0,1.0
2021-11-06,VfL Wolfsburg,FC Augsburg,1737.73,1586.12,3.0,4.0,3.0,4.0
2021-11-06,RB Leipzig,Borussia Dortmund,1783.77,1849.65,5.0,9.0,11.0,12.0
2021-11-07,Hertha,Bayer Leverkusen,1630.07,1757.36,6.0,1.0,6.0,7.0
2021-11-07,1. FC Koln,Union Berlin,1615.58,1690.24,1.0,4.0,5.0,10.0
2021-11-07,Greuther Furth,Eintracht Frankfurt,1504.22,1728.52,0.0,1.0,0.0,5.0
2021-11-19,FC Augsburg,Bayern Munich,1586.23,2030.24,3.0,9.0,4.0,12.0
2021-11-20,Bielefeld,VfL Wolfsburg,1589.77,1751.92,3.0,6.0,4.0,6.0
2021-11-20,Borussia Dortmund,VfB Stuttgart,1832.06,1623.37,6.0,1.0,12.0,5.0
2021-11-20,TSG Hoffenheim,RB Leipzig,1688.69,1796.97,3.0,7.0,6.0,11.0
2021-11-20,Bayer Leverkusen,VfL Bochum,1770.51,1588.44,2.0,6.0,5.0,9.0
2021-11-20,MGladbach,Greuther Furth,1740.3,1504.06,4.0,0.0,8.0,0.0
2021-11-20,Union Berlin,Hertha,1683.13,1636.11,2.0,4.0,8.0,7.0
2021-11-21,SC Freiburg,Eintracht Frankfurt,1725.88,1744.75,6.0,4.0,10.0,7.0
2021-11-21,FSV Mainz 05,1. FC Koln,1678.32,1619.52,7.0,2.0,7.0,5.0
2021-11-26,VfB Stuttgart,FSV Mainz 05,1623.37,1678.32,0.0,5.0,2.0,8.0
2021-11-27,VfL Bochum,SC Freiburg,1588.44,1725.88,3.0,3.0,9.0,7.0
2021-11-27,1. FC Koln,MGladbach,1619.52,1740.3,2.0,7.0,3.0,8.0
2021-11-27,Greuther Furth,TSG Hoffenheim,1504.06,1688.69,0.0,6.0,0.0,9.0
2021-11-27,Hertha,FC Augsburg,1636.11,1586.23,1.0,6.0,7.0,7.0
2021-11-27,VfL Wolfsburg,Borussia Dortmund,1751.92,1832.06,7.0,6.0,7.0,12.0
2021-11-27,Bayern Munich,Bielefeld,2030.24,1589.77,6.0,4.0,12.0,5.0
2021-11-28,Eintracht Frankfurt,Union Berlin,1744.75,1683.13,7.0,4.0,7.0,8.0
2021-11-28,RB Leipzig,Bayer Leverkusen,1796.97,1770.51,4.0,4.0,8.0,5.0
2021-12-03,Union Berlin,RB Leipzig,1689.55,1780.44,4.0,3.0,5.0,7.0
2021-12-04,FC Augsburg,VfL Bochum,1603.37,1594.17,4.0,6.0,7.0,9.0
2021-12-04,Bielefeld,1. FC Koln,1590.81,1637.9,4.0,5.0,4.0,6.0
2021-12-04,TSG Hoffenheim,Eintracht Frankfurt,1707.96,1753.93,6.0,9.0,9.0,10.0
2021-12-04,Bayer Leverkusen,Greuther Furth,1788.42,1490.91,7.0,0.0,8.0,0.0
2021-12-04,FSV Mainz 05,VfL Wolfsburg,1665.8,1730.75,2.0,4.0,8.0,7.0
2021-12-04,Borussia Dortmund,Bayern Munich,1831.57,2015.32,6.0,6.0,12.0,12.0
2021-12-05,VfB Stuttgart,Hertha,1627.6,1624.63,3.0,2.0,4.0,5.0
2021-12-05,MGladbach,SC Freiburg,1726.64,1702.05,4.0,0.0,7.0,6.0
2021-12-10,1. FC Koln,FC Augsburg,1637.9,1603.37,5.0,4.0,6.0,7.0
2021-12-11,Bayern Munich,FSV Mainz 05,2015.32,1665.8,6.0,4.0,12.0,8.0
2021-12-11,VfL Bochum,Borussia Dortmund,1594.17,1831.57,6.0,6.0,9.0,9.0
2021-12-11,SC Freiburg,TSG Hoffenheim,1702.05,1707.96,3.0,9.0,6.0,12.0
2021-12-11,Hertha,Bielefeld,1624.63,1590.81,2.0,2.0,3.0,5.0
2021-12-11,RB Leipzig,MGladbach,1780.44,1726.64,0.0,3.0,4.0,7.0
2021-12-11,VfL Wolfsburg,VfB Stuttgart,1730.75,1627.6,1.0,4.0,7.0,4.0
2021-12-12,Greuther Furth,Union Berlin,1490.91,1689.55,0.0,6.0,0.0,7.0
2021-12-12,Eintracht Frankfurt,Bayer Leverkusen,1753.93,1788.42,6.0,9.0,10.0,10.0
2021-12-14,VfB Stuttgart,Bayern Munich,1627.6,2015.32,7.0,9.0,7.0,12.0
2021-12-14,Bielefeld,VfL Bochum,1590.81,1594.17,1.0,7.0,5.0,10.0
2021-12-14,FSV Mainz 05,Hertha,1665.8,1624.63,3.0,5.0,5.0,6.0
2021-12-14,VfL Wolfsburg,1. FC Koln,1730.75,1637.9,0.0,4.0,4.0,6.0
2021-12-15,MGladbach,Eintracht Frankfurt,1689.19,1750.4,0.0,6.0,4.0,12.0
2021-12-15,FC Augsburg,RB Leipzig,1603.87,1787.04,4.0,3.0,7.0,6.0
2021-12-15,Borussia Dortmund,Greuther Furth,1819.99,1494.35,4.0,3.0,7.0,3.0
2021-12-15,Bayer Leverkusen,TSG Hoffenheim,1761.05,1720.65,6.0,9.0,10.0,12.0
2021-12-15,Union Berlin,SC Freiburg,1679.03,1712.4,3.0,3.0,7.0,3.0
2021-12-17,Bayern Munich,VfL Wolfsburg,2024.19,1671.18,9.0,0.0,12.0,1.0
2021-12-18,VfL Bochum,Union Berlin,1593.36,1679.03,4.0,4.0,7.0,7.0
2021-12-18,Eintracht Frankfurt,FSV Mainz 05,1750.4,1685.31,6.0,6.0,12.0,7.0
2021-12-18,Greuther Furth,FC Augsburg,1494.35,1603.87,3.0,4.0,3.0,8.0
2021-12-18,TSG Hoffenheim,MGladbach,1720.65,1689.19,7.0,0.0,13.0,3.0
2021-12-18,RB Leipzig,Bielefeld,1787.04,1588.05,4.0,4.0,4.0,5.0
2021-12-18,Hertha,Borussia Dortmund,1618.7,1819.99,4.0,4.0,5.0,10.0
2021-12-19,SC Freiburg,Bayer Leverkusen,1712.4,1761.05,4.0,4.0,4.0,10.0
2021-12-19,1. FC Koln,VfB Stuttgart,1629.34,1633.62,4.0,4.0,8.0,7.0
2022-01-07,Bayern Munich,MGladbach,2026.33,1684.31,9.0,1.0,15.0,1.0
2022-01-08,SC Freiburg,Bielefeld,1720.85,1607.85,4.0,6.0,7.0,7.0
2022-01-08,Greuther Furth,VfB Stuttgart,1493.91,1627.04,4.0,3.0,4.0,7.0
2022-01-08,TSG Hoffenheim,FC Augsburg,1720.62,1605.69,5.0,5.0,11.0,6.0
2022-01-08,Bayer Leverkusen,Union Berlin,1750.54,1685.72,1.0,4.0,7.0,7.0
2022-01-08,RB Leipzig,FSV Mainz 05,1763.75,1680.48,4.0,3.0,4.0,6.0
2022-01-08,Eintracht Frankfurt,Borussia Dortmund,1762.87,1810.59,9.0,4.0,12.0,7.0
2022-01-09,Hertha,1. FC Koln,1630.21,1635.93,6.0,6.0,8.0,10.0
2022-01-09,VfL Bochum,VfL Wolfsburg,1586.01,1669.05,1.0,0.0,7.0,0.0
2022-01-14,Borussia Dortmund,SC Freiburg,1810.59,1720.85,6.0,5.0,7.0,8.0
2022-01-15,1. FC Koln,Bayern Munich,1649.02,2010.4,9.0,6.0,10.0,12.0
2022-01-15,FSV Mainz 05,VfL Bochum,1672.35,1594.78,3.0,3.0,6.0,7.0
2022-01-15,VfB Stuttgart,RB Leipzig,1624.77,1771.88,1.0,4.0,5.0,7.0
2022-01-15,Union Berlin,TSG Hoffenheim,1688.99,1726.29,5.0,5.0,8.0,11.0
2022-01-15,VfL Wolfsburg,Hertha,1660.28,1617.11,0.0,3.0,0.0,7.0
2022-01-15,MGladbach,Bayer Leverkusen,1700.24,1747.28,4.0,2.0,4.0,5.0
2022-01-16,FC Augsburg,Eintracht Frankfurt,1600.02,1754.93,2.0,6.0,5.0,9.0
2022-01-16,Bielefeld,Greuther Furth,1612.29,1496.18,7.0,2.0,8.0,5.0
2022-01-21,Eintracht Frankfurt,Bielefeld,1754.93,1612.29,4.0,5.0,10.0,8.0
2022-01-22,SC Freiburg,VfB Stuttgart,1708.0,1624.77,4.0,1.0,5.0,4.0
2022-01-22,Greuther Furth,FSV Mainz 05,1496.18,1672.35,3.0,3.0,6.0,6.0
2022-01-22,TSG Hoffenheim,Borussia Dortmund,1726.29,1826.93,4.0,6.0,8.0,10.0
2022-01-22,Bayer Leverkusen,FC Augsburg,1747.28,1600.02,4.0,2.0,5.0,6.0
2022-01-22,MGladbach,Union Berlin,1700.24,1688.99,4.0,7.0,4.0,8.0
2022-01-22,VfL Bochum,1. FC Koln,1594.78,1649.02,3.0,6.0,4.0,9.0
2022-01-23,RB Leipzig,VfL Wolfsburg,1771.88,1660.28,6.0,1.0,10.0,1.0
2022-01-23,Hertha,Bayern Munich,1617.11,2010.4,4.0,6.0,7.0,12.0
2022-02-04,Hertha,VfL Bochum,1617.19,1590.11,1.0,4.0,4.0,4.0
2022-02-05,FC Augsburg,Union Berlin,1596.08,1705.78,1.0,7.0,3.0,11.0
2022-02-05,Bielefeld,MGladbach,1626.14,1683.02,5.0,3.0,11.0,4.0
2022-02-05,1. FC Koln,SC Freiburg,1645.19,1714.49,4.0,4.0,10.0,8.0
2022-02-05,FSV Mainz 05,TSG Hoffenheim,1665.94,1712.47,3.0,3.0,6.0,5.0
2022-02-05,VfB Stuttgart,Eintracht Frankfurt,1610.55,1733.7,1.0,1.0,1.0,7.0
2022-02-05,Bayern Munich,RB Leipzig,2016.65,1785.27,6.0,9.0,12.0,10.0
2022-02-06,Borussia Dortmund,Bayer Leverkusen,1833.16,1762.13,9.0,7.0,12.0,8.0
2022-02-06,VfL Wolfsburg,Greuther Furth,1651.92,1511.93,1.0,5.0,1.0,6.0
2022-02-11,RB Leipzig,1. FC Koln,1785.27,1645.19,6.0,4.0,9.0,10.0
2022-02-12,VfL Bochum,Bayern Munich,1590.11,2016.65,2.0,9.0,5.0,12.0
2022-02-12,Eintracht Frankfurt,VfL Wolfsburg,1733.7,1651.92,4.0,4.0,7.0,4.0
2022-02-12,SC Freiburg,FSV Mainz 05,1714.49,1665.94,3.0,6.0,7.0,6.0
2022-02-12,Greuther Furth,Hertha,1511.93,1617.19,4.0,2.0,6.0,5.0
2022-02-12,MGladbach,FC Augsburg,1683.02,1596.08,1.0,4.0,5.0,5.0
2022-02-12,Bayer Leverkusen,VfB Stuttgart,1762.13,1610.55,9.0,0.0,10.0,1.0
2022-02-13,Union Berlin,Borussia Dortmund,1705.78,1833.16,6.0,6.0,10.0,9.0
2022-02-13,TSG Hoffenheim,Bielefeld,1712.47,1626.14,0.0,5.0,4.0,9.0
2022-02-18,FSV Mainz 05,Bayer Leverkusen,1679.35,1785.03,4.0,9.0,7.0,13.0
2022-02-19,FC Augsburg,SC Freiburg,1604.76,1703.94,3.0,4.0,4.0,5.0
2022-02-19,Bielefeld,Union Berlin,1619.26,1681.84,4.0,3.0,6.0,7.0
2022-02-19,VfB Stuttgart,VfL Bochum,1600.41,1615.07,0.0,5.0,1.0,8.0
2022-02-19,VfL Wolfsburg,TSG Hoffenheim,1673.92,1708.33,6.0,3.0,7.0,6.0
2022-02-19,1. FC Koln,Eintracht Frankfurt,1648.22,1723.84,4.0,3.0,7.0,4.0
2022-02-20,Bayern Munich,Greuther Furth,1996.04,1515.21,6.0,6.0,9.0,8.0
2022-02-20,Borussia Dortmund,MGladbach,1824.73,1687.79,6.0,4.0,12.0,7.0
2022-02-20,Hertha,RB Leipzig,1605.5,1788.48,1.0,6.0,2.0,12.0
2022-02-25,TSG Hoffenheim,VfB Stuttgart,1708.33,1600.41,6.0,1.0,6.0,1.0
2022-02-26,SC Freiburg,Hertha,1703.94,1605.5,4.0,1.0,7.0,2.0
2022-02-26,Greuther Furth,1. FC Koln,1515.21,1648.22,3.0,6.0,7.0,7.0
2022-02-26,Bayer Leverkusen,Bielefeld,1785.03,1619.26,6.0,4.0,12.0,8.0
2022-02-26,MGladbach,VfL Wolfsburg,1687.79,1673.92,4.0,6.0,4.0,7.0
2022-02-26,Union Berlin,FSV Mainz 05,1681.84,1679.35,0.0,7.0,6.0,10.0
2022-02-26,Eintracht Frankfurt,Bayern Munich,1723.84,1996.04,3.0,6.0,4.0,12.0
2022-02-27,VfL Bochum,RB Leipzig,1615.07,1788.48,5.0,6.0,6.0,12.0
2022-02-27,FC Augsburg,Borussia Dortmund,1604.76,1824.73,3.0,6.0,4.0,12.0
2022-03-04,Bielefeld,FC Augsburg,1617.43,1598.24,3.0,1.0,7.0,4.0
2022-03-05,Bayern Munich,Bayer Leverkusen,1995.64,1777.64,6.0,6.0,12.0,12.0
2022-03-05,VfL Bochum,Greuther Furth,1607.51,1512.84,4.0,4.0,6.0,7.0
2022-03-05,Hertha,Eintracht Frankfurt,1583.66,1708.39,0.0,0.0,1.0,3.0
2022-03-05,RB Leipzig,SC Freiburg,1810.94,1713.74,9.0,7.0,12.0,10.0
2022-03-05,VfL Wolfsburg,Union Berlin,1663.07,1679.41,4.0,3.0,7.0,6.0
2022-03-05,VfB Stuttgart,MGladbach,1591.25,1672.57,1.0,4.0,1.0,5.0
2022-03-06,1. FC Koln,TSG Hoffenheim,1649.9,1716.56,4.0,9.0,8.0,9.0
2022-03-12,SC Freiburg,VfL Wolfsburg,1713.74,1663.07,7.0,4.0,8.0,10.0
2022-03-12,TSG Hoffenheim,Bayern Munich,1716.56,1995.64,9.0,7.0,12.0,10.0
2022-03-12,Union Berlin,VfB Stuttgart,1679.41,1591.25,3.0,4.0,3.0,4.0
2022-03-12,MGladbach,Hertha,1672.57,1583.66,1.0,0.0,5.0,1.0
2022-03-13,Bayer Leverkusen,1. FC Koln,1777.64,1649.9,4.0,4.0,10.0,7.0
2022-03-13,Borussia Dortmund,Bielefeld,1801.21,1617.43,7.0,3.0,10.0,4.0
2022-03-13,Eintracht Frankfurt,VfL Bochum,1708.39,1607.51,3.0,4.0,6.0,8.0
2022-03-13,Greuther Furth,RB Leipzig,1512.84,1810.94,1.0,7.0,4.0,10.0
2022-03-16,FSV Mainz 05,Borussia Dortmund,1677.79,1807.48,4.0,7.0,7.0,10.0
2022-03-18,VfL Bochum,MGladbach,1611.47,1673.63,3.0,4.0,7.0,7.0
2022-03-19,Greuther Furth,SC Freiburg,1505.93,1726.72,1.0,7.0,4.0,11.0
2022-03-19,Hertha,TSG Hoffenheim,1570.63,1733.04,0.0,7.0,0.0,13.0
2022-03-19,FSV Mainz 05,Bielefeld,1677.79,1608.27,3.0,0.0,7.0,3.0
2022-03-19,VfB Stuttgart,FC Augsburg,1606.88,1611.57,4.0,4.0,5.0,7.0
2022-03-19,Bayern Munich,Union Berlin,1992.7,1672.29,5.0,4.0,8.0,4.0
2022-03-20,RB Leipzig,Eintracht Frankfurt,1816.36,1733.89,7.0,6.0,13.0,6.0
2022-03-20,VfL Wolfsburg,Bayer Leverkusen,1668.22,1771.77,4.0,4.0,7.0,7.0
2022-03-20,1. FC Koln,Borussia Dortmund,1658.57,1807.48,4.0,7.0,7.0,13.0
2022-04-01,Union Berlin,1. FC Koln,1666.92,1659.01,1.0,4.0,4.0,8.0
2022-04-02,Bielefeld,VfB Stuttgart,1594.8,1611.29,0.0,7.0,3.0,8.0
2022-04-02,Eintracht Frankfurt,Greuther Furth,1737.83,1508.06,7.0,1.0,7.0,2.0
2022-04-02,SC Freiburg,Bayern Munich,1719.51,1993.0,5.0,5.0,11.0,11.0
2022-04-02,TSG Hoffenheim,VfL Bochum,1711.42,1598.36,4.0,3.0,10.0,4.0
2022-04-02,Bayer Leverkusen,Hertha,1768.34,1587.19,4.0,3.0,7.0,3.0
2022-04-02,Borussia Dortmund,RB Leipzig,1807.63,1810.31,7.0,5.0,11.0,11.0
2022-04-03,FC Augsburg,VfL Wolfsburg,1602.1,1656.07,4.0,3.0,4.0,4.0
2022-04-03,MGladbach,FSV Mainz 05,1681.66,1680.53,6.0,3.0,7.0,7.0
2022-04-06,FC Augsburg,FSV Mainz 05,1602.1,1680.53,6.0,4.0,7.0,7.0
2022-04-08,VfB Stuttgart,Borussia Dortmund,1611.29,1807.63,5.0,4.0,8.0,8.0
2022-04-09,Bayern Munich,FC Augsburg,1993.0,1602.1,7.0,6.0,11.0,10.0
2022-04-09,1. FC Koln,FSV Mainz 05,1659.01,1680.53,4.0,4.0,5.0,4.0
2022-04-09,Greuther Furth,MGladbach,1508.06,1681.66,2.0,7.0,3.0,8.0
2022-04-09,VfL Wolfsburg,Bielefeld,1656.07,1594.8,0.0,1.0,4.0,1.0
2022-04-09,Hertha,Union Berlin,1587.19,1666.92,3.0,4.0,3.0,7.0
2022-04-10,VfL Bochum,Bayer Leverkusen,1598.36,1768.34,3.0,6.0,6.0,10.0
2022-04-10,Eintracht Frankfurt,SC Freiburg,1737.83,1719.51,5.0,4.0,8.0,8.0
2022-04-10,RB Leipzig,TSG Hoffenheim,1810.31,1711.42,7.0,1.0,11.0,7.0
2022-04-16,FC Augsburg,Hertha,1627.98,1576.17,6.0,3.0,9.0,3.0
2022-04-16,Borussia Dortmund,VfL Wolfsburg,1802.5,1657.23,4.0,3.0,10.0,6.0
2022-04-16,SC Freiburg,VfL Bochum,1728.23,1617.57,4.0,4.0,8.0,7.0
2022-04-16,FSV Mainz 05,VfB Stuttgart,1670.25,1609.88,1.0,4.0,4.0,8.0
2022-04-16,MGladbach,1. FC Koln,1691.35,1663.77,7.0,4.0,10.0,7.0
2022-04-17,Bielefeld,Bayern Munich,1586.62,1985.89,1.0,9.0,1.0,11.0
2022-04-17,TSG Hoffenheim,Greuther Furth,1696.92,1511.9,0.0,2.0,4.0,2.0
2022-04-17,Union Berlin,Eintracht Frankfurt,1689.87,1743.89,6.0,2.0,7.0,8.0
2022-04-17,Bayer Leverkusen,RB Leipzig,1772.27,1848.18,7.0,7.0,8.0,11.0
2022-04-22,VfL Wolfsburg,FSV Mainz 05,1657.23,1670.25,3.0,1.0,3.0,5.0
2022-04-23,Eintracht Frankfurt,TSG Hoffenheim,1743.89,1696.92,1.0,1.0,5.0,2.0
2022-04-23,1. FC Koln,Bielefeld,1663.77,1586.62,6.0,1.0,10.0,1.0
2022-04-23,SC Freiburg,MGladbach,1728.23,1691.35,6.0,4.0,10.0,10.0
2022-04-23,Greuther Furth,Bayer Leverkusen,1511.9,1772.27,2.0,4.0,3.0,7.0
2022-04-23,RB Leipzig,Union Berlin,1848.18,1689.87,9.0,9.0,13.0,10.0
2022-04-23,Bayern Munich,Borussia Dortmund,1985.89,1802.5,9.0,6.0,13.0,10.0
2022-04-24,VfL Bochum,FC Augsburg,1617.57,1627.98,4.0,3.0,4.0,6.0
2022-04-24,Hertha,VfB Stuttgart,1576.17,1609.88,3.0,2.0,6.0,6.0
2022-04-29,Union Berlin,Greuther Furth,1689.87,1511.9,9.0,1.0,12.0,3.0
2022-04-30,FC Augsburg,1. FC Koln,1627.98,1663.77,3.0,9.0,9.0,10.0
2022-04-30,Bielefeld,Hertha,1586.62,1576.17,0.0,6.0,1.0,9.0
2022-04-30,Borussia Dortmund,VfL Bochum,1802.5,1617.57,6.0,1.0,7.0,4.0
2022-04-30,FSV Mainz 05,Bayern Munich,1670.25,1985.89,1.0,9.0,2.0,15.0
2022-04-30,VfB Stuttgart,VfL Wolfsburg,1609.88,1657.23,1.0,6.0,5.0,6.0
2022-04-30,TSG Hoffenheim,SC Freiburg,1696.92,1728.23,2.0,7.0,2.0,8.0
2022-05-02,Bayer Leverkusen,Eintracht Frankfurt,1774.4,1742.01,4.0,1.0,10.0,3.0
2022-05-02,MGladbach,RB Leipzig,1683.74,1847.33,4.0,6.0,8.0,10.0
2022-05-06,VfL Bochum,Bielefeld,1614.46,1580.17,3.0,1.0,7.0,2.0
2022-05-07,1. FC Koln,VfL Wolfsburg,1701.09,1668.54,9.0,4.0,12.0,7.0
2022-05-07,SC Freiburg,Union Berlin,1744.09,1711.79,7.0,7.0,10.0,13.0
2022-05-07,Greuther Furth,Borussia Dortmund,1521.47,1795.93,2.0,3.0,3.0,6.0
2022-05-07,TSG Hoffenheim,Bayer Leverkusen,1688.89,1774.4,2.0,6.0,2.0,10.0
2022-05-07,Hertha,FSV Mainz 05,1601.54,1675.26,7.0,4.0,7.0,4.0
2022-05-08,Eintracht Frankfurt,MGladbach,1742.01,1683.74,1.0,4.0,2.0,8.0
2022-05-08,Bayern Munich,VfB Stuttgart,1975.23,1606.45,6.0,2.0,12.0,3.0
2022-05-08,RB Leipzig,FC Augsburg,1847.33,1620.3,3.0,3.0,9.0,6.0
2022-05-14,FC Augsburg,Greuther Furth,1620.3,1521.47,3.0,1.0,3.0,2.0
2022-05-14,Bielefeld,RB Leipzig,1580.17,1847.33,1.0,3.0,1.0,9.0
2022-05-14,Borussia Dortmund,Hertha,1795.93,1601.54,3.0,4.0,9.0,7.0
2022-05-14,Bayer Leverkusen,SC Freiburg,1774.4,1744.09,9.0,4.0,10.0,10.0
2022-05-14,FSV Mainz 05,Eintracht Frankfurt,1675.26,1742.01,6.0,2.0,7.0,2.0
2022-05-14,MGladbach,TSG Hoffenheim,1683.74,1688.89,5.0,1.0,8.0,2.0
2022-05-14,VfB Stuttgart,1. FC Koln,1606.45,1701.09,2.0,6.0,3.0,12.0
2022-05-14,Union Berlin,VfL Bochum,1711.79,1614.46,7.0,6.0,13.0,7.0
2022-05-14,VfL Wolfsburg,Bayern Munich,1668.54,1975.23,7.0,4.0,10.0,10.0
2022-08-05,Eintracht Frankfurt,Bayern Munich,1737.03,1957.97,2.0,2.0,3.0,8.0
2022-08-06,FC Augsburg,SC Freiburg,1616.25,1718.67,3.0,3.0,6.0,7.0
2022-08-06,VfL Bochum,FSV Mainz 05,1613.3,1680.2,6.0,7.0,6.0,8.0
2022-08-06,MGladbach,TSG Hoffenheim,1711.59,1664.12,7.0,0.0,8.0,2.0
2022-08-06,Union Berlin,Hertha,1730.74,1598.68,7.0,1.0,13.0,7.0
2022-08-06,VfL Wolfsburg,Werder Bremen,1681.74,1596.97,5.0,6.0,8.0,10.0
2022-08-06,Borussia Dortmund,Bayer Leverkusen,1799.7,1794.64,6.0,9.0,9.0,12.0
2022-08-07,VfB Stuttgart,RB Leipzig,1620.82,1811.47,5.0,4.0,6.0,7.0
2022-08-07,1. FC Koln,Schalke 04,1679.38,1578.8,3.0,9.0,9.0,12.0
2022-08-12,SC Freiburg,Borussia Dortmund,1718.67,1799.7,3.0,9.0,7.0,9.0
2022-08-13,Hertha,Eintracht Frankfurt,1598.68,1737.03,0.0,2.0,4.0,3.0
2022-08-13,TSG Hoffenheim,VfL Bochum,1664.12,1613.3,0.0,3.0,1.0,6.0
2022-08-13,Bayer Leverkusen,FC Augsburg,1794.64,1616.25,6.0,3.0,12.0,6.0
2022-08-13,RB Leipzig,1. FC Koln,1811.47,1679.38,5.0,3.0,5.0,9.0
2022-08-13,Werder Bremen,VfB Stuttgart,1596.97,1620.82,7.0,5.0,10.0,6.0
2022-08-13,Schalke 04,MGladbach,1578.8,1711.59,6.0,7.0,9.0,11.0
2022-08-14,FSV Mainz 05,Union Berlin,1680.2,1730.74,7.0,9.0,10.0,13.0
2022-08-14,Bayern Munich,VfL Wolfsburg,1957.97,1681.74,5.0,5.0,8.0,9.0
2022-08-19,MGladbach,Hertha,1716.38,1595.72,7.0,1.0,11.0,2.0
2022-08-20,FC Augsburg,FSV Mainz 05,1616.56,1687.81,6.0,5.0,6.0,11.0
2022-08-20,Borussia Dortmund,Werder Bremen,1816.11,1599.96,9.0,5.0,12.0,8.0
2022-08-20,Bayer Leverkusen,TSG Hoffenheim,1774.9,1661.93,3.0,3.0,9.0,3.0
2022-08-20,VfB Stuttgart,SC Freiburg,1625.34,1721.7,5.0,3.0,7.0,6.0
2022-08-20,VfL Wolfsburg,Schalke 04,1675.8,1575.49,2.0,4.0,6.0,10.0
2022-08-20,Union Berlin,RB Leipzig,1736.14,1803.08,7.0,3.0,11.0,6.0
2022-08-21,Eintracht Frankfurt,1. FC Koln,1725.97,1690.0,2.0,4.0,3.0,7.0
2022-08-21,VfL Bochum,Bayern Munich,1600.35,1968.84,0.0,7.0,6.0,8.0
2022-08-26,SC Freiburg,VfL Bochum,1721.7,1600.35,6.0,0.0,6.0,3.0
2022-08-27,Hertha,Borussia Dortmund,1595.72,1816.11,1.0,6.0,1.0,12.0
2022-08-27,TSG Hoffenheim,FC Augsburg,1661.93,1616.56,6.0,3.0,6.0,6.0
2022-08-27,FSV Mainz 05,Bayer Leverkusen,1687.81,1774.9,7.0,0.0,11.0,6.0
2022-08-27,RB Leipzig,VfL Wolfsburg,1803.08,1675.8,2.0,2.0,6.0,6.0
2022-08-27,Schalke 04,Union Berlin,1575.49,1736.14,2.0,7.0,8.0,13.0
2022-08-27,Bayern Munich,MGladbach,1968.84,1716.38,9.0,7.0,11.0,11.0
2022-08-28,1. FC Koln,VfB Stuttgart,1690.0,1625.34,5.0,2.0,5.0,6.0
2022-08-28,Werder Bremen,Eintracht Frankfurt,1599.96,1725.97,5.0,2.0,11.0,4.0
2022-09-02,Borussia Dortmund,TSG Hoffenheim,1806.69,1688.0,6.0,9.0,12.0,9.0
2022-09-03,VfL Bochum,Werder Bremen,1592.57,1608.3,0.0,4.0,0.0,8.0
2022-09-03,Bayer Leverkusen,SC Freiburg,1768.06,1732.8,3.0,6.0,6.0,9.0
2022-09-03,VfB Stuttgart,Schalke 04,1622.42,1569.18,2.0,2.0,6.0,5.0
2022-09-03,Union Berlin,Bayern Munich,1756.06,1966.93,7.0,7.0,13.0,11.0
2022-09-03,VfL Wolfsburg,1. FC Koln,1666.65,1691.32,1.0,3.0,3.0,6.0
2022-09-03,Eintracht Frankfurt,RB Leipzig,1730.24,1800.84,5.0,4.0,6.0,6.0
2022-09-04,FC Augsburg,Hertha,1604.61,1588.46,3.0,1.0,6.0,1.0
2022-09-04,MGladbach,FSV Mainz 05,1727.77,1682.74,5.0,4.0,11.0,8.0
2022-09-09,Werder Bremen,FC Augsburg,1608.3,1604.61,6.0,0.0,8.0,3.0
2022-09-10,Bayern Munich,VfB Stuttgart,1966.93,1622.42,5.0,2.0,11.0,4.0
2022-09-10,Eintracht Frankfurt,VfL Wolfsburg,1730.24,1666.65,7.0,1.0,8.0,2.0
2022-09-10,Hertha,Bayer Leverkusen,1588.46,1768.06,3.0,3.0,4.0,3.0
2022-09-10,TSG Hoffenheim,FSV Mainz 05,1688.0,1682.74,6.0,6.0,9.0,10.0
2022-09-10,RB Leipzig,Borussia Dortmund,1800.84,1806.69,3.0,6.0,5.0,12.0
2022-09-10,Schalke 04,VfL Bochum,1569.18,1592.57,2.0,0.0,3.0,0.0
2022-09-11,1. FC Koln,Union Berlin,1691.32,1756.06,5.0,7.0,9.0,11.0
2022-09-11,SC Freiburg,MGladbach,1732.8,1727.77,9.0,4.0,12.0,8.0
2022-09-16,FSV Mainz 05,Hertha,1673.63,1598.25,3.0,4.0,7.0,5.0
2022-09-17,FC Augsburg,Bayern Munich,1594.06,1964.85,3.0,3.0,6.0,9.0
2022-09-17,Borussia Dortmund,Schalke 04,1791.14,1575.28,6.0,4.0,9.0,6.0
2022-09-17,Bayer Leverkusen,Werder Bremen,1753.78,1604.17,4.0,3.0,4.0,7.0
2022-09-17,VfB Stuttgart,Eintracht Frankfurt,1621.15,1724.68,3.0,6.0,4.0,8.0
2022-09-17,MGladbach,RB Leipzig,1712.82,1765.11,2.0,6.0,6.0,7.0
2022-09-18,Union Berlin,VfL Wolfsburg,1747.2,1658.78,7.0,3.0,11.0,4.0
2022-09-18,VfL Bochum,1. FC Koln,1563.49,1689.21,0.0,4.0,0.0,6.0
2022-09-18,TSG Hoffenheim,SC Freiburg,1689.79,1736.53,6.0,7.0,12.0,10.0
2022-09-30,Bayern Munich,Bayer Leverkusen,1964.85,1753.78,2.0,2.0,6.0,5.0
2022-10-01,Eintracht Frankfurt,Union Berlin,1734.89,1747.66,6.0,7.0,10.0,13.0
2022-10-01,1. FC Koln,Borussia Dortmund,1691.55,1794.92,4.0,6.0,6.0,9.0
2022-10-01,SC Freiburg,FSV Mainz 05,1745.68,1671.72,5.0,4.0,11.0,7.0
2022-10-01,RB Leipzig,VfL Bochum,1752.14,1567.21,3.0,1.0,6.0,1.0
2022-10-01,VfL Wolfsburg,VfB Stuttgart,1652.8,1613.48,3.0,2.0,4.0,3.0
2022-10-01,Werder Bremen,MGladbach,1610.38,1728.31,4.0,4.0,7.0,8.0
2022-10-02,Hertha,TSG Hoffenheim,1602.69,1691.42,5.0,4.0,5.0,10.0
2022-10-02,Schalke 04,FC Augsburg,1574.03,1610.52,4.0,6.0,5.0,6.0
2022-10-07,TSG Hoffenheim,Werder Bremen,1691.42,1610.38,5.0,4.0,8.0,7.0
2022-10-08,FC Augsburg,VfL Wolfsburg,1610.52,1652.8,9.0,6.0,9.0,6.0
2022-10-08,VfL Bochum,Eintracht Frankfurt,1567.21,1734.89,1.0,6.0,1.0,12.0
2022-10-08,Bayer Leverkusen,Schalke 04,1744.75,1574.03,2.0,3.0,5.0,4.0
2022-10-08,FSV Mainz 05,RB Leipzig,1671.72,1752.14,1.0,6.0,4.0,9.0
2022-10-08,Borussia Dortmund,Bayern Munich,1794.92,1956.28,3.0,4.0,9.0,6.0
2022-10-09,MGladbach,1. FC Koln,1728.31,1691.55,4.0,4.0,5.0,8.0
2022-10-09,Hertha,SC Freiburg,1602.69,1745.68,3.0,5.0,6.0,11.0
2022-10-09,VfB Stuttgart,Union Berlin,1613.48,1747.66,1.0,6.0,3.0,10.0
2022-10-14,Schalke 04,TSG Hoffenheim,1574.03,1691.42,0.0,2.0,4.0,5.0
2022-10-15,Eintracht Frankfurt,Bayer Leverkusen,1724.22,1730.19,6.0,4.0,9.0,5.0
2022-10-15,VfB Stuttgart,VfL Bochum,1602.3,1581.49,0.0,4.0,2.0,4.0
2022-10-15,Werder Bremen,FSV Mainz 05,1641.48,1668.53,7.0,2.0,10.0,5.0
2022-10-15,VfL Wolfsburg,MGladbach,1659.46,1719.62,4.0,6.0,7.0,7.0
2022-10-15,RB Leipzig,Hertha,1770.51,1607.26,4.0,3.0,7.0,7.0
2022-10-16,1. FC Koln,FC Augsburg,1663.91,1619.3,4.0,7.0,7.0,10.0
2022-10-16,Union Berlin,Borussia Dortmund,1748.81,1801.83,6.0,4.0,10.0,7.0
2022-10-16,Bayern Munich,SC Freiburg,1959.34,1763.78,4.0,5.0,6.0,9.0
2022-10-21,FSV Mainz 05,1. FC Koln,1668.53,1663.91,4.0,6.0,5.0,7.0
2022-10-22,FC Augsburg,RB Leipzig,1619.3,1770.51,4.0,7.0,10.0,10.0
2022-10-22,Borussia Dortmund,VfB Stuttgart,1801.83,1602.3,1.0,3.0,4.0,4.0
2022-10-22,SC Freiburg,Werder Bremen,1763.78,1641.48,4.0,6.0,6.0,7.0
2022-10-22,TSG Hoffenheim,Bayern Munich,1690.49,1959.34,4.0,7.0,8.0,8.0
2022-10-22,Bayer Leverkusen,VfL Wolfsburg,1730.19,1659.46,3.0,5.0,5.0,8.0
2022-10-22,MGladbach,Eintracht Frankfurt,1719.62,1724.22,4.0,6.0,8.0,9.0
2022-10-23,VfL Bochum,Union Berlin,1581.49,1748.81,3.0,6.0,4.0,12.0
2022-10-23,Hertha,Schalke 04,1607.26,1549.66,2.0,0.0,4.0,3.0
2022-10-28,Werder Bremen,Hertha,1641.48,1607.26,3.0,4.0,7.0,6.0
2022-10-29,Bayern Munich,FSV Mainz 05,1959.34,1668.53,7.0,7.0,10.0,8.0
2022-10-29,RB Leipzig,Bayer Leverkusen,1770.51,1730.19,5.0,4.0,8.0,5.0
2022-10-29,VfB Stuttgart,FC Augsburg,1602.3,1619.3,3.0,2.0,3.0,8.0
2022-10-29,VfL Wolfsburg,VfL Bochum,1659.46,1581.49,3.0,6.0,6.0,7.0
2022-10-29,Eintracht Frankfurt,Borussia Dortmund,1724.22,1801.83,6.0,4.0,12.0,7.0
2022-10-30,Union Berlin,MGladbach,1748.81,1719.62,6.0,4.0,9.0,7.0
2022-10-30,Schalke 04,SC Freiburg,1549.66,1763.78,0.0,4.0,0.0,8.0
2022-10-30,1. FC Koln,TSG Hoffenheim,1663.91,1690.49,3.0,3.0,7.0,5.0
2022-11-04,MGladbach,VfB Stuttgart,1715.03,1626.8,1.0,6.0,4.0,6.0
2022-11-05,FC Augsburg,Eintracht Frankfurt,1623.38,1760.99,1.0,6.0,5.0,9.0
2022-11-05,Borussia Dortmund,VfL Bochum,1823.34,1586.29,6.0,3.0,7.0,6.0
2022-11-05,Hertha,Bayern Munich,1616.52,1999.01,3.0,9.0,5.0,13.0
2022-11-05,TSG Hoffenheim,RB Leipzig,1700.58,1803.4,4.0,7.0,5.0,11.0
2022-11-05,FSV Mainz 05,VfL Wolfsburg,1705.32,1685.69,6.0,5.0,7.0,9.0
2022-11-05,Werder Bremen,Schalke 04,1643.7,1552.03,3.0,0.0,9.0,0.0
2022-11-06,Bayer Leverkusen,Union Berlin,1725.01,1772.34,1.0,6.0,4.0,9.0
2022-11-06,SC Freiburg,1. FC Koln,1774.95,1671.81,6.0,4.0,10.0,7.0
2022-11-08,VfL Wolfsburg,Borussia Dortmund,1685.69,1823.34,7.0,9.0,9.0,10.0
2022-11-08,Bayern Munich,Werder Bremen,1999.01,1643.7,9.0,6.0,13.0,9.0
2022-11-08,VfL Bochum,MGladbach,1586.29,1715.03,3.0,3.0,6.0,7.0
2022-11-08,VfB Stuttgart,Hertha,1626.8,1616.52,3.0,3.0,6.0,4.0
2022-11-09,1. FC Koln,Bayer Leverkusen,1671.81,1725.01,1.0,4.0,4.0,7.0
2022-11-09,Eintracht Frankfurt,TSG Hoffenheim,1760.99,1700.58,6.0,1.0,9.0,4.0
2022-11-09,RB Leipzig,SC Freiburg,1803.4,1774.95,7.0,9.0,11.0,10.0
2022-11-09,Schalke 04,FSV Mainz 05,1552.03,1705.32,0.0,3.0,0.0,7.0
2022-11-09,Union Berlin,FC Augsburg,1772.34,1623.38,3.0,1.0,9.0,2.0
2022-11-11,MGladbach,Borussia Dortmund,1715.03,1823.34,3.0,6.0,4.0,9.0
2022-11-12,FC Augsburg,VfL Bochum,1623.38,1586.29,1.0,3.0,2.0,6.0
2022-11-12,Hertha,1. FC Koln,1616.52,1671.81,0.0,1.0,3.0,4.0
2022-11-12,TSG Hoffenheim,VfL Wolfsburg,1700.58,1685.69,1.0,9.0,4.0,11.0
2022-11-12,Bayer Leverkusen,VfB Stuttgart,1725.01,1626.8,6.0,6.0,7.0,9.0
2022-11-12,Werder Bremen,RB Leipzig,1643.7,1803.4,6.0,9.0,6.0,13.0
2022-11-12,Schalke 04,Bayern Munich,1552.03,1999.01,3.0,9.0,3.0,15.0
2022-11-13,FSV Mainz 05,Eintracht Frankfurt,1705.32,1760.99,0.0,6.0,6.0,12.0
2022-11-13,SC Freiburg,Union Berlin,1774.95,1772.34,6.0,4.0,9.0,7.0
2023-01-20,RB Leipzig,Bayern Munich,1841.72,2014.21,9.0,9.0,13.0,15.0
2023-01-21,VfL Bochum,Hertha,1607.93,1624.57,6.0,3.0,9.0,6.0
2023-01-21,Eintracht Frankfurt,Schalke 04,1785.82,1561.36,7.0,3.0,10.0,3.0
2023-01-21,VfB Stuttgart,FSV Mainz 05,1626.74,1684.75,3.0,1.0,6.0,4.0
2023-01-21,Union Berlin,TSG Hoffenheim,1748.52,1681.81,1.0,0.0,4.0,1.0
2023-01-21,VfL Wolfsburg,SC Freiburg,1729.85,1785.18,9.0,6.0,13.0,12.0
2023-01-21,1. FC Koln,Werder Bremen,1649.37,1646.22,0.0,3.0,1.0,6.0
2023-01-22,Borussia Dortmund,FC Augsburg,1801.28,1617.87,3.0,1.0,9.0,2.0
2023-01-22,MGladbach,Bayer Leverkusen,1728.92,1758.0,6.0,9.0,6.0,10.0
2023-01-24,Schalke 04,RB Leipzig,1561.36,1841.72,3.0,7.0,3.0,13.0
2023-01-24,Bayern Munich,1. FC Koln,2014.21,1649.37,7.0,3.0,13.0,4.0
2023-01-24,Hertha,VfL Wolfsburg,1624.57,1729.85,3.0,9.0,3.0,15.0
2023-01-24,TSG Hoffenheim,VfB Stuttgart,1681.81,1626.74,0.0,4.0,1.0,7.0
2023-01-25,FSV Mainz 05,Borussia Dortmund,1684.75,1801.28,2.0,3.0,2.0,9.0
2023-01-25,FC Augsburg,MGladbach,1617.87,1728.92,1.0,3.0,1.0,6.0
2023-01-25,SC Freiburg,Eintracht Frankfurt,1785.18,1785.82,3.0,7.0,9.0,10.0
2023-01-25,Bayer Leverkusen,VfL Bochum,1758.0,1607.93,9.0,9.0,12.0,9.0
2023-01-25,Werder Bremen,Union Berlin,1646.22,1748.52,0.0,4.0,6.0,7.0
2023-01-27,RB Leipzig,VfB Stuttgart,1841.72,1626.74,7.0,2.0,13.0,5.0
2023-01-28,SC Freiburg,FC Augsburg,1785.18,1617.87,4.0,3.0,7.0,4.0
2023-01-28,Hertha,Union Berlin,1624.57,1748.52,3.0,6.0,3.0,7.0
2023-01-28,TSG Hoffenheim,MGladbach,1681.81,1728.92,1.0,3.0,1.0,6.0
2023-01-28,FSV Mainz 05,VfL Bochum,1684.75,1607.93,2.0,6.0,2.0,9.0
2023-01-28,Werder Bremen,VfL Wolfsburg,1646.22,1729.85,0.0,9.0,3.0,15.0
2023-01-28,Bayern Munich,Eintracht Frankfurt,2014.21,1785.82,5.0,5.0,11.0,11.0
2023-01-29,Schalke 04,1. FC Koln,1561.36,1649.37,0.0,4.0,3.0,4.0
2023-01-29,Bayer Leverkusen,Borussia Dortmund,1758.0,1801.28,9.0,6.0,15.0,9.0
2023-02-03,FC Augsburg,Bayer Leverkusen,1619.36,1759.48,3.0,6.0,4.0,12.0
2023-02-04,VfL Bochum,TSG Hoffenheim,1604.4,1657.18,3.0,1.0,9.0,1.0
2023-02-04,Borussia Dortmund,SC Freiburg,1822.08,1769.52,9.0,4.0,9.0,7.0
2023-02-04,Eintracht Frankfurt,Hertha,1797.17,1593.41,5.0,0.0,9.0,3.0
2023-02-04,1. FC Koln,RB Leipzig,1671.42,1853.7,5.0,7.0,5.0,13.0
2023-02-04,Union Berlin,FSV Mainz 05,1769.71,1687.2,9.0,4.0,10.0,5.0
2023-02-04,MGladbach,Schalke 04,1725.62,1552.84,3.0,1.0,6.0,4.0
2023-02-05,VfB Stuttgart,Werder Bremen,1627.54,1634.29,2.0,3.0,5.0,3.0
2023-02-05,VfL Wolfsburg,Bayern Munich,1752.98,1996.24,6.0,3.0,12.0,9.0
2023-02-10,Schalke 04,VfL Wolfsburg,1552.84,1752.98,2.0,3.0,2.0,9.0
2023-02-11,Bayern Munich,VfL Bochum,1996.24,1604.4,5.0,3.0,9.0,9.0
2023-02-11,SC Freiburg,VfB Stuttgart,1769.52,1627.54,4.0,1.0,7.0,2.0
2023-02-11,TSG Hoffenheim,Bayer Leverkusen,1657.18,1759.48,1.0,3.0,1.0,9.0
2023-02-11,FSV Mainz 05,FC Augsburg,1687.2,1619.36,3.0,6.0,5.0,6.0
2023-02-11,Werder Bremen,Borussia Dortmund,1634.29,1822.08,6.0,9.0,6.0,12.0
2023-02-11,RB Leipzig,Union Berlin,1853.7,1769.71,7.0,9.0,11.0,12.0
2023-02-12,Hertha,MGladbach,1593.41,1725.62,0.0,4.0,3.0,7.0
2023-02-12,1. FC Koln,Eintracht Frankfurt,1671.42,1797.17,3.0,5.0,6.0,9.0
2023-02-17,FC Augsburg,TSG Hoffenheim,1623.21,1635.36,3.0,0.0,6.0,1.0
2023-02-18,VfL Bochum,SC Freiburg,1617.68,1763.73,3.0,6.0,6.0,7.0
2023-02-18,MGladbach,Bayern Munich,1704.02,2007.55,4.0,7.0,4.0,9.0
2023-02-18,VfB Stuttgart,1. FC Koln,1612.2,1692.92,0.0,5.0,2.0,9.0
2023-02-18,VfL Wolfsburg,RB Leipzig,1745.39,1839.89,1.0,4.0,7.0,8.0
2023-02-18,Eintracht Frankfurt,Werder Bremen,1785.89,1642.03,4.0,6.0,8.0,6.0
2023-02-19,Union Berlin,Schalke 04,1787.06,1563.38,9.0,3.0,15.0,3.0
2023-02-19,Borussia Dortmund,Hertha,1840.11,1607.14,9.0,3.0,15.0,3.0
2023-02-19,Bayer Leverkusen,FSV Mainz 05,1759.89,1691.11,3.0,6.0,9.0,7.0
2023-02-24,FSV Mainz 05,MGladbach,1691.11,1704.02,6.0,4.0,9.0,7.0
2023-02-25,1. FC Koln,VfL Wolfsburg,1692.92,1745.39,4.0,1.0,6.0,4.0
2023-02-25,Hertha,FC Augsburg,1607.14,1623.21,3.0,6.0,3.0,9.0
2023-02-25,TSG Hoffenheim,Borussia Dortmund,1635.36,1840.11,0.0,9.0,1.0,15.0
2023-02-25,RB Leipzig,Eintracht Frankfurt,1839.89,1785.89,4.0,6.0,10.0,8.0
2023-02-25,Werder Bremen,VfL Bochum,1642.03,1617.68,3.0,3.0,6.0,3.0
2023-02-25,Schalke 04,VfB Stuttgart,1563.38,1612.2,3.0,3.0,4.0,4.0
2023-02-26,SC Freiburg,Bayer Leverkusen,1763.73,1759.89,6.0,3.0,10.0,6.0
2023-02-26,Bayern Munich,Union Berlin,2007.55,1787.06,6.0,7.0,8.0,13.0
2023-03-03,Borussia Dortmund,RB Leipzig,1856.03,1860.9,9.0,6.0,15.0,10.0
2023-03-04,FC Augsburg,Werder Bremen,1623.95,1651.34,3.0,3.0,6.0,9.0
2023-03-04,VfL Bochum,Schalke 04,1604.02,1582.28,0.0,5.0,3.0,7.0
2023-03-04,FSV Mainz 05,TSG Hoffenheim,1719.73,1628.9,9.0,0.0,12.0,0.0
2023-03-04,MGladbach,SC Freiburg,1708.37,1773.52,3.0,7.0,7.0,10.0
2023-03-04,Union Berlin,1. FC Koln,1794.62,1670.72,4.0,3.0,10.0,5.0
2023-03-04,VfB Stuttgart,Bayern Munich,1623.18,2002.51,3.0,6.0,3.0,10.0
2023-03-05,Bayer Leverkusen,Hertha,1755.71,1617.89,4.0,6.0,4.0,6.0
2023-03-05,VfL Wolfsburg,Eintracht Frankfurt,1749.1,1784.14,4.0,3.0,4.0,7.0
2023-03-10,1. FC Koln,VfL Bochum,1670.72,1604.02,1.0,0.0,5.0,3.0
2023-03-11,Bayern Munich,FC Augsburg,2002.51,1623.95,6.0,6.0,12.0,9.0
2023-03-11,Eintracht Frankfurt,VfB Stuttgart,1784.14,1623.18,4.0,3.0,7.0,3.0
2023-03-11,Hertha,FSV Mainz 05,1617.89,1719.73,3.0,9.0,6.0,12.0
2023-03-11,RB Leipzig,MGladbach,1860.9,1708.37,6.0,4.0,7.0,5.0
2023-03-11,Schalke 04,Borussia Dortmund,1582.28,1856.03,7.0,9.0,9.0,15.0
2023-03-12,SC Freiburg,TSG Hoffenheim,1773.52,1628.9,5.0,0.0,8.0,0.0
2023-03-12,Werder Bremen,Bayer Leverkusen,1651.34,1755.71,3.0,4.0,6.0,7.0
2023-03-12,VfL Wolfsburg,Union Berlin,1749.1,1794.62,4.0,2.0,5.0,8.0
2023-03-17,MGladbach,Werder Bremen,1695.12,1630.1,1.0,3.0,4.0,3.0
2023-03-18,FC Augsburg,Schalke 04,1622.01,1593.83,3.0,7.0,6.0,9.0
2023-03-18,VfL Bochum,RB Leipzig,1598.71,1843.06,3.0,6.0,3.0,9.0
2023-03-18,TSG Hoffenheim,Hertha,1613.7,1605.73,0.0,4.0,0.0,7.0
2023-03-18,VfB Stuttgart,VfL Wolfsburg,1619.35,1739.84,1.0,5.0,4.0,6.0
2023-03-18,Borussia Dortmund,1. FC Koln,1835.31,1651.18,7.0,1.0,13.0,4.0
2023-03-19,Union Berlin,Eintracht Frankfurt,1779.81,1771.51,2.0,2.0,6.0,5.0
2023-03-19,Bayer Leverkusen,Bayern Munich,1762.37,2002.51,7.0,9.0,10.0,12.0
2023-03-19,FSV Mainz 05,SC Freiburg,1714.75,1765.18,7.0,5.0,13.0,11.0
2023-03-31,Eintracht Frankfurt,VfL Bochum,1771.51,1598.71,2.0,6.0,5.0,6.0
2023-04-01,SC Freiburg,Hertha,1741.2,1584.36,5.0,1.0,9.0,4.0
2023-04-01,RB Leipzig,FSV Mainz 05,1817.89,1701.22,3.0,5.0,9.0,11.0
2023-04-01,Schalke 04,Bayer Leverkusen,1583.66,1764.01,5.0,9.0,9.0,10.0
2023-04-01,Union Berlin,VfB Stuttgart,1750.5,1600.11,5.0,1.0,6.0,4.0
2023-04-01,VfL Wolfsburg,FC Augsburg,1733.61,1606.71,5.0,4.0,8.0,7.0
2023-04-01,Bayern Munich,Borussia Dortmund,1977.7,1828.53,6.0,7.0,9.0,13.0
2023-04-02,1. FC Koln,MGladbach,1632.48,1678.85,1.0,2.0,1.0,5.0
2023-04-02,Werder Bremen,TSG Hoffenheim,1620.88,1609.59,1.0,3.0,4.0,3.0
2023-04-08,FC Augsburg,1. FC Koln,1606.71,1632.48,2.0,1.0,5.0,2.0
2023-04-08,Borussia Dortmund,Union Berlin,1828.53,1750.5,4.0,7.0,10.0,8.0
2023-04-08,SC Freiburg,Bayern Munich,1741.2,1977.7,5.0,6.0,7.0,12.0
2023-04-08,Bayer Leverkusen,Eintracht Frankfurt,1764.01,1740.18,9.0,2.0,13.0,3.0
2023-04-08,FSV Mainz 05,Werder Bremen,1701.22,1620.88,5.0,1.0,11.0,4.0
2023-04-08,Hertha,RB Leipzig,1584.36,1817.89,2.0,3.0,5.0,6.0
2023-04-09,MGladbach,VfL Wolfsburg,1678.85,1733.61,2.0,5.0,3.0,9.0
2023-04-09,VfL Bochum,VfB Stuttgart,1603.87,1600.11,7.0,1.0,7.0,1.0
2023-04-09,TSG Hoffenheim,Schalke 04,1609.59,1583.66,6.0,2.0,6.0,8.0
2023-04-14,Schalke 04,Hertha,1583.66,1584.36,1.0,1.0,5.0,2.0
2023-04-15,Bayern Munich,TSG Hoffenheim,1972.86,1622.83,6.0,9.0,12.0,9.0
2023-04-15,1. FC Koln,FSV Mainz 05,1641.09,1714.47,4.0,5.0,5.0,9.0
2023-04-15,RB Leipzig,FC Augsburg,1796.73,1594.88,3.0,2.0,6.0,5.0
2023-04-15,VfB Stuttgart,Borussia Dortmund,1600.34,1825.11,3.0,6.0,4.0,10.0
2023-04-15,Eintracht Frankfurt,MGladbach,1728.52,1686.14,1.0,5.0,3.0,6.0
2023-04-16,Werder Bremen,SC Freiburg,1611.97,1728.0,2.0,2.0,2.0,6.0
2023-04-16,Union Berlin,VfL Bochum,1747.5,1590.2,6.0,4.0,8.0,7.0
2023-04-16,VfL Wolfsburg,Bayer Leverkusen,1714.03,1773.78,4.0,9.0,6.0,15.0
2023-04-21,FC Augsburg,VfB Stuttgart,1594.88,1600.34,1.0,4.0,2.0,5.0
2023-04-22,VfL Bochum,VfL Wolfsburg,1590.2,1714.03,2.0,2.0,8.0,6.0
2023-04-22,Hertha,Werder Bremen,1569.72,1611.97,1.0,1.0,2.0,2.0
2023-04-22,TSG Hoffenheim,1. FC Koln,1622.83,1641.09,7.0,5.0,10.0,5.0
2023-04-22,FSV Mainz 05,Bayern Munich,1714.47,1972.86,5.0,7.0,7.0,10.0
2023-04-22,Borussia Dortmund,Eintracht Frankfurt,1825.11,1728.52,4.0,2.0,8.0,3.0
2023-04-23,SC Freiburg,Schalke 04,1728.0,1575.56,4.0,3.0,8.0,5.0
2023-04-23,Bayer Leverkusen,RB Leipzig,1773.78,1796.73,7.0,6.0,13.0,9.0
2023-04-23,MGladbach,Union Berlin,1686.14,1747.5,5.0,4.0,6.0,8.0
2023-04-28,VfL Bochum,Borussia Dortmund,1590.2,1825.11,1.0,7.0,5.0,10.0
2023-04-29,Eintracht Frankfurt,FC Augsburg,1728.52,1594.88,1.0,1.0,2.0,3.0
2023-04-29,1. FC Koln,SC Freiburg,1641.09,1728.0,7.0,6.0,8.0,8.0
2023-04-29,RB Leipzig,TSG Hoffenheim,1796.73,1622.83,6.0,4.0,6.0,10.0
2023-04-29,VfB Stuttgart,MGladbach,1600.34,1686.14,5.0,4.0,5.0,6.0
2023-04-29,Union Berlin,Bayer Leverkusen,1747.5,1773.78,4.0,7.0,10.0,13.0
2023-04-29,Schalke 04,Werder Bremen,1575.56,1611.97,3.0,4.0,4.0,5.0
2023-04-30,Bayern Munich,Hertha,1972.86,1569.72,4.0,0.0,7.0,1.0
2023-04-30,VfL Wolfsburg,FSV Mainz 05,1714.03,1714.47,4.0,5.0,8.0,9.0
2023-05-05,Bayer Leverkusen,1. FC Koln,1800.53,1650.6,5.0,4.0,11.0,8.0
2023-05-05,FSV Mainz 05,Schalke 04,1724.35,1580.37,4.0,6.0,8.0,6.0
2023-05-06,FC Augsburg,Union Berlin,1599.5,1753.31,2.0,5.0,3.0,8.0
2023-05-06,SC Freiburg,RB Leipzig,1751.82,1796.25,9.0,6.0,10.0,9.0
2023-05-06,Hertha,VfB Stuttgart,1559.76,1617.94,0.0,5.0,1.0,8.0
2023-05-06,TSG Hoffenheim,Eintracht Frankfurt,1618.75,1716.0,1.0,2.0,7.0,3.0
2023-05-06,MGladbach,VfL Bochum,1675.98,1591.06,1.0,2.0,5.0,3.0
2023-05-06,Werder Bremen,Bayern Munich,1613.78,1949.08,3.0,4.0,4.0,10.0
2023-05-07,Borussia Dortmund,VfL Wolfsburg,1827.62,1741.73,5.0,7.0,8.0,8.0
2023-05-12,1. FC Koln,Hertha,1650.6,1559.76,6.0,3.0,10.0,3.0
2023-05-13,Bayern Munich,Schalke 04,1949.08,1580.37,6.0,6.0,10.0,9.0
2023-05-13,VfL Bochum,FC Augsburg,1591.06,1599.5,1.0,5.0,2.0,5.0
2023-05-13,Eintracht Frankfurt,FSV Mainz 05,1716.0,1724.35,1.0,3.0,2.0,5.0
2023-05-13,Union Berlin,SC Freiburg,1753.31,1751.82,4.0,6.0,5.0,9.0
2023-05-13,VfL Wolfsburg,TSG Hoffenheim,1741.73,1618.75,6.0,3.0,7.0,7.0
2023-05-13,Borussia Dortmund,MGladbach,1827.62,1675.98,7.0,3.0,11.0,7.0
2023-05-14,VfB Stuttgart,Bayer Leverkusen,1617.94,1800.53,4.0,4.0,8.0,8.0
2023-05-14,RB Leipzig,Werder Bremen,1796.25,1613.78,6.0,3.0,12.0,4.0
2023-05-19,SC Freiburg,VfL Wolfsburg,1732.84,1734.17,3.0,6.0,9.0,10.0
2023-05-20,Hertha,VfL Bochum,1559.31,1590.63,3.0,4.0,3.0,5.0
2023-05-20,TSG Hoffenheim,Union Berlin,1626.02,1750.73,3.0,4.0,4.0,8.0
2023-05-20,Schalke 04,Eintracht Frankfurt,1589.76,1713.46,6.0,4.0,9.0,5.0
2023-05-20,Werder Bremen,1. FC Koln,1607.74,1669.58,0.0,6.0,3.0,10.0
2023-05-20,Bayern Munich,RB Leipzig,1952.53,1806.03,9.0,9.0,10.0,12.0
2023-05-21,FSV Mainz 05,VfB Stuttgart,1698.82,1611.68,0.0,4.0,4.0,6.0
2023-05-21,FC Augsburg,Borussia Dortmund,1601.79,1841.74,4.0,7.0,5.0,11.0
2023-05-21,Bayer Leverkusen,MGladbach,1779.39,1675.72,2.0,3.0,6.0,4.0
2023-05-27,VfL Bochum,Bayer Leverkusen,1590.63,1779.39,4.0,2.0,5.0,6.0
2023-05-27,Borussia Dortmund,FSV Mainz 05,1841.74,1698.82,9.0,0.0,13.0,3.0
2023-05-27,Eintracht Frankfurt,SC Freiburg,1713.46,1732.84,4.0,3.0,5.0,9.0
2023-05-27,1. FC Koln,Bayern Munich,1669.58,1952.53,7.0,6.0,10.0,9.0
2023-05-27,MGladbach,FC Augsburg,1675.72,1601.79,4.0,3.0,4.0,5.0
2023-05-27,RB Leipzig,Schalke 04,1806.03,1589.76,9.0,4.0,12.0,7.0
2023-05-27,VfB Stuttgart,TSG Hoffenheim,1611.68,1626.02,4.0,6.0,8.0,6.0
2023-05-27,Union Berlin,Werder Bremen,1750.73,1607.74,3.0,1.0,7.0,4.0
2023-05-27,VfL Wolfsburg,Hertha,1734.17,1559.31,3.0,4.0,9.0,4.0
2023-08-18,Werder Bremen,Bayern Munich,1602.03,1935.63,1.0,6.0,1.0,12.0
2023-08-19,FC Augsburg,MGladbach,1587.16,1684.28,0.0,4.0,4.0,7.0
2023-08-19,TSG Hoffenheim,SC Freiburg,1639.18,1732.67,4.0,3.0,7.0,6.0
2023-08-19,Bayer Leverkusen,RB Leipzig,1748.23,1825.38,2.0,9.0,3.0,15.0
2023-08-19,VfB Stuttgart,VfL Bochum,1628.82,1608.66,5.0,7.0,8.0,8.0
2023-08-19,VfL Wolfsburg,1. FC Heidenheim,1710.01,1568.46,3.0,6.0,6.0,10.0
2023-08-19,Borussia Dortmund,1. FC Koln,1840.54,1664.45,7.0,4.0,11.0,7.0
2023-08-20,Union Berlin,FSV Mainz 05,1738.94,1682.04,6.0,1.0,7.0,1.0
2023-08-20,Eintracht Frankfurt,SV Darmstadt 98,1717.05,1552.38,7.0,3.0,8.0,6.0
2023-08-25,RB Leipzig,VfB Stuttgart,1825.38,1628.82,6.0,7.0,12.0,8.0
2023-08-26,VfL Bochum,Borussia Dortmund,1608.66,1840.54,4.0,7.0,7.0,13.0
2023-08-26,SV Darmstadt 98,Union Berlin,1552.38,1738.94,3.0,6.0,3.0,9.0
2023-08-26,1. FC Koln,VfL Wolfsburg,1664.45,1710.01,1.0,3.0,7.0,6.0
2023-08-26,SC Freiburg,Werder Bremen,1732.67,1602.03,6.0,1.0,6.0,1.0
2023-08-26,1. FC Heidenheim,TSG Hoffenheim,1568.46,1639.18,6.0,4.0,7.0,7.0
2023-08-26,MGladbach,Bayer Leverkusen,1684.28,1748.23,5.0,4.0,8.0,5.0
2023-08-27,FSV Mainz 05,Eintracht Frankfurt,1682.04,1717.05,1.0,7.0,1.0,10.0
2023-08-27,Bayern Munich,FC Augsburg,1935.63,1587.16,6.0,1.0,12.0,4.0
2023-09-01,Borussia Dortmund,1. FC Heidenheim,1839.04,1556.53,5.0,3.0,11.0,6.0
2023-09-02,FC Augsburg,VfL Bochum,1587.17,1601.25,1.0,4.0,1.0,8.0
2023-09-02,TSG Hoffenheim,VfL Wolfsburg,1640.42,1723.69,4.0,6.0,7.0,9.0
2023-09-02,Bayer Leverkusen,SV Darmstadt 98,1770.34,1541.73,6.0,0.0,8.0,3.0
2023-09-02,VfB Stuttgart,SC Freiburg,1636.78,1743.83,4.0,6.0,8.0,9.0
2023-09-02,Werder Bremen,FSV Mainz 05,1594.6,1673.41,0.0,2.0,1.0,2.0
2023-09-02,MGladbach,Bayern Munich,1670.76,1942.47,4.0,9.0,5.0,12.0
2023-09-03,Eintracht Frankfurt,1. FC Koln,1722.86,1653.97,7.0,0.0,11.0,4.0
2023-09-03,Union Berlin,RB Leipzig,1756.63,1823.25,9.0,6.0,12.0,12.0
2023-09-15,Bayern Munich,Bayer Leverkusen,1945.68,1774.58,9.0,9.0,12.0,10.0
2023-09-16,1. FC Koln,TSG Hoffenheim,1657.79,1652.23,1.0,6.0,2.0,10.0
2023-09-16,SC Freiburg,Borussia Dortmund,1723.42,1831.42,6.0,5.0,9.0,9.0
2023-09-16,FSV Mainz 05,VfB Stuttgart,1656.89,1657.18,1.0,6.0,2.0,10.0
2023-09-16,RB Leipzig,FC Augsburg,1837.46,1585.71,6.0,2.0,12.0,2.0
2023-09-16,VfL Wolfsburg,Union Berlin,1711.89,1742.42,6.0,6.0,6.0,9.0
2023-09-16,VfL Bochum,Eintracht Frankfurt,1602.71,1719.04,2.0,5.0,6.0,9.0
2023-09-17,1. FC Heidenheim,Werder Bremen,1564.14,1611.12,1.0,3.0,7.0,4.0
2023-09-17,SV Darmstadt 98,MGladbach,1537.49,1667.54,0.0,1.0,3.0,5.0
2023-09-22,VfB Stuttgart,SV Darmstadt 98,1657.18,1537.49,6.0,1.0,10.0,1.0
2023-09-23,FC Augsburg,FSV Mainz 05,1585.71,1656.89,1.0,1.0,2.0,2.0
2023-09-23,Bayern Munich,VfL Bochum,1945.68,1602.71,7.0,3.0,13.0,6.0
2023-09-23,Borussia Dortmund,VfL Wolfsburg,1831.42,1711.89,5.0,6.0,9.0,9.0
2023-09-23,MGladbach,RB Leipzig,1667.54,1837.46,1.0,9.0,5.0,12.0
2023-09-23,Union Berlin,TSG Hoffenheim,1742.42,1652.23,3.0,9.0,9.0,10.0
2023-09-23,Werder Bremen,1. FC Koln,1611.12,1657.79,3.0,1.0,3.0,1.0
2023-09-24,Bayer Leverkusen,1. FC Heidenheim,1774.58,1564.14,7.0,4.0,10.0,7.0
2023-09-24,Eintracht Frankfurt,SC Freiburg,1719.04,1723.42,3.0,3.0,9.0,6.0
2023-09-29,TSG Hoffenheim,Borussia Dortmund,1652.23,1831.42,9.0,7.0,12.0,11.0
2023-09-30,VfL Bochum,MGladbach,1602.71,1667.54,2.0,1.0,3.0,2.0
2023-09-30,1. FC Koln,VfB Stuttgart,1657.79,1657.18,1.0,9.0,1.0,12.0
2023-09-30,1. FC Heidenheim,Union Berlin,1564.14,1742.42,4.0,0.0,4.0,6.0
2023-09-30,FSV Mainz 05,Bayer Leverkusen,1656.89,1774.58,0.0,7.0,1.0,13.0
2023-09-30,VfL Wolfsburg,Eintracht Frankfurt,1711.89,1719.04,3.0,3.0,9.0,7.0
2023-09-30,RB Leipzig,Bayern Munich,1837.46,1945.68,9.0,7.0,12.0,13.0
2023-10-01,SV Darmstadt 98,Werder Bremen,1537.23,1610.64,1.0,6.0,1.0,6.0
2023-10-01,SC Freiburg,FC Augsburg,1725.19,1592.97,1.0,4.0,7.0,5.0
2023-10-06,MGladbach,FSV Mainz 05,1675.1,1628.32,4.0,0.0,4.0,1.0
2023-10-07,FC Augsburg,SV Darmstadt 98,1592.97,1537.23,3.0,4.0,4.0,4.0
2023-10-07,Borussia Dortmund,Union Berlin,1845.56,1709.28,9.0,0.0,11.0,3.0
2023-10-07,RB Leipzig,VfL Bochum,1855.61,1592.35,7.0,1.0,13.0,3.0
2023-10-07,VfB Stuttgart,VfL Wolfsburg,1690.84,1726.87,9.0,6.0,12.0,9.0
2023-10-07,Werder Bremen,TSG Hoffenheim,1610.64,1677.14,3.0,6.0,6.0,12.0
2023-10-08,Bayer Leverkusen,1. FC Koln,1799.64,1626.9,7.0,0.0,13.0,1.0
2023-10-08,Bayern Munich,SC Freiburg,1948.58,1725.19,5.0,4.0,11.0,7.0
2023-10-08,Eintracht Frankfurt,1. FC Heidenheim,1710.36,1583.33,2.0,6.0,4.0,7.0
2023-10-20,Borussia Dortmund,Werder Bremen,1837.65,1581.18,9.0,3.0,13.0,6.0
2023-10-21,SV Darmstadt 98,RB Leipzig,1548.87,1831.13,6.0,5.0,7.0,11.0
2023-10-21,SC Freiburg,VfL Bochum,1707.81,1589.2,4.0,1.0,4.0,3.0
2023-10-21,TSG Hoffenheim,Eintracht Frankfurt,1674.22,1694.99,6.0,4.0,12.0,6.0
2023-10-21,Union Berlin,VfB Stuttgart,1683.17,1690.37,0.0,9.0,0.0,15.0
2023-10-21,VfL Wolfsburg,Bayer Leverkusen,1706.31,1797.82,3.0,9.0,6.0,13.0
2023-10-21,FSV Mainz 05,Bayern Munich,1621.07,1944.26,1.0,7.0,1.0,11.0
2023-10-22,1. FC Koln,MGladbach,1611.71,1661.32,0.0,4.0,1.0,5.0
2023-10-22,1. FC Heidenheim,FC Augsburg,1567.59,1566.8,3.0,3.0,7.0,4.0
2023-10-27,VfL Bochum,FSV Mainz 05,1589.2,1621.07,1.0,1.0,2.0,1.0
2023-10-28,FC Augsburg,VfL Wolfsburg,1566.8,1706.31,3.0,3.0,6.0,6.0
2023-10-28,Bayern Munich,SV Darmstadt 98,1944.26,1548.87,7.0,6.0,11.0,7.0
2023-10-28,MGladbach,1. FC Heidenheim,1661.32,1567.59,4.0,3.0,5.0,6.0
2023-10-28,VfB Stuttgart,TSG Hoffenheim,1690.37,1674.22,9.0,3.0,15.0,9.0
2023-10-28,Werder Bremen,Union Berlin,1581.18,1683.17,0.0,0.0,3.0,0.0
2023-10-28,RB Leipzig,1. FC Koln,1831.13,1611.71,5.0,3.0,11.0,3.0
2023-10-29,Eintracht Frankfurt,Borussia Dortmund,1694.99,1837.65,6.0,9.0,8.0,15.0
2023-10-29,Bayer Leverkusen,SC Freiburg,1797.82,1707.81,9.0,6.0,13.0,7.0
2023-11-03,SV Darmstadt 98,VfL Bochum,1550.28,1592.43,3.0,2.0,6.0,2.0
2023-11-04,1. FC Koln,FC Augsburg,1624.66,1600.6,3.0,6.0,3.0,9.0
2023-11-04,SC Freiburg,MGladbach,1717.88,1662.66,3.0,4.0,7.0,7.0
2023-11-04,TSG Hoffenheim,Bayer Leverkusen,1679.75,1821.38,6.0,9.0,9.0,15.0
2023-11-04,FSV Mainz 05,RB Leipzig,1626.39,1851.35,2.0,7.0,2.0,11.0
2023-11-04,Union Berlin,Eintracht Frankfurt,1658.03,1719.77,0.0,7.0,0.0,8.0
2023-11-04,Borussia Dortmund,Bayern Munich,1856.54,1963.99,7.0,9.0,13.0,13.0
2023-11-05,VfL Wolfsburg,Werder Bremen,1697.66,1599.18,0.0,3.0,3.0,6.0
2023-11-05,1. FC Heidenheim,VfB Stuttgart,1554.83,1704.15,0.0,6.0,3.0,12.0
2023-11-10,MGladbach,VfL Wolfsburg,1662.66,1697.66,4.0,1.0,8.0,4.0
2023-11-11,FC Augsburg,TSG Hoffenheim,1600.6,1679.75,7.0,3.0,7.0,6.0
2023-11-11,Bayern Munich,1. FC Heidenheim,1963.99,1554.83,9.0,3.0,13.0,6.0
2023-11-11,SV Darmstadt 98,FSV Mainz 05,1550.28,1626.39,0.0,4.0,6.0,5.0
2023-11-11,VfB Stuttgart,Borussia Dortmund,1704.15,1856.54,3.0,4.0,9.0,10.0
2023-11-11,VfL Bochum,1. FC Koln,1592.43,1624.66,4.0,4.0,5.0,4.0
2023-11-12,Bayer Leverkusen,Union Berlin,1821.38,1658.03,9.0,0.0,15.0,0.0
2023-11-12,Werder Bremen,Eintracht Frankfurt,1599.18,1719.77,4.0,7.0,4.0,10.0
2023-11-12,RB Leipzig,SC Freiburg,1851.35,1717.88,6.0,4.0,8.0,7.0
2023-11-24,1. FC Koln,Bayern Munich,1633.08,1989.7,2.0,9.0,5.0,15.0
2023-11-25,Borussia Dortmund,MGladbach,1852.62,1689.66,1.0,7.0,7.0,8.0
2023-11-25,SC Freiburg,SV Darmstadt 98,1720.77,1552.36,1.0,1.0,4.0,4.0
2023-11-25,Union Berlin,FC Augsburg,1655.1,1613.1,0.0,5.0,0.0,8.0
2023-11-25,Werder Bremen,Bayer Leverkusen,1615.2,1846.45,5.0,9.0,5.0,15.0
2023-11-25,VfL Wolfsburg,RB Leipzig,1689.18,1852.87,1.0,6.0,1.0,10.0
2023-11-25,Eintracht Frankfurt,VfB Stuttgart,1743.45,1710.07,5.0,3.0,11.0,9.0
2023-11-26,1. FC Heidenheim,VfL Bochum,1577.84,1609.63,3.0,5.0,3.0,6.0
2023-11-26,TSG Hoffenheim,FSV Mainz 05,1683.45,1651.89,4.0,5.0,7.0,6.0
2023-12-01,SV Darmstadt 98,1. FC Koln,1558.64,1631.36,2.0,2.0,2.0,5.0
2023-12-02,VfL Bochum,VfL Wolfsburg,1611.0,1700.03,5.0,4.0,6.0,4.0
2023-12-02,MGladbach,TSG Hoffenheim,1686.06,1681.07,4.0,2.0,7.0,5.0
2023-12-02,RB Leipzig,1. FC Heidenheim,1840.77,1577.21,3.0,4.0,9.0,4.0
2023-12-02,VfB Stuttgart,Werder Bremen,1721.09,1608.69,6.0,2.0,9.0,5.0
2023-12-03,FSV Mainz 05,SC Freiburg,1655.02,1722.87,5.0,2.0,6.0,5.0
2023-12-03,Bayer Leverkusen,Borussia Dortmund,1855.63,1870.36,9.0,3.0,15.0,7.0
2023-12-03,FC Augsburg,Eintracht Frankfurt,1616.51,1719.33,3.0,4.0,9.0,8.0
2023-12-08,TSG Hoffenheim,VfL Bochum,1681.07,1611.0,2.0,5.0,5.0,9.0
2023-12-09,Eintracht Frankfurt,Bayern Munich,1719.33,1983.59,1.0,9.0,5.0,15.0
2023-12-09,1. FC Heidenheim,SV Darmstadt 98,1577.21,1558.64,1.0,2.0,4.0,2.0
2023-12-09,Union Berlin,MGladbach,1654.97,1686.06,1.0,6.0,1.0,10.0
2023-12-09,Werder Bremen,FC Augsburg,1608.69,1616.51,1.0,5.0,5.0,9.0
2023-12-09,VfL Wolfsburg,SC Freiburg,1700.03,1722.87,3.0,4.0,4.0,5.0
2023-12-09,Borussia Dortmund,RB Leipzig,1870.36,1840.77,4.0,6.0,5.0,9.0
2023-12-10,VfB Stuttgart,Bayer Leverkusen,1721.09,1855.63,9.0,7.0,9.0,13.0
2023-12-10,1. FC Koln,FSV Mainz 05,1631.36,1655.02,4.0,2.0,5.0,6.0
2023-12-15,MGladbach,Werder Bremen,1674.09,1605.2,3.0,3.0,7.0,5.0
2023-12-16,FC Augsburg,Borussia Dortmund,1608.13,1851.9,4.0,4.0,6.0,4.0
2023-12-16,VfL Bochum,Union Berlin,1608.28,1654.23,4.0,4.0,8.0,4.0
2023-12-16,SV Darmstadt 98,VfL Wolfsburg,1537.49,1671.61,1.0,3.0,2.0,4.0
2023-12-16,FSV Mainz 05,1. FC Heidenheim,1641.03,1573.35,2.0,4.0,6.0,7.0
2023-12-16,RB Leipzig,TSG Hoffenheim,1847.08,1674.37,6.0,4.0,9.0,5.0
2023-12-17,SC Freiburg,1. FC Koln,1724.15,1629.68,7.0,4.0,8.0,6.0
2023-12-17,Bayer Leverkusen,Eintracht Frankfurt,1847.01,1706.78,5.0,3.0,11.0,7.0
2023-12-17,Bayern Munich,VfB Stuttgart,1955.94,1720.34,6.0,7.0,12.0,10.0
2023-12-19,Werder Bremen,RB Leipzig,1605.2,1847.08,4.0,9.0,5.0,12.0
2023-12-19,Borussia Dortmund,FSV Mainz 05,1851.9,1641.03,2.0,1.0,5.0,3.0
2023-12-19,TSG Hoffenheim,SV Darmstadt 98,1674.37,1537.49,3.0,0.0,5.0,2.0
2023-12-20,Union Berlin,1. FC Koln,1654.23,1629.68,4.0,4.0,4.0,5.0
2023-12-20,Eintracht Frankfurt,MGladbach,1706.78,1674.09,3.0,4.0,4.0,7.0
2023-12-20,1. FC Heidenheim,SC Freiburg,1573.35,1724.15,6.0,9.0,7.0,10.0
2023-12-20,Bayer Leverkusen,VfL Bochum,1847.01,1608.28,5.0,6.0,11.0,8.0
2023-12-20,VfB Stuttgart,FC Augsburg,1720.34,1608.13,4.0,4.0,10.0,6.0
2023-12-20,VfL Wolfsburg,Bayern Munich,1671.61,1955.94,3.0,6.0,6.0,12.0
2024-01-12,Bayern Munich,TSG Hoffenheim,1962.54,1665.17,6.0,4.0,12.0,5.0
2024-01-13,FC Augsburg,Bayer Leverkusen,1605.97,1856.9,1.0,7.0,5.0,11.0
2024-01-13,1. FC Koln,1. FC Heidenheim,1615.33,1594.82,1.0,9.0,4.0,10.0
2024-01-13,SC Freiburg,Union Berlin,1720.07,1649.7,6.0,6.0,10.0,7.0
2024-01-13,FSV Mainz 05,VfL Wolfsburg,1636.33,1674.63,2.0,3.0,3.0,6.0
2024-01-13,RB Leipzig,Eintracht Frankfurt,1846.3,1706.44,7.0,6.0,10.0,6.0
2024-01-13,SV Darmstadt 98,Borussia Dortmund,1536.66,1840.45,1.0,2.0,2.0,6.0
2024-01-14,VfL Bochum,Werder Bremen,1617.08,1613.56,3.0,5.0,7.0,5.0
2024-01-14,MGladbach,VfB Stuttgart,1664.96,1723.72,1.0,4.0,4.0,10.0
2024-01-20,VfL Bochum,VfB Stuttgart,1615.08,1712.92,4.0,3.0,7.0,7.0
2024-01-20,SV Darmstadt 98,Eintracht Frankfurt,1531.83,1719.47,1.0,6.0,1.0,9.0
2024-01-20,1. FC Koln,Borussia Dortmund,1612.8,1845.28,1.0,5.0,5.0,6.0
2024-01-20,SC Freiburg,TSG Hoffenheim,1716.25,1662.83,4.0,1.0,10.0,4.0
2024-01-20,1. FC Heidenheim,VfL Wolfsburg,1597.35,1675.52,7.0,4.0,10.0,4.0
2024-01-20,RB Leipzig,Bayer Leverkusen,1833.27,1860.62,4.0,9.0,10.0,11.0
2024-01-21,Bayern Munich,Werder Bremen,1964.89,1615.56,9.0,3.0,12.0,6.0
2024-01-21,MGladbach,FC Augsburg,1675.76,1602.25,4.0,1.0,7.0,4.0
2024-01-24,Bayern Munich,Union Berlin,1964.89,1653.52,6.0,4.0,9.0,8.0
2024-01-26,Eintracht Frankfurt,FSV Mainz 05,1719.47,1635.45,7.0,2.0,10.0,3.0
2024-01-27,FC Augsburg,Bayern Munich,1602.25,1964.89,3.0,6.0,4.0,12.0
2024-01-27,TSG Hoffenheim,1. FC Heidenheim,1662.83,1597.35,1.0,5.0,4.0,11.0
2024-01-27,VfB Stuttgart,RB Leipzig,1712.92,1833.27,3.0,1.0,4.0,7.0
2024-01-27,Werder Bremen,SC Freiburg,1615.56,1716.25,5.0,4.0,9.0,10.0
2024-01-27,VfL Wolfsburg,1. FC Koln,1675.52,1612.8,2.0,1.0,5.0,2.0
2024-01-27,Bayer Leverkusen,MGladbach,1860.62,1675.76,9.0,3.0,13.0,4.0
2024-01-28,Union Berlin,SV Darmstadt 98,1653.52,1531.83,4.0,2.0,7.0,2.0
2024-01-28,Borussia Dortmund,VfL Bochum,1845.28,1615.08,7.0,4.0,8.0,7.0
2024-02-02,1. FC Heidenheim,Borussia Dortmund,1601.17,1856.2,3.0,9.0,9.0,11.0
2024-02-03,Bayern Munich,MGladbach,1952.44,1670.81,6.0,4.0,12.0,5.0
2024-02-03,VfL Bochum,FC Augsburg,1620.99,1611.36,4.0,3.0,7.0,4.0
2024-02-03,SV Darmstadt 98,Bayer Leverkusen,1531.42,1863.05,1.0,7.0,2.0,13.0
2024-02-03,SC Freiburg,VfB Stuttgart,1709.17,1720.01,4.0,3.0,7.0,6.0
2024-02-03,FSV Mainz 05,Werder Bremen,1630.95,1643.95,2.0,7.0,3.0,9.0
2024-02-03,1. FC Koln,Eintracht Frankfurt,1608.52,1720.62,2.0,7.0,2.0,10.0
2024-02-04,VfL Wolfsburg,TSG Hoffenheim,1671.44,1654.34,3.0,1.0,6.0,2.0
2024-02-04,RB Leipzig,Union Berlin,1808.41,1655.79,0.0,4.0,4.0,7.0
2024-02-07,FSV Mainz 05,Union Berlin,1630.95,1655.79,1.0,3.0,2.0,7.0
2024-02-09,Borussia Dortmund,SC Freiburg,1856.2,1709.17,7.0,3.0,11.0,4.0
2024-02-10,FC Augsburg,RB Leipzig,1611.36,1808.41,4.0,3.0,4.0,4.0
2024-02-10,Eintracht Frankfurt,VfL Bochum,1720.62,1620.99,4.0,4.0,10.0,5.0
2024-02-10,MGladbach,SV Darmstadt 98,1670.81,1531.42,1.0,1.0,4.0,2.0
2024-02-10,Union Berlin,VfL Wolfsburg,1655.79,1671.44,4.0,3.0,5.0,4.0
2024-02-10,Werder Bremen,1. FC Heidenheim,1643.95,1601.17,9.0,3.0,11.0,7.0
2024-02-10,Bayer Leverkusen,Bayern Munich,1863.05,1952.44,7.0,9.0,13.0,12.0
2024-02-11,VfB Stuttgart,FSV Mainz 05,1720.01,1630.95,6.0,1.0,9.0,3.0
2024-02-11,TSG Hoffenheim,1. FC Koln,1654.34,1608.52,2.0,4.0,3.0,5.0
2024-02-16,1. FC Koln,Werder Bremen,1622.02,1640.11,5.0,6.0,6.0,10.0
2024-02-17,SV Darmstadt 98,VfB Stuttgart,1530.86,1736.34,1.0,9.0,2.0,9.0
2024-02-17,1. FC Heidenheim,Bayer Leverkusen,1614.53,1878.68,5.0,7.0,7.0,13.0
2024-02-17,TSG Hoffenheim,Union Berlin,1651.38,1656.84,3.0,4.0,3.0,7.0
2024-02-17,FSV Mainz 05,FC Augsburg,1612.57,1614.76,1.0,2.0,2.0,5.0
2024-02-17,VfL Wolfsburg,Borussia Dortmund,1659.84,1854.05,2.0,7.0,4.0,13.0
2024-02-17,RB Leipzig,MGladbach,1803.68,1660.88,4.0,2.0,4.0,5.0
2024-02-18,SC Freiburg,Eintracht Frankfurt,1688.15,1700.96,0.0,4.0,4.0,8.0
2024-02-18,VfL Bochum,Bayern Munich,1620.58,1933.4,2.0,6.0,6.0,9.0
2024-02-23,Bayer Leverkusen,FSV Mainz 05,1878.68,1612.57,9.0,4.0,13.0,4.0
2024-02-24,MGladbach,VfL Bochum,1660.88,1620.58,1.0,5.0,2.0,8.0
2024-02-24,VfB Stuttgart,1. FC Koln,1736.34,1622.02,9.0,4.0,12.0,5.0
2024-02-24,Union Berlin,1. FC Heidenheim,1656.84,1614.53,7.0,4.0,10.0,6.0
2024-02-24,Werder Bremen,SV Darmstadt 98,1640.11,1530.86,6.0,1.0,12.0,2.0
2024-02-24,Bayern Munich,RB Leipzig,1933.4,1803.68,3.0,7.0,9.0,7.0
2024-02-25,Eintracht Frankfurt,VfL Wolfsburg,1700.96,1659.84,2.0,2.0,6.0,4.0
2024-02-25,Borussia Dortmund,TSG Hoffenheim,1854.05,1651.38,5.0,2.0,11.0,3.0
2024-02-25,FC Augsburg,SC Freiburg,1614.76,1688.15,2.0,1.0,5.0,4.0
2024-03-01,SC Freiburg,Bayern Munich,1693.16,1925.15,1.0,3.0,1.0,9.0
2024-03-02,VfL Bochum,RB Leipzig,1626.47,1806.18,4.0,4.0,5.0,7.0
2024-03-02,SV Darmstadt 98,FC Augsburg,1533.1,1618.76,2.0,4.0,2.0,5.0
2024-03-02,1. FC Heidenheim,Eintracht Frankfurt,1616.25,1691.7,4.0,3.0,6.0,6.0
2024-03-02,FSV Mainz 05,MGladbach,1619.0,1668.01,3.0,4.0,4.0,5.0
2024-03-02,Union Berlin,Borussia Dortmund,1664.92,1840.24,7.0,4.0,8.0,8.0
2024-03-02,VfL Wolfsburg,VfB Stuttgart,1667.88,1737.63,2.0,7.0,4.0,13.0
2024-03-03,1. FC Koln,Bayer Leverkusen,1619.56,1885.77,2.0,9.0,6.0,13.0
2024-03-03,TSG Hoffenheim,Werder Bremen,1657.79,1646.31,4.0,4.0,6.0,10.0
2024-03-08,VfB Stuttgart,Union Berlin,1737.63,1664.92,7.0,4.0,13.0,8.0
2024-03-09,FC Augsburg,1. FC Heidenheim,1618.76,1616.25,6.0,1.0,8.0,5.0
2024-03-09,Bayern Munich,FSV Mainz 05,1925.15,1619.0,4.0,4.0,7.0,5.0
2024-03-09,MGladbach,1. FC Koln,1668.01,1619.56,4.0,1.0,5.0,5.0
2024-03-09,RB Leipzig,SV Darmstadt 98,1806.18,1533.1,6.0,1.0,10.0,2.0
2024-03-09,Werder Bremen,Borussia Dortmund,1646.31,1840.24,4.0,4.0,7.0,8.0
2024-03-10,VfL Bochum,SC Freiburg,1626.47,1693.16,3.0,2.0,5.0,2.0
2024-03-10,Eintracht Frankfurt,TSG Hoffenheim,1691.7,1657.79,5.0,6.0,6.0,8.0
2024-03-10,Bayer Leverkusen,VfL Wolfsburg,1885.77,1667.88,9.0,2.0,15.0,3.0
2024-03-15,1. FC Koln,RB Leipzig,1619.62,1817.92,2.0,6.0,3.0,10.0
2024-03-16,SV Darmstadt 98,Bayern Munich,1514.14,1936.07,1.0,7.0,2.0,7.0
2024-03-16,1. FC Heidenheim,MGladbach,1604.48,1667.08,1.0,5.0,4.0,6.0
2024-03-16,FSV Mainz 05,VfL Bochum,1616.57,1611.68,1.0,0.0,4.0,4.0
2024-03-16,Union Berlin,Werder Bremen,1652.81,1637.69,1.0,1.0,7.0,4.0
2024-03-16,VfL Wolfsburg,FC Augsburg,1658.57,1644.78,1.0,9.0,2.0,10.0
2024-03-16,TSG Hoffenheim,VfB Stuttgart,1657.81,1753.57,6.0,7.0,7.0,13.0
2024-03-17,SC Freiburg,Bayer Leverkusen,1691.91,1896.93,4.0,9.0,5.0,15.0
2024-03-17,Borussia Dortmund,Eintracht Frankfurt,1863.6,1708.95,6.0,7.0,10.0,9.0
2024-03-30,Eintracht Frankfurt,Union Berlin,1708.95,1652.81,6.0,3.0,8.0,7.0
2024-03-30,Bayer Leverkusen,TSG Hoffenheim,1896.93,1657.81,9.0,3.0,15.0,6.0
2024-03-30,MGladbach,SC Freiburg,1667.08,1691.91,3.0,4.0,6.0,5.0
2024-03-30,RB Leipzig,FSV Mainz 05,1817.92,1616.57,9.0,4.0,12.0,7.0
2024-03-30,Werder Bremen,VfL Wolfsburg,1637.69,1658.57,0.0,0.0,4.0,2.0
2024-03-30,Bayern Munich,Borussia Dortmund,1936.07,1863.6,7.0,9.0,10.0,10.0
2024-03-31,FC Augsburg,1. FC Koln,1644.78,1619.62,9.0,1.0,12.0,2.0
2024-03-31,VfB Stuttgart,1. FC Heidenheim,1753.57,1604.48,9.0,1.0,13.0,2.0
2024-03-31,VfL Bochum,SV Darmstadt 98,1611.68,1514.14,0.0,0.0,3.0,1.0
2024-04-05,Eintracht Frankfurt,Werder Bremen,1701.48,1618.35,4.0,0.0,8.0,1.0
2024-04-06,1. FC Koln,VfL Bochum,1613.22,1598.64,2.0,1.0,3.0,1.0
2024-04-06,SC Freiburg,RB Leipzig,1703.04,1820.92,6.0,7.0,7.0,10.0
2024-04-06,1. FC Heidenheim,Bayern Munich,1610.1,1922.68,2.0,6.0,3.0,10.0
2024-04-06,FSV Mainz 05,SV Darmstadt 98,1631.95,1515.77,4.0,1.0,5.0,2.0
2024-04-06,Union Berlin,Bayer Leverkusen,1661.98,1903.19,4.0,9.0,5.0,15.0
2024-04-06,Borussia Dortmund,VfB Stuttgart,1883.89,1759.98,9.0,7.0,12.0,11.0
2024-04-07,TSG Hoffenheim,FC Augsburg,1643.97,1655.84,0.0,7.0,6.0,13.0
2024-04-07,VfL Wolfsburg,MGladbach,1657.68,1651.5,3.0,2.0,4.0,6.0
2024-04-12,FC Augsburg,Union Berlin,1655.84,1661.98,4.0,4.0,10.0,4.0
2024-04-13,Bayern Munich,1. FC Koln,1922.68,1613.22,3.0,4.0,7.0,5.0
2024-04-13,VfL Bochum,1. FC Heidenheim,1598.64,1610.1,1.0,5.0,1.0,5.0
2024-04-13,FSV Mainz 05,TSG Hoffenheim,1631.95,1643.97,7.0,3.0,8.0,6.0
2024-04-13,MGladbach,Borussia Dortmund,1651.5,1883.89,4.0,6.0,6.0,12.0
2024-04-13,RB Leipzig,VfL Wolfsburg,1820.92,1657.68,7.0,3.0,13.0,3.0
2024-04-13,VfB Stuttgart,Eintracht Frankfurt,1759.98,1701.48,7.0,2.0,13.0,8.0
2024-04-14,SV Darmstadt 98,SC Freiburg,1515.77,1703.04,1.0,3.0,1.0,7.0
2024-04-14,Bayer Leverkusen,Werder Bremen,1903.19,1618.35,9.0,1.0,15.0,1.0
2024-04-19,Eintracht Frankfurt,FC Augsburg,1691.07,1657.69,2.0,4.0,5.0,10.0
2024-04-20,1. FC Koln,SV Darmstadt 98,1618.86,1504.58,4.0,1.0,5.0,1.0
2024-04-20,1. FC Heidenheim,RB Leipzig,1626.31,1838.1,5.0,7.0,6.0,13.0
2024-04-20,TSG Hoffenheim,MGladbach,1643.33,1662.1,3.0,3.0,3.0,5.0
2024-04-20,VfL Wolfsburg,VfL Bochum,1641.17,1593.16,3.0,2.0,3.0,2.0
2024-04-20,Union Berlin,Bayern Munich,1649.93,1915.84,1.0,3.0,4.0,9.0
2024-04-21,Werder Bremen,VfB Stuttgart,1620.28,1782.14,1.0,7.0,1.0,13.0
2024-04-21,Borussia Dortmund,Bayer Leverkusen,1873.96,1916.91,6.0,9.0,12.0,15.0
2024-04-21,SC Freiburg,FSV Mainz 05,1698.46,1653.21,6.0,7.0,9.0,10.0
2024-04-26,VfL Bochum,TSG Hoffenheim,1593.16,1643.33,1.0,6.0,2.0,6.0
2024-04-27,FC Augsburg,Werder Bremen,1657.69,1620.28,3.0,4.0,7.0,4.0
2024-04-27,Bayern Munich,Eintracht Frankfurt,1915.84,1691.07,6.0,4.0,9.0,5.0
2024-04-27,SC Freiburg,VfL Wolfsburg,1698.46,1641.17,4.0,3.0,7.0,6.0
2024-04-27,RB Leipzig,Borussia Dortmund,1838.1,1873.96,9.0,4.0,13.0,10.0
2024-04-27,Bayer Leverkusen,VfB Stuttgart,1916.91,1782.14,7.0,6.0,13.0,10.0
2024-04-28,MGladbach,Union Berlin,1662.1,1649.93,3.0,0.0,4.0,4.0
2024-04-28,FSV Mainz 05,1. FC Koln,1653.21,1618.86,7.0,3.0,11.0,4.0
2024-04-28,SV Darmstadt 98,1. FC Heidenheim,1504.58,1626.31,3.0,4.0,4.0,6.0
2024-05-03,TSG Hoffenheim,RB Leipzig,1648.88,1862.26,3.0,9.0,6.0,13.0
2024-05-04,Borussia Dortmund,FC Augsburg,1879.29,1639.28,4.0,3.0,7.0,4.0
2024-05-04,VfB Stuttgart,Bayern Munich,1783.54,1937.83,4.0,9.0,8.0,9.0
2024-05-04,Werder Bremen,MGladbach,1654.93,1660.27,6.0,1.0,7.0,4.0
2024-05-04,VfL Wolfsburg,SV Darmstadt 98,1664.02,1522.18,6.0,3.0,9.0,4.0
2024-05-04,1. FC Koln,SC Freiburg,1611.08,1691.6,1.0,4.0,5.0,7.0
2024-05-05,Union Berlin,VfL Bochum,1652.08,1602.64,1.0,4.0,2.0,5.0
2024-05-05,Eintracht Frankfurt,Bayer Leverkusen,1703.7,1921.0,3.0,5.0,5.0,11.0
2024-05-05,1. FC Heidenheim,FSV Mainz 05,1635.6,1659.82,4.0,5.0,8.0,9.0
2024-05-10,FC Augsburg,VfB Stuttgart,1639.28,1783.54,0.0,4.0,3.0,10.0
2024-05-11,1. FC Koln,Union Berlin,1611.08,1652.08,2.0,1.0,5.0,1.0
2024-05-11,SC Freiburg,1. FC Heidenheim,1691.6,1635.6,2.0,4.0,5.0,8.0
2024-05-11,MGladbach,Eintracht Frankfurt,1660.27,1703.7,2.0,3.0,5.0,4.0
2024-05-11,RB Leipzig,Werder Bremen,1862.26,1654.93,7.0,7.0,13.0,8.0
2024-05-11,FSV Mainz 05,Borussia Dortmund,1659.82,1879.29,3.0,4.0,9.0,7.0
2024-05-12,SV Darmstadt 98,TSG Hoffenheim,1522.18,1648.88,3.0,4.0,3.0,7.0
2024-05-12,Bayern Munich,VfL Wolfsburg,1937.83,1664.02,6.0,9.0,9.0,9.0
2024-05-12,VfL Bochum,Bayer Leverkusen,1602.64,1921.0,6.0,5.0,7.0,11.0
2024-05-18,Borussia Dortmund,SV Darmstadt 98,1882.78,1507.82,3.0,0.0,7.0,3.0
2024-05-18,Eintracht Frankfurt,RB Leipzig,1702.25,1857.54,1.0,5.0,4.0,11.0
2024-05-18,1. FC Heidenheim,1. FC Koln,1643.72,1625.35,5.0,5.0,6.0,5.0
2024-05-18,TSG Hoffenheim,Bayern Munich,1673.32,1925.9,4.0,6.0,7.0,12.0
2024-05-18,Bayer Leverkusen,FC Augsburg,1949.09,1635.88,7.0,0.0,11.0,3.0
2024-05-18,VfB Stuttgart,MGladbach,1809.55,1667.0,7.0,3.0,10.0,3.0
2024-05-18,Union Berlin,SC Freiburg,1639.61,1693.67,1.0,2.0,1.0,6.0
2024-05-18,Werder Bremen,VfL Bochum,1665.83,1614.08,5.0,6.0,8.0,7.0
2024-05-18,VfL Wolfsburg,FSV Mainz 05,1673.3,1688.53,6.0,5.0,9.0,9.0
2024-08-23,MGladbach,Bayer Leverkusen,1652.19,1925.04,2.0,9.0,3.0,11.0
2024-08-24,FC Augsburg,Werder Bremen,1626.44,1666.81,0.0,5.0,0.0,11.0
2024-08-24,SC Freiburg,VfB Stuttgart,1677.57,1808.24,2.0,9.0,3.0,10.0
2024-08-24,TSG Hoffenheim,Holstein Kiel,1683.04,1573.52,7.0,7.0,10.0,10.0
2024-08-24,FSV Mainz 05,Union Berlin,1693.45,1639.59,7.0,3.0,9.0,4.0
2024-08-24,RB Leipzig,VfL Bochum,1846.69,1596.98,3.0,3.0,9.0,6.0
2024-08-24,Borussia Dortmund,Eintracht Frankfurt,1869.19,1696.99,6.0,2.0,7.0,5.0
2024-08-25,VfL Wolfsburg,Bayern Munich,1652.27,1900.07,3.0,3.0,9.0,9.0
2024-08-25,FC St. Pauli,1. FC Heidenheim,1598.64,1646.4,6.0,5.0,12.0,8.0
2024-08-30,Union Berlin,FC St. Pauli,1639.59,1598.64,4.0,6.0,5.0,9.0
2024-08-31,VfL Bochum,MGladbach,1596.98,1652.19,0.0,1.0,6.0,3.0
2024-08-31,Eintracht Frankfurt,TSG Hoffenheim,1696.99,1683.04,2.0,9.0,2.0,10.0
2024-08-31,Holstein Kiel,VfL Wolfsburg,1573.52,1652.27,4.0,0.0,7.0,6.0
2024-08-31,VfB Stuttgart,FSV Mainz 05,1808.24,1693.45,6.0,7.0,10.0,9.0
2024-08-31,Werder Bremen,Borussia Dortmund,1666.81,1869.19,5.0,6.0,9.0,9.0
2024-08-31,Bayer Leverkusen,RB Leipzig,1925.04,1846.69,9.0,5.0,13.0,9.0
2024-09-01,1. FC Heidenheim,FC Augsburg,1662.52,1626.92,7.0,1.0,11.0,1.0
2024-09-01,Bayern Munich,SC Freiburg,1904.78,1692.27,6.0,4.0,9.0,5.0
2024-09-13,Borussia Dortmund,1. FC Heidenheim,1870.38,1662.52,7.0,9.0,10.0,11.0
2024-09-14,SC Freiburg,VfL Bochum,1692.27,1584.68,3.0,0.0,5.0,3.0
2024-09-14,TSG Hoffenheim,Bayer Leverkusen,1679.07,1917.84,6.0,6.0,10.0,12.0
2024-09-14,MGladbach,VfB Stuttgart,1661.61,1791.27,3.0,4.0,5.0,10.0
2024-09-14,RB Leipzig,Union Berlin,1861.05,1649.06,7.0,7.0,9.0,7.0
2024-09-14,VfL Wolfsburg,Eintracht Frankfurt,1660.19,1702.81,3.0,4.0,6.0,5.0
2024-09-14,Holstein Kiel,Bayern Munich,1560.27,1904.78,3.0,6.0,7.0,9.0
2024-09-15,FC Augsburg,FC St. Pauli,1615.73,1582.58,1.0,3.0,1.0,6.0
2024-09-15,FSV Mainz 05,Werder Bremen,1695.74,1672.42,5.0,5.0,9.0,7.0
2024-09-20,FC Augsburg,FSV Mainz 05,1615.73,1695.74,4.0,2.0,4.0,8.0
2024-09-21,VfL Bochum,Holstein Kiel,1580.6,1555.67,0.0,0.0,0.0,4.0
2024-09-21,1. FC Heidenheim,SC Freiburg,1670.02,1693.01,6.0,6.0,10.0,7.0
2024-09-21,Union Berlin,TSG Hoffenheim,1655.58,1672.75,5.0,3.0,8.0,9.0
2024-09-21,Werder Bremen,Bayern Munich,1672.42,1912.72,5.0,9.0,9.0,12.0
2024-09-21,Eintracht Frankfurt,MGladbach,1711.3,1653.2,6.0,3.0,8.0,4.0
2024-09-22,Bayer Leverkusen,VfL Wolfsburg,1924.16,1651.71,6.0,3.0,12.0,3.0
2024-09-22,VfB Stuttgart,Borussia Dortmund,1799.68,1874.08,4.0,7.0,10.0,10.0
2024-09-22,FC St. Pauli,RB Leipzig,1582.58,1854.54,0.0,7.0,6.0,9.0
2024-09-27,Borussia Dortmund,VfL Bochum,1874.08,1580.6,4.0,1.0,10.0,1.0
2024-09-28,SC Freiburg,FC St. Pauli,1693.01,1582.58,6.0,1.0,9.0,4.0
2024-09-28,FSV Mainz 05,1. FC Heidenheim,1695.74,1670.02,4.0,3.0,8.0,9.0
2024-09-28,MGladbach,Union Berlin,1653.2,1655.58,3.0,7.0,3.0,11.0
2024-09-28,RB Leipzig,FC Augsburg,1854.54,1615.73,5.0,3.0,9.0,4.0
2024-09-28,VfL Wolfsburg,VfB Stuttgart,1651.71,1799.68,3.0,7.0,3.0,10.0
2024-09-28,Bayern Munich,Bayer Leverkusen,1912.72,1924.16,9.0,6.0,12.0,12.0
2024-09-29,Holstein Kiel,Eintracht Frankfurt,1555.67,1711.3,1.0,9.0,4.0,10.0
2024-09-29,TSG Hoffenheim,Werder Bremen,1672.75,1672.42,0.0,4.0,6.0,8.0
2024-10-04,FC Augsburg,MGladbach,1614.8,1656.37,3.0,3.0,4.0,6.0
2024-10-05,VfL Bochum,VfL Wolfsburg,1579.44,1656.46,1.0,1.0,1.0,4.0
2024-10-05,Bayer Leverkusen,Holstein Kiel,1940.88,1553.77,7.0,1.0,10.0,1.0
2024-10-05,Union Berlin,Borussia Dortmund,1658.86,1872.05,4.0,6.0,8.0,10.0
2024-10-05,Werder Bremen,SC Freiburg,1686.42,1689.77,6.0,6.0,8.0,9.0
2024-10-05,FC St. Pauli,FSV Mainz 05,1605.21,1682.1,4.0,3.0,4.0,5.0
2024-10-06,1. FC Heidenheim,RB Leipzig,1672.9,1850.53,3.0,5.0,9.0,11.0
2024-10-06,Eintracht Frankfurt,Bayern Munich,1724.32,1925.75,9.0,7.0,12.0,13.0
2024-10-06,VfB Stuttgart,TSG Hoffenheim,1814.59,1660.88,7.0,0.0,8.0,3.0
2024-10-18,Borussia Dortmund,FC St. Pauli,1864.24,1591.98,3.0,4.0,7.0,4.0
2024-10-19,SC Freiburg,FC Augsburg,1698.25,1621.83,6.0,3.0,9.0,6.0
2024-10-19,TSG Hoffenheim,VfL Bochum,1669.96,1568.7,1.0,1.0,1.0,1.0
2024-10-19,Bayer Leverkusen,Eintracht Frankfurt,1935.1,1734.64,5.0,7.0,8.0,13.0
2024-10-19,FSV Mainz 05,RB Leipzig,1693.99,1844.11,6.0,7.0,7.0,11.0
2024-10-19,MGladbach,1. FC Heidenheim,1648.02,1669.02,3.0,3.0,6.0,6.0
2024-10-19,Bayern Munich,VfB Stuttgart,1912.3,1804.37,5.0,5.0,11.0,9.0
2024-10-20,Holstein Kiel,Union Berlin,1561.62,1670.61,2.0,6.0,2.0,10.0
2024-10-20,VfL Wolfsburg,Werder Bremen,1665.87,1676.62,4.0,3.0,7.0,7.0
2024-10-25,FSV Mainz 05,MGladbach,1693.99,1648.02,3.0,6.0,6.0,6.0
2024-10-26,FC Augsburg,Borussia Dortmund,1621.83,1864.24,3.0,6.0,6.0,9.0
2024-10-26,RB Leipzig,SC Freiburg,1844.11,1698.25,9.0,6.0,11.0,12.0
2024-10-26,FC St. Pauli,VfL Wolfsburg,1591.98,1665.87,3.0,4.0,4.0,4.0
2024-10-26,VfB Stuttgart,Holstein Kiel,1804.37,1561.62,2.0,1.0,8.0,2.0
2024-10-26,Werder Bremen,Bayer Leverkusen,1676.62,1935.1,6.0,5.0,9.0,11.0
2024-10-27,VfL Bochum,Bayern Munich,1568.7,1912.3,0.0,5.0,1.0,11.0
2024-10-27,Union Berlin,Eintracht Frankfurt,1670.61,1734.64,6.0,4.0,10.0,10.0
2024-10-27,1. FC Heidenheim,TSG Hoffenheim,1669.02,1669.96,3.0,4.0,3.0,4.0
2024-11-01,Bayer Leverkusen,VfB Stuttgart,1923.26,1804.45,5.0,4.0,9.0,8.0
2024-11-02,Bayern Munich,Union Berlin,1908.25,1674.53,7.0,7.0,11.0,10.0
2024-11-02,Eintracht Frankfurt,VfL Bochum,1726.86,1553.04,2.0,0.0,8.0,1.0
2024-11-02,TSG Hoffenheim,FC St. Pauli,1666.82,1585.14,5.0,1.0,5.0,5.0
2024-11-02,Holstein Kiel,1. FC Heidenheim,1545.0,1660.11,1.0,1.0,2.0,4.0
2024-11-02,VfL Wolfsburg,FC Augsburg,1647.22,1622.08,4.0,6.0,5.0,6.0
2024-11-02,Borussia Dortmund,RB Leipzig,1841.71,1843.91,3.0,9.0,6.0,13.0
2024-11-03,SC Freiburg,FSV Mainz 05,1694.6,1678.66,6.0,4.0,9.0,7.0
2024-11-03,MGladbach,Werder Bremen,1652.03,1689.08,4.0,4.0,7.0,7.0
2024-11-08,Union Berlin,SC Freiburg,1674.53,1694.6,4.0,4.0,7.0,7.0
2024-11-09,VfL Bochum,Bayer Leverkusen,1553.04,1923.26,0.0,5.0,0.0,7.0
2024-11-09,FSV Mainz 05,Borussia Dortmund,1678.66,1841.71,2.0,6.0,5.0,9.0
2024-11-09,FC St. Pauli,Bayern Munich,1585.14,1908.25,4.0,9.0,7.0,11.0
2024-11-09,Werder Bremen,Holstein Kiel,1689.08,1545.0,4.0,3.0,7.0,4.0
2024-11-09,RB Leipzig,MGladbach,1843.91,1652.03,6.0,7.0,12.0,10.0
2024-11-10,FC Augsburg,TSG Hoffenheim,1622.08,1666.82,4.0,4.0,7.0,5.0
2024-11-10,VfB Stuttgart,Eintracht Frankfurt,1804.45,1726.86,4.0,4.0,6.0,8.0
2024-11-10,1. FC Heidenheim,VfL Wolfsburg,1660.11,1647.22,1.0,2.0,4.0,6.0
2024-11-22,Bayern Munich,FC Augsburg,1912.21,1617.74,9.0,5.0,13.0,8.0
2024-11-23,Borussia Dortmund,SC Freiburg,1828.54,1687.78,3.0,2.0,6.0,8.0
2024-11-23,TSG Hoffenheim,RB Leipzig,1646.15,1812.09,2.0,4.0,6.0,10.0
2024-11-23,Bayer Leverkusen,1. FC Heidenheim,1896.3,1637.09,3.0,1.0,7.0,1.0
2024-11-23,VfB Stuttgart,VfL Bochum,1781.3,1547.71,4.0,1.0,5.0,1.0
2024-11-23,VfL Wolfsburg,Union Berlin,1653.07,1664.13,5.0,2.0,8.0,8.0
2024-11-23,Eintracht Frankfurt,Werder Bremen,1745.12,1674.11,7.0,4.0,8.0,7.0
2024-11-24,Holstein Kiel,FSV Mainz 05,1544.9,1690.33,3.0,5.0,4.0,8.0
2024-11-24,MGladbach,FC St. Pauli,1664.78,1592.78,5.0,4.0,8.0,4.0
2024-11-29,FC St. Pauli,Holstein Kiel,1592.78,1544.9,3.0,3.0,4.0,3.0
2024-11-30,FC Augsburg,VfL Bochum,1617.74,1547.71,2.0,1.0,5.0,1.0
2024-11-30,SC Freiburg,MGladbach,1687.78,1664.78,2.0,7.0,5.0,11.0
2024-11-30,RB Leipzig,VfL Wolfsburg,1812.09,1653.07,1.0,7.0,7.0,8.0
2024-11-30,Union Berlin,Bayer Leverkusen,1664.13,1896.3,1.0,5.0,5.0,9.0
2024-11-30,Werder Bremen,VfB Stuttgart,1674.11,1781.3,3.0,4.0,7.0,7.0
2024-11-30,Borussia Dortmund,Bayern Munich,1828.54,1912.21,6.0,9.0,9.0,15.0
2024-12-01,FSV Mainz 05,TSG Hoffenheim,1692.69,1639.14,7.0,4.0,8.0,8.0
2024-12-01,1. FC Heidenheim,Eintracht Frankfurt,1620.4,1748.56,0.0,9.0,1.0,10.0
2024-12-06,VfB Stuttgart,Union Berlin,1753.37,1646.29,4.0,1.0,8.0,2.0
2024-12-07,Bayern Munich,1. FC Heidenheim,1912.29,1620.4,7.0,0.0,13.0,1.0
2024-12-07,VfL Bochum,Werder Bremen,1532.41,1663.28,1.0,4.0,1.0,5.0
2024-12-07,Eintracht Frankfurt,FC Augsburg,1748.56,1612.91,9.0,4.0,13.0,8.0
2024-12-07,Holstein Kiel,RB Leipzig,1520.45,1766.22,0.0,1.0,3.0,4.0
2024-12-07,Bayer Leverkusen,FC St. Pauli,1898.46,1586.29,7.0,3.0,9.0,7.0
2024-12-07,MGladbach,Borussia Dortmund,1655.56,1835.77,4.0,4.0,8.0,7.0
2024-12-08,VfL Wolfsburg,FSV Mainz 05,1678.34,1692.69,9.0,9.0,11.0,11.0
2024-12-08,TSG Hoffenheim,SC Freiburg,1639.14,1682.63,4.0,4.0,5.0,5.0
2024-12-13,SC Freiburg,VfL Wolfsburg,1682.63,1678.34,4.0,9.0,6.0,13.0
2024-12-14,FC Augsburg,Bayer Leverkusen,1612.91,1898.46,4.0,9.0,6.0,11.0
2024-12-14,FSV Mainz 05,Bayern Munich,1692.69,1912.29,6.0,7.0,10.0,13.0
2024-12-14,MGladbach,Holstein Kiel,1655.56,1520.45,4.0,0.0,8.0,3.0
2024-12-14,Union Berlin,VfL Bochum,1646.29,1532.41,0.0,0.0,1.0,1.0
2024-12-14,FC St. Pauli,Werder Bremen,1586.29,1663.28,3.0,4.0,6.0,7.0
2024-12-15,1. FC Heidenheim,VfB Stuttgart,1584.23,1752.47,0.0,7.0,0.0,8.0
2024-12-15,Borussia Dortmund,TSG Hoffenheim,1815.27,1617.26,5.0,4.0,8.0,5.0
2024-12-15,RB Leipzig,Eintracht Frankfurt,1753.0,1740.61,3.0,7.0,4.0,13.0
2024-12-20,Bayern Munich,RB Leipzig,1898.07,1753.0,4.0,6.0,10.0,7.0
2024-12-21,Eintracht Frankfurt,FSV Mainz 05,1740.61,1696.92,4.0,6.0,10.0,12.0
2024-12-21,TSG Hoffenheim,MGladbach,1617.26,1656.9,2.0,4.0,6.0,8.0
2024-12-21,Holstein Kiel,FC Augsburg,1501.03,1605.5,0.0,4.0,0.0,5.0
2024-12-21,VfB Stuttgart,FC St. Pauli,1752.47,1566.36,7.0,3.0,10.0,3.0
2024-12-21,Werder Bremen,Union Berlin,1670.16,1629.0,7.0,1.0,10.0,2.0
2024-12-21,Bayer Leverkusen,SC Freiburg,1903.22,1680.74,9.0,7.0,13.0,8.0
2024-12-22,VfL Bochum,1. FC Heidenheim,1522.53,1584.23,1.0,0.0,2.0,0.0
2024-12-22,VfL Wolfsburg,Borussia Dortmund,1670.33,1815.27,6.0,3.0,12.0,6.0
2025-01-10,Borussia Dortmund,Bayer Leverkusen,1815.07,1906.35,5.0,9.0,9.0,15.0
2025-01-11,SC Freiburg,Holstein Kiel,1673.99,1517.86,4.0,3.0,7.0,3.0
2025-01-11,1. FC Heidenheim,Union Berlin,1558.4,1616.83,0.0,1.0,0.0,1.0
2025-01-11,TSG Hoffenheim,VfL Wolfsburg,1613.28,1660.86,2.0,3.0,5.0,9.0
2025-01-11,FSV Mainz 05,VfL Bochum,1709.3,1532.22,6.0,4.0,12.0,4.0
2025-01-11,FC St. Pauli,Eintracht Frankfurt,1578.02,1718.17,3.0,1.0,6.0,7.0
2025-01-11,Borussia Monchengladbach,Bayern Munich,1663.32,1903.54,0.0,6.0,0.0,10.0
2025-01-12,RB Leipzig,Werder Bremen,1750.37,1678.71,6.0,9.0,6.0,10.0
2025-01-12,FC Augsburg,VfB Stuttgart,1585.06,1743.98,1.0,6.0,4.0,10.0
2025-01-14,Holstein Kiel,Borussia Dortmund,1517.86,1815.07,3.0,4.0,3.0,6.0
2025-01-14,Eintracht Frankfurt,SC Freiburg,1718.17,1673.99,3.0,6.0,7.0,10.0
2025-01-14,Bayer Leverkusen,FSV Mainz 05,1906.35,1709.3,9.0,9.0,15.0,12.0
2025-01-14,VfL Wolfsburg,Borussia Monchengladbach,1660.86,1663.32,3.0,0.0,9.0,0.0
2025-01-15,VfL Bochum,FC St. Pauli,1527.85,1572.48,4.0,3.0,4.0,6.0
2025-01-15,Bayern Munich,TSG Hoffenheim,1906.89,1605.47,6.0,1.0,10.0,2.0
2025-01-15,VfB Stuttgart,RB Leipzig,1748.97,1757.58,6.0,6.0,10.0,9.0
2025-01-15,Union Berlin,FC Augsburg,1604.69,1580.07,1.0,0.0,1.0,4.0
2025-01-15,Werder Bremen,1. FC Heidenheim,1671.5,1570.54,6.0,3.0,10.0,3.0
2025-01-17,Eintracht Frankfurt,Borussia Dortmund,1733.56,1788.9,6.0,3.0,7.0,5.0
2025-01-18,Bayern Munich,VfL Wolfsburg,1906.89,1681.71,9.0,6.0,12.0,9.0
2025-01-18,VfL Bochum,RB Leipzig,1527.85,1757.58,6.0,3.0,7.0,9.0
2025-01-18,1. FC Heidenheim,FC St. Pauli,1570.54,1572.48,4.0,3.0,4.0,3.0
2025-01-18,Holstein Kiel,TSG Hoffenheim,1533.96,1605.47,6.0,0.0,6.0,2.0
2025-01-18,VfB Stuttgart,SC Freiburg,1748.97,1667.52,6.0,3.0,12.0,7.0
2025-01-18,Bayer Leverkusen,Borussia Monchengladbach,1915.81,1646.91,9.0,0.0,15.0,0.0
2025-01-19,Union Berlin,FSV Mainz 05,1604.69,1710.89,0.0,6.0,1.0,9.0
2025-01-19,Werder Bremen,FC Augsburg,1671.5,1580.07,4.0,3.0,10.0,4.0
2025-01-24,VfL Wolfsburg,Holstein Kiel,1681.71,1533.96,6.0,3.0,6.0,6.0
2025-01-25,FC Augsburg,1. FC Heidenheim,1580.07,1570.54,6.0,4.0,6.0,4.0
2025-01-25,Borussia Dortmund,Werder Bremen,1788.9,1671.5,0.0,1.0,4.0,7.0
2025-01-25,SC Freiburg,Bayern Munich,1667.52,1906.89,3.0,9.0,6.0,12.0
2025-01-25,FSV Mainz 05,VfB Stuttgart,1710.89,1748.97,3.0,9.0,9.0,12.0
2025-01-25,RB Leipzig,Bayer Leverkusen,1757.58,1915.81,4.0,9.0,7.0,15.0
2025-01-25,Borussia Monchengladbach,VfL Bochum,1646.91,1527.85,0.0,4.0,0.0,8.0
2025-01-26,TSG Hoffenheim,Eintracht Frankfurt,1605.47,1733.56,3.0,9.0,4.0,9.0
2025-01-26,FC St. Pauli,Union Berlin,1572.48,1604.69,3.0,3.0,6.0,4.0
2025-01-31,Werder Bremen,FSV Mainz 05,1671.5,1710.89,2.0,3.0,5.0,9.0
2025-02-01,Bayern Munich,Holstein Kiel,1888.25,1518.42,9.0,4.0,15.0,7.0
2025-02-01,VfL Bochum,SC Freiburg,1522.36,1644.23,4.0,0.0,7.0,3.0
2025-02-01,1. FC Heidenheim,Borussia Dortmund,1544.79,1759.67,1.0,1.0,4.0,4.0
2025-02-01,FC St. Pauli,FC Augsburg,1580.63,1604.79,6.0,9.0,9.0,9.0
2025-02-01,VfB Stuttgart,Borussia Monchengladbach,1734.96,1641.11,6.0,3.0,9.0,4.0
2025-02-01,Union Berlin,RB Leipzig,1576.89,1736.57,3.0,2.0,3.0,5.0
2025-02-02,Eintracht Frankfurt,VfL Wolfsburg,1727.56,1663.62,7.0,4.0,10.0,7.0
2025-02-02,Bayer Leverkusen,TSG Hoffenheim,1899.17,1610.05,7.0,4.0,13.0,4.0
2025-02-07,Bayern Munich,Werder Bremen,1888.25,1654.0,9.0,4.0,15.0,5.0
2025-02-08,Borussia Dortmund,VfB Stuttgart,1759.67,1734.96,4.0,3.0,4.0,9.0
2025-02-08,SC Freiburg,1. FC Heidenheim,1644.23,1544.79,3.0,0.0,6.0,4.0
2025-02-08,TSG Hoffenheim,Union Berlin,1610.05,1576.89,4.0,4.0,4.0,4.0
2025-02-08,FSV Mainz 05,FC Augsburg,1694.22,1604.79,3.0,7.0,6.0,10.0
2025-02-08,VfL Wolfsburg,Bayer Leverkusen,1663.62,1899.17,2.0,7.0,8.0,13.0
2025-02-08,Borussia Monchengladbach,Eintracht Frankfurt,1641.11,1727.56,6.0,5.0,6.0,11.0
2025-02-09,Holstein Kiel,VfL Bochum,1518.42,1522.36,1.0,1.0,4.0,4.0
2025-02-09,RB Leipzig,FC St. Pauli,1736.57,1580.63,3.0,7.0,6.0,7.0
2025-02-14,FC Augsburg,RB Leipzig,1604.79,1736.57,5.0,5.0,11.0,6.0
2025-02-15,VfL Bochum,Borussia Dortmund,1526.87,1781.31,1.0,4.0,5.0,4.0
2025-02-15,FC St. Pauli,SC Freiburg,1584.15,1663.73,4.0,6.0,7.0,6.0
2025-02-15,VfB Stuttgart,VfL Wolfsburg,1743.08,1680.94,3.0,3.0,9.0,6.0
2025-02-15,Union Berlin,Borussia Monchengladbach,1609.16,1662.45,4.0,7.0,7.0,7.0
2025-02-15,Bayer Leverkusen,Bayern Munich,1905.83,1904.63,5.0,9.0,11.0,15.0
2025-02-16,Werder Bremen,TSG Hoffenheim,1659.49,1597.13,4.0,1.0,5.0,4.0
2025-02-16,Eintracht Frankfurt,Holstein Kiel,1733.02,1525.5,3.0,2.0,9.0,5.0
2025-02-16,1. FC Heidenheim,FSV Mainz 05,1554.88,1699.79,0.0,4.0,1.0,4.0
2025-02-21,SC Freiburg,Werder Bremen,1663.73,1659.49,9.0,3.0,9.0,4.0
2025-02-22,Holstein Kiel,Bayer Leverkusen,1525.5,1905.83,1.0,5.0,2.0,9.0
2025-02-22,FSV Mainz 05,FC St. Pauli,1699.79,1584.15,4.0,1.0,7.0,7.0
2025-02-22,Borussia Monchengladbach,FC Augsburg,1662.45,1621.0,7.0,3.0,10.0,9.0
2025-02-22,VfL Wolfsburg,VfL Bochum,1680.94,1526.87,5.0,4.0,6.0,5.0
2025-02-22,Borussia Dortmund,Union Berlin,1781.31,1609.16,3.0,4.0,4.0,7.0
2025-02-23,RB Leipzig,1. FC Heidenheim,1745.34,1554.88,5.0,0.0,7.0,0.0
2025-02-23,Bayern Munich,Eintracht Frankfurt,1904.63,1733.02,7.0,5.0,13.0,9.0
2025-02-23,TSG Hoffenheim,VfB Stuttgart,1597.13,1743.08,3.0,3.0,7.0,6.0
2025-02-28,VfB Stuttgart,Bayern Munich,1743.08,1904.63,4.0,7.0,4.0,13.0
2025-03-01,VfL Bochum,TSG Hoffenheim,1545.66,1609.67,5.0,4.0,5.0,5.0
2025-03-01,1. FC Heidenheim,Borussia Monchengladbach,1531.5,1647.34,1.0,4.0,1.0,10.0
2025-03-01,RB Leipzig,FSV Mainz 05,1734.35,1708.63,5.0,7.0,7.0,10.0
2025-03-01,FC St. Pauli,Borussia Dortmund,1566.74,1768.6,0.0,3.0,4.0,7.0
2025-03-01,Werder Bremen,VfL Wolfsburg,1625.98,1681.99,0.0,5.0,4.0,7.0
2025-03-01,Eintracht Frankfurt,Bayer Leverkusen,1725.85,1902.19,4.0,5.0,6.0,9.0
2025-03-02,Union Berlin,Holstein Kiel,1588.55,1514.99,3.0,1.0,4.0,2.0
2025-03-02,FC Augsburg,SC Freiburg,1634.68,1680.06,5.0,9.0,9.0,12.0
2025-03-07,Borussia Monchengladbach,FSV Mainz 05,1647.34,1708.63,6.0,9.0,10.0,10.0
2025-03-08,Bayern Munich,VfL Bochum,1914.25,1545.66,7.0,4.0,13.0,5.0
2025-03-08,Borussia Dortmund,FC Augsburg,1768.6,1634.68,6.0,5.0,9.0,7.0
2025-03-08,Holstein Kiel,VfB Stuttgart,1514.99,1719.19,3.0,1.0,4.0,4.0
2025-03-08,Bayer Leverkusen,Werder Bremen,1902.19,1625.98,7.0,0.0,11.0,3.0
2025-03-08,VfL Wolfsburg,FC St. Pauli,1681.99,1566.74,7.0,0.0,9.0,1.0
2025-03-08,SC Freiburg,RB Leipzig,1680.06,1734.35,7.0,2.0,13.0,6.0
2025-03-09,Eintracht Frankfurt,Union Berlin,1725.85,1588.55,3.0,0.0,5.0,4.0
2025-03-09,TSG Hoffenheim,1. FC Heidenheim,1609.67,1531.5,7.0,1.0,7.0,1.0
2025-03-14,FC St. Pauli,TSG Hoffenheim,1566.74,1609.67,1.0,5.0,1.0,8.0
2025-03-15,FC Augsburg,VfL Wolfsburg,1656.88,1694.67,7.0,5.0,9.0,9.0
2025-03-15,FSV Mainz 05,SC Freiburg,1738.87,1689.61,9.0,5.0,13.0,11.0
2025-03-15,Union Berlin,Bayern Munich,1599.91,1928.13,3.0,6.0,6.0,10.0
2025-03-15,Werder Bremen,Borussia Monchengladbach,1649.74,1656.76,3.0,3.0,3.0,7.0
2025-03-15,RB Leipzig,Borussia Dortmund,1734.13,1782.91,2.0,6.0,6.0,6.0
2025-03-16,VfL Bochum,Eintracht Frankfurt,1564.44,1734.7,4.0,0.0,8.0,4.0
2025-03-16,1. FC Heidenheim,Holstein Kiel,1534.37,1539.69,2.0,4.0,2.0,5.0
2025-03-16,VfB Stuttgart,Bayer Leverkusen,1724.8,1877.44,2.0,6.0,5.0,8.0
2025-03-28,Bayer Leverkusen,VfL Bochum,1877.44,1564.44,6.0,3.0,10.0,7.0
2025-03-29,Bayern Munich,FC St. Pauli,1928.13,1583.27,4.0,4.0,8.0,4.0
2025-03-29,TSG Hoffenheim,FC Augsburg,1614.62,1656.88,4.0,7.0,8.0,11.0
2025-03-29,Holstein Kiel,Werder Bremen,1539.69,1649.74,4.0,3.0,4.0,3.0
2025-03-29,Borussia Monchengladbach,RB Leipzig,1656.76,1734.13,6.0,4.0,9.0,6.0
2025-03-29,VfL Wolfsburg,1. FC Heidenheim,1694.67,1534.37,4.0,4.0,8.0,5.0
2025-03-29,Eintracht Frankfurt,VfB Stuttgart,1734.7,1724.8,3.0,1.0,6.0,2.0
2025-03-30,SC Freiburg,Union Berlin,1689.61,1599.91,3.0,4.0,9.0,4.0
2025-03-30,Borussia Dortmund,FSV Mainz 05,1782.91,1738.87,3.0,7.0,6.0,13.0
2025-04-04,FC Augsburg,Bayern Munich,1664.63,1922.66,7.0,4.0,11.0,10.0
2025-04-05,VfL Bochum,VfB Stuttgart,1555.74,1713.35,3.0,1.0,4.0,2.0
2025-04-05,SC Freiburg,Borussia Dortmund,1680.68,1779.86,2.0,3.0,6.0,9.0
2025-04-05,1. FC Heidenheim,Bayer Leverkusen,1556.81,1884.59,7.0,6.0,8.0,12.0
2025-04-05,FSV Mainz 05,Holstein Kiel,1727.72,1519.37,4.0,1.0,10.0,4.0
2025-04-05,RB Leipzig,TSG Hoffenheim,1736.87,1614.93,4.0,2.0,5.0,6.0
2025-04-05,Werder Bremen,Eintracht Frankfurt,1647.9,1747.69,6.0,6.0,6.0,6.0
2025-04-06,FC St. Pauli,Borussia Monchengladbach,1581.92,1677.96,4.0,6.0,4.0,9.0
2025-04-06,Union Berlin,VfL Wolfsburg,1618.13,1674.11,7.0,1.0,7.0,5.0
2025-04-11,VfL Wolfsburg,RB Leipzig,1674.11,1736.87,0.0,6.0,4.0,7.0
2025-04-12,VfL Bochum,FC Augsburg,1555.74,1664.63,0.0,4.0,3.0,8.0
2025-04-12,TSG Hoffenheim,FSV Mainz 05,1614.93,1727.72,1.0,2.0,5.0,8.0
2025-04-12,Holstein Kiel,FC St. Pauli,1519.37,1581.92,1.0,4.0,5.0,5.0
2025-04-12,Bayer Leverkusen,Union Berlin,1884.59,1618.13,9.0,7.0,12.0,10.0
2025-04-12,Borussia Monchengladbach,SC Freiburg,1677.96,1680.68,7.0,1.0,10.0,3.0
2025-04-12,Bayern Munich,Borussia Dortmund,1922.66,1779.86,7.0,6.0,10.0,9.0
2025-04-13,VfB Stuttgart,Werder Bremen,1713.35,1647.9,3.0,6.0,4.0,9.0
2025-04-13,Eintracht Frankfurt,1. FC Heidenheim,1747.69,1556.81,6.0,6.0,6.0,7.0
2025-04-19,SC Freiburg,TSG Hoffenheim,1675.9,1620.16,3.0,4.0,5.0,5.0
2025-04-19,1. FC Heidenheim,Bayern Munich,1546.46,1912.55,3.0,7.0,7.0,8.0
2025-04-19,FSV Mainz 05,VfL Wolfsburg,1704.95,1655.61,1.0,0.0,5.0,1.0
2025-04-19,RB Leipzig,Holstein Kiel,1746.86,1515.14,6.0,1.0,10.0,2.0
2025-04-19,Werder Bremen,VfL Bochum,1668.68,1536.83,9.0,0.0,12.0,3.0
2025-04-19,Union Berlin,VfB Stuttgart,1630.88,1709.96,7.0,3.0,11.0,4.0
2025-04-20,FC Augsburg,Eintracht Frankfurt,1663.45,1740.76,4.0,6.0,10.0,9.0
2025-04-20,Borussia Dortmund,Borussia Monchengladbach,1787.19,1664.32,7.0,4.0,7.0,7.0
2025-04-20,FC St. Pauli,Bayer Leverkusen,1588.27,1876.98,4.0,7.0,8.0,10.0
2025-04-25,VfB Stuttgart,1. FC Heidenheim,1709.96,1546.46,4.0,0.0,4.0,6.0
2025-04-26,Bayern Munich,FSV Mainz 05,1912.55,1704.95,7.0,2.0,11.0,3.0
2025-04-26,TSG Hoffenheim,Borussia Dortmund,1620.16,1787.19,3.0,7.0,4.0,10.0
2025-04-26,Holstein Kiel,Borussia Monchengladbach,1515.14,1664.32,2.0,1.0,2.0,7.0
2025-04-26,Bayer Leverkusen,FC Augsburg,1876.98,1663.45,5.0,4.0,11.0,8.0
2025-04-26,VfL Wolfsburg,SC Freiburg,1655.61,1675.9,1.0,6.0,1.0,7.0
2025-04-26,Eintracht Frankfurt,RB Leipzig,1740.76,1746.86,4.0,7.0,10.0,10.0
2025-04-27,VfL Bochum,Union Berlin,1536.83,1630.88,0.0,5.0,0.0,9.0
2025-04-27,Werder Bremen,FC St. Pauli,1668.68,1588.27,9.0,5.0,12.0,8.0
2025-05-02,1. FC Heidenheim,VfL Bochum,1552.29,1530.96,3.0,1.0,6.0,1.0
2025-05-03,Borussia Monchengladbach,TSG Hoffenheim,1646.28,1606.41,0.0,3.0,4.0,4.0
2025-05-03,RB Leipzig,Bayern Munich,1722.14,1915.85,4.0,7.0,7.0,13.0
2025-05-03,FC St. Pauli,VfB Stuttgart,1594.11,1692.32,5.0,1.0,6.0,4.0
2025-05-03,Union Berlin,Werder Bremen,1626.77,1665.69,3.0,7.0,9.0,13.0
2025-05-03,Borussia Dortmund,VfL Wolfsburg,1792.65,1646.01,7.0,1.0,13.0,1.0
2025-05-04,FC Augsburg,Holstein Kiel,1656.66,1528.45,4.0,4.0,5.0,5.0
2025-05-04,SC Freiburg,Bayer Leverkusen,1686.35,1871.15,9.0,5.0,9.0,11.0
2025-05-04,FSV Mainz 05,Eintracht Frankfurt,1694.29,1739.74,1.0,7.0,2.0,10.0
2025-05-09,VfL Wolfsburg,TSG Hoffenheim,1646.01,1606.41,1.0,1.0,1.0,4.0
2025-05-10,VfL Bochum,FSV Mainz 05,1530.96,1694.29,2.0,2.0,2.0,3.0
2025-05-10,Holstein Kiel,SC Freiburg,1528.45,1686.35,7.0,7.0,8.0,10.0
2025-05-10,Union Berlin,1. FC Heidenheim,1626.77,1552.29,3.0,4.0,7.0,4.0
2025-05-10,Werder Bremen,RB Leipzig,1665.69,1722.14,5.0,2.0,11.0,8.0
2025-05-10,Bayern Munich,Borussia Monchengladbach,1915.85,1646.28,7.0,1.0,11.0,2.0
2025-05-11,Bayer Leverkusen,Borussia Dortmund,1871.15,1792.65,5.0,9.0,9.0,13.0
2025-05-11,Eintracht Frankfurt,FC St. Pauli,1739.74,1594.11,5.0,2.0,8.0,6.0
2025-05-11,VfB Stuttgart,FC Augsburg,1692.32,1656.66,4.0,1.0,7.0,4.0
2025-05-17,FC Augsburg,Union Berlin,1628.3,1607.53,0.0,2.0,4.0,4.0
2025-05-17,Borussia Dortmund,Holstein Kiel,1815.12,1540.36,9.0,6.0,13.0,7.0
2025-05-17,SC Freiburg,Eintracht Frankfurt,1695.54,1734.56,7.0,5.0,13.0,9.0
2025-05-17,1. FC Heidenheim,Werder Bremen,1569.78,1666.4,7.0,3.0,7.0,9.0
2025-05-17,TSG Hoffenheim,Bayern Munich,1610.46,1914.38,2.0,7.0,5.0,11.0
2025-05-17,FSV Mainz 05,Bayer Leverkusen,1703.02,1851.95,4.0,4.0,5.0,6.0
2025-05-17,Borussia Monchengladbach,VfL Wolfsburg,1641.34,1636.86,1.0,1.0,1.0,2.0
2025-05-17,RB Leipzig,VfB Stuttgart,1725.62,1710.07,2.0,6.0,6.0,7.0
2025-05-17,FC St. Pauli,VfL Bochum,1592.58,1524.27,2.0,2.0,6.0,2.0
2025-08-22,Bayern Munich,RB Leipzig,1919.0,1716.37,7.0,2.0,13.0,3.0
2025-08-23,Eintracht Frankfurt,Werder Bremen,1745.76,1677.45,5.0,5.0,9.0,9.0
2025-08-23,SC Freiburg,FC Augsburg,1684.34,1618.66,4.0,0.0,10.0,1.0
2025-08-23,1. FC Heidenheim,VfL Wolfsburg,1558.73,1645.72,4.0,4.0,7.0,5.0
2025-08-23,Bayer Leverkusen,TSG Hoffenheim,1848.79,1605.84,2.0,2.0,6.0,2.0
2025-08-23,Union Berlin,VfB Stuttgart,1617.17,1719.31,4.0,9.0,6.0,10.0
2025-08-23,FC St. Pauli,Borussia Dortmund,1577.11,1818.35,1.0,9.0,3.0,15.0
2025-08-24,FSV Mainz 05,1. FC Koln,1706.18,1552.19,5.0,7.0,6.0,10.0
2025-08-24,Borussia Monchengladbach,Hamburger SV,1632.48,1554.55,1.0,6.0,1.0,7.0
2025-08-29,Hamburger SV,FC St. Pauli,1558.32,1581.9,4.0,2.0,7.0,3.0
2025-08-30,TSG Hoffenheim,Eintracht Frankfurt,1622.86,1752.23,4.0,7.0,5.0,11.0
2025-08-30,RB Leipzig,1. FC Heidenheim,1712.76,1549.51,1.0,3.0,2.0,7.0
2025-08-30,VfB Stuttgart,Borussia Monchengladbach,1708.1,1628.71,6.0,1.0,9.0,2.0
2025-08-30,Werder Bremen,Bayer Leverkusen,1670.98,1831.77,4.0,1.0,6.0,5.0
2025-08-30,FC Augsburg,Bayern Munich,1632.13,1922.61,3.0,9.0,3.0,13.0
2025-08-31,VfL Wolfsburg,FSV Mainz 05,1654.94,1690.7,7.0,4.0,7.0,5.0
2025-08-31,Borussia Dortmund,Union Berlin,1813.56,1628.38,7.0,6.0,13.0,8.0
2025-08-31,1. FC Koln,SC Freiburg,1567.67,1670.87,9.0,3.0,10.0,7.0
2025-09-12,Bayer Leverkusen,Eintracht Frankfurt,1828.94,1760.26,2.0,9.0,3.0,11.0
2025-09-13,SC Freiburg,VfB Stuttgart,1659.64,1714.29,0.0,6.0,4.0,12.0
2025-09-13,1. FC Heidenheim,Borussia Dortmund,1545.17,1817.48,0.0,7.0,4.0,13.0
2025-09-13,FSV Mainz 05,RB Leipzig,1691.39,1717.09,2.0,3.0,6.0,5.0
2025-09-13,Union Berlin,TSG Hoffenheim,1624.46,1614.83,6.0,3.0,7.0,5.0
2025-09-13,VfL Wolfsburg,1. FC Koln,1654.25,1578.91,7.0,9.0,8.0,13.0
2025-09-13,Bayern Munich,Hamburger SV,1926.81,1547.28,9.0,1.0,13.0,7.0
2025-09-14,FC St. Pauli,FC Augsburg,1592.94,1627.93,4.0,3.0,5.0,3.0
2025-09-14,Borussia Monchengladbach,Werder Bremen,1622.52,1673.81,1.0,4.0,2.0,6.0
2025-09-19,VfB Stuttgart,FC St. Pauli,1704.45,1602.23,3.0,7.0,9.0,8.0
2025-09-20,FC Augsburg,FSV Mainz 05,1618.65,1680.41,3.0,1.0,3.0,5.0
2025-09-20,Hamburger SV,1. FC Heidenheim,1545.8,1540.62,1.0,0.0,4.0,3.0
2025-09-20,TSG Hoffenheim,Bayern Munich,1626.81,1928.28,6.0,9.0,7.0,15.0
2025-09-20,Werder Bremen,SC Freiburg,1684.06,1669.48,4.0,3.0,8.0,6.0
2025-09-20,RB Leipzig,1. FC Koln,1728.07,1582.62,6.0,7.0,7.0,13.0
2025-09-21,Eintracht Frankfurt,Union Berlin,1753.8,1612.48,6.0,3.0,10.0,6.0
2025-09-21,Bayer Leverkusen,Borussia Monchengladbach,1835.4,1612.27,4.0,1.0,5.0,1.0
2025-09-21,Borussia Dortmund,VfL Wolfsburg,1822.03,1650.54,7.0,5.0,13.0,9.0
2025-09-26,Bayern Munich,Werder Bremen,1932.27,1671.94,9.0,4.0,15.0,7.0
2025-09-27,1. FC Heidenheim,FC Augsburg,1532.47,1608.7,0.0,0.0,0.0,3.0
2025-09-27,FSV Mainz 05,Borussia Dortmund,1690.36,1826.21,4.0,9.0,5.0,13.0
2025-09-27,FC St. Pauli,Bayer Leverkusen,1596.58,1828.68,6.0,5.0,7.0,6.0
2025-09-27,VfL Wolfsburg,RB Leipzig,1646.36,1732.77,2.0,9.0,8.0,9.0
2025-09-27,Borussia Monchengladbach,Eintracht Frankfurt,1618.99,1738.58,1.0,3.0,2.0,9.0
2025-09-28,SC Freiburg,TSG Hoffenheim,1681.6,1622.82,6.0,3.0,6.0,6.0
2025-09-28,1. FC Koln,VfB Stuttgart,1577.93,1710.09,4.0,6.0,10.0,9.0
2025-09-28,Union Berlin,Hamburger SV,1627.7,1553.95,3.0,3.0,9.0,4.0
2025-10-03,TSG Hoffenheim,1. FC Koln,1626.11,1569.98,4.0,1.0,7.0,7.0
2025-10-04,FC Augsburg,VfL Wolfsburg,1598.24,1637.12,0.0,1.0,3.0,5.0
2025-10-04,Borussia Dortmund,RB Leipzig,1834.06,1742.01,9.0,9.0,13.0,12.0
2025-10-04,Bayer Leverkusen,Union Berlin,1834.09,1624.03,7.0,4.0,8.0,7.0
2025-10-04,Werder Bremen,FC St. Pauli,1669.21,1591.17,3.0,3.0,4.0,7.0
2025-10-04,Eintracht Frankfurt,Bayern Munich,1746.88,1935.0,3.0,9.0,9.0,15.0
2025-10-05,VfB Stuttgart,1. FC Heidenheim,1718.04,1542.94,6.0,3.0,9.0,3.0
2025-10-05,Hamburger SV,FSV Mainz 05,1557.62,1682.51,4.0,3.0,5.0,4.0
2025-10-05,Borussia Monchengladbach,SC Freiburg,1610.69,1678.3,1.0,7.0,2.0,7.0
2025-10-17,Union Berlin,Borussia Monchengladbach,1620.54,1610.91,4.0,2.0,4.0,2.0
2025-10-18,1. FC Koln,FC Augsburg,1583.2,1607.63,3.0,3.0,7.0,3.0
2025-10-18,1. FC Heidenheim,Werder Bremen,1538.84,1675.43,3.0,3.0,3.0,7.0
2025-10-18,FSV Mainz 05,Bayer Leverkusen,1670.66,1837.58,3.0,7.0,4.0,11.0
2025-10-18,RB Leipzig,Hamburger SV,1746.12,1569.47,7.0,7.0,13.0,7.0
2025-10-18,VfL Wolfsburg,VfB Stuttgart,1627.73,1722.15,0.0,9.0,2.0,12.0
2025-10-18,Bayern Munich,Borussia Dortmund,1941.47,1829.94,9.0,7.0,15.0,13.0
2025-10-19,SC Freiburg,Eintracht Frankfurt,1678.09,1740.41,5.0,3.0,8.0,6.0
2025-10-19,FC St. Pauli,TSG Hoffenheim,1584.94,1612.89,0.0,1.0,6.0,4.0
2025-10-24,Werder Bremen,Union Berlin,1673.26,1628.57,4.0,4.0,7.0,7.0
2025-10-25,FC Augsburg,RB Leipzig,1608.65,1750.2,4.0,7.0,4.0,13.0
2025-10-25,Eintracht Frankfurt,FC St. Pauli,1740.34,1574.02,4.0,0.0,4.0,3.0
2025-10-25,Hamburger SV,VfL Wolfsburg,1565.39,1618.72,4.0,0.0,7.0,1.0
2025-10-25,TSG Hoffenheim,1. FC Heidenheim,1623.81,1541.0,4.0,4.0,7.0,4.0
2025-10-25,Borussia Monchengladbach,Bayern Munich,1602.88,1946.9,1.0,9.0,2.0,15.0
2025-10-25,Borussia Dortmund,1. FC Koln,1824.51,1582.18,4.0,4.0,10.0,5.0
2025-10-26,Bayer Leverkusen,SC Freiburg,1844.6,1678.15,9.0,3.0,13.0,9.0
2025-10-26,VfB Stuttgart,FSV Mainz 05,1731.16,1663.65,9.0,0.0,12.0,3.0
2025-10-31,FC Augsburg,Borussia Dortmund,1600.95,1827.5,4.0,4.0,4.0,10.0
2025-11-01,1. FC Heidenheim,Eintracht Frankfurt,1534.9,1744.61,1.0,4.0,4.0,7.0
2025-11-01,FSV Mainz 05,Werder Bremen,1657.16,1680.34,0.0,7.0,3.0,7.0
2025-11-01,RB Leipzig,VfB Stuttgart,1757.9,1737.65,7.0,9.0,13.0,15.0
2025-11-01,FC St. Pauli,Borussia Monchengladbach,1569.75,1599.62,0.0,1.0,0.0,2.0
2025-11-01,Union Berlin,SC Freiburg,1621.49,1673.88,3.0,2.0,7.0,6.0
2025-11-01,Bayern Munich,Bayer Leverkusen,1950.16,1848.87,9.0,9.0,15.0,13.0
2025-11-02,1. FC Koln,Hamburger SV,1579.19,1555.2,4.0,3.0,4.0,7.0
2025-11-02,VfL Wolfsburg,TSG Hoffenheim,1628.91,1629.92,3.0,6.0,3.0,7.0
2025-11-07,Werder Bremen,VfL Wolfsburg,1681.39,1617.23,5.0,3.0,8.0,3.0
2025-11-08,Hamburger SV,Borussia Dortmund,1547.57,1833.04,0.0,6.0,4.0,10.0
2025-11-08,TSG Hoffenheim,RB Leipzig,1641.6,1765.63,9.0,9.0,10.0,13.0
2025-11-08,Bayer Leverkusen,1. FC Heidenheim,1843.2,1538.96,6.0,2.0,12.0,5.0
2025-11-08,Union Berlin,Bayern Munich,1621.27,1955.83,4.0,9.0,5.0,15.0
2025-11-08,Borussia Monchengladbach,1. FC Koln,1610.49,1586.82,3.0,4.0,4.0,7.0
2025-11-09,SC Freiburg,FC St. Pauli,1674.1,1558.88,2.0,0.0,4.0,0.0
2025-11-09,VfB Stuttgart,FC Augsburg,1729.92,1595.41,6.0,1.0,12.0,4.0
2025-11-09,Eintracht Frankfurt,FSV Mainz 05,1740.55,1656.1,5.0,1.0,8.0,1.0
2025-11-21,FSV Mainz 05,TSG Hoffenheim,1650.04,1653.42,1.0,9.0,1.0,12.0
2025-11-22,FC Augsburg,Hamburger SV,1590.49,1553.28,0.0,1.0,4.0,4.0
2025-11-22,Bayern Munich,SC Freiburg,1949.24,1679.44,7.0,4.0,13.0,6.0
2025-11-22,Borussia Dortmund,VfB Stuttgart,1827.33,1734.84,7.0,6.0,8.0,12.0
2025-11-22,1. FC Heidenheim,Borussia Monchengladbach,1536.77,1618.12,1.0,6.0,2.0,7.0
2025-11-22,VfL Wolfsburg,Bayer Leverkusen,1610.66,1845.39,3.0,6.0,3.0,12.0
2025-11-22,1. FC Koln,Eintracht Frankfurt,1579.18,1746.62,3.0,7.0,7.0,8.0
2025-11-23,RB Leipzig,Werder Bremen,1753.8,1687.97,6.0,7.0,10.0,11.0
2025-11-23,FC St. Pauli,Union Berlin,1553.54,1627.86,0.0,2.0,0.0,5.0
2025-11-28,Borussia Monchengladbach,RB Leipzig,1627.51,1760.33,9.0,6.0,9.0,12.0
2025-11-29,Bayern Munich,FC St. Pauli,1951.85,1543.95,7.0,0.0,13.0,0.0
2025-11-29,TSG Hoffenheim,FC Augsburg,1655.04,1597.76,7.0,3.0,13.0,4.0
2025-11-29,Union Berlin,1. FC Heidenheim,1637.45,1527.38,5.0,1.0,8.0,2.0
2025-11-29,Werder Bremen,1. FC Koln,1681.44,1572.18,4.0,3.0,8.0,4.0
2025-11-29,Bayer Leverkusen,Borussia Dortmund,1850.75,1823.2,6.0,5.0,12.0,8.0
2025-11-30,Hamburger SV,VfB Stuttgart,1546.0,1738.97,1.0,4.0,1.0,10.0
2025-11-30,Eintracht Frankfurt,VfL Wolfsburg,1753.62,1605.3,7.0,0.0,11.0,3.0
2025-11-30,SC Freiburg,FSV Mainz 05,1676.84,1648.42,4.0,2.0,5.0,2.0
2025-12-05,FSV Mainz 05,Borussia Monchengladbach,1640.91,1629.58,1.0,7.0,2.0,10.0
2025-12-06,FC Augsburg,Bayer Leverkusen,1591.02,1838.28,3.0,6.0,3.0,9.0
2025-12-06,1. FC Koln,FC St. Pauli,1576.7,1542.68,1.0,0.0,4.0,0.0
2025-12-06,1. FC Heidenheim,SC Freiburg,1541.92,1684.35,3.0,6.0,4.0,7.0
2025-12-06,VfB Stuttgart,Bayern Munich,1725.32,1953.12,4.0,7.0,7.0,13.0
2025-12-06,VfL Wolfsburg,Union Berlin,1610.67,1622.91,1.0,4.0,4.0,5.0
2025-12-06,RB Leipzig,Eintracht Frankfurt,1758.27,1748.26,4.0,7.0,10.0,11.0
2025-12-07,Hamburger SV,Werder Bremen,1559.66,1676.92,4.0,4.0,4.0,8.0
2025-12-07,Borussia Dortmund,TSG Hoffenheim,1835.67,1661.78,5.0,7.0,11.0,13.0
2025-12-12,Union Berlin,RB Leipzig,1614.27,1766.28,3.0,7.0,5.0,10.0
2025-12-13,Eintracht Frankfurt,FC Augsburg,1740.24,1605.94,4.0,6.0,8.0,6.0
2025-12-13,TSG Hoffenheim,Hamburger SV,1657.65,1571.29,4.0,6.0,10.0,7.0
2025-12-13,Borussia Monchengladbach,VfL Wolfsburg,1641.6,1619.3,7.0,4.0,13.0,4.0
2025-12-13,FC St. Pauli,1. FC Heidenheim,1545.33,1554.25,1.0,6.0,1.0,7.0
2025-12-13,Bayer Leverkusen,1. FC Koln,1823.36,1574.06,3.0,2.0,6.0,5.0
2025-12-14,SC Freiburg,Borussia Dortmund,1672.02,1839.8,3.0,7.0,7.0,11.0
2025-12-14,Bayern Munich,FSV Mainz 05,1958.63,1628.89,9.0,1.0,13.0,2.0
2025-12-14,Werder Bremen,VfB Stuttgart,1665.28,1719.8,1.0,1.0,5.0,4.0
2025-12-19,Borussia Dortmund,Borussia Monchengladbach,1836.79,1629.27,7.0,4.0,9.0,10.0
2025-12-20,FC Augsburg,Werder Bremen,1601.01,1655.13,3.0,1.0,6.0,4.0
2025-12-20,1. FC Koln,Union Berlin,1571.17,1626.86,2.0,3.0,2.0,7.0
2025-12-20,Hamburger SV,Eintracht Frankfurt,1565.27,1745.17,6.0,4.0,7.0,10.0
2025-12-20,VfB Stuttgart,TSG Hoffenheim,1729.96,1663.67,3.0,6.0,7.0,10.0
2025-12-20,VfL Wolfsburg,SC Freiburg,1631.63,1675.03,7.0,4.0,7.0,7.0
2025-12-20,RB Leipzig,Bayer Leverkusen,1753.69,1826.24,4.0,3.0,7.0,9.0
2025-12-21,FSV Mainz 05,FC St. Pauli,1636.97,1553.87,1.0,4.0,2.0,4.0
2025-12-21,1. FC Heidenheim,Bayern Munich,1545.71,1950.55,6.0,7.0,6.0,11.0
2026-01-09,Eintracht Frankfurt,Borussia Dortmund,1741.85,1840.32,4.0,7.0,8.0,11.0
2026-01-10,SC Freiburg,Hamburger SV,1685.5,1568.59,4.0,4.0,7.0,7.0
2026-01-10,1. FC Heidenheim,1. FC Koln,1543.3,1561.05,3.0,1.0,6.0,2.0
2026-01-10,Union Berlin,FSV Mainz 05,1636.99,1633.07,6.0,2.0,9.0,3.0
2026-01-10,Bayer Leverkusen,VfB Stuttgart,1835.88,1726.48,6.0,4.0,9.0,5.0
2026-01-11,Borussia Monchengladbach,FC Augsburg,1625.74,1600.84,3.0,4.0,7.0,7.0
2026-01-11,Bayern Munich,VfL Wolfsburg,1952.96,1621.15,7.0,6.0,13.0,7.0
2026-01-13,VfB Stuttgart,Eintracht Frankfurt,1741.0,1742.95,7.0,5.0,7.0,6.0
2026-01-13,Borussia Dortmund,Werder Bremen,1839.22,1655.3,5.0,1.0,11.0,2.0
2026-01-13,FSV Mainz 05,1. FC Heidenheim,1634.89,1542.09,3.0,1.0,3.0,7.0
2026-01-14,VfL Wolfsburg,FC St. Pauli,1619.25,1557.77,3.0,5.0,7.0,5.0
2026-01-14,1. FC Koln,Bayern Munich,1562.26,1954.86,1.0,7.0,3.0,13.0
2026-01-14,TSG Hoffenheim,Borussia Monchengladbach,1667.16,1633.35,4.0,3.0,8.0,7.0
2026-01-14,RB Leipzig,SC Freiburg,1744.05,1690.81,3.0,7.0,7.0,10.0
2026-01-15,FC Augsburg,Union Berlin,1593.24,1635.17,1.0,7.0,4.0,7.0
2026-01-16,Werder Bremen,Eintracht Frankfurt,1651.35,1734.61,1.0,2.0,2.0,5.0
2026-01-17,Borussia Dortmund,FC St. Pauli,1843.16,1551.13,7.0,4.0,11.0,5.0
2026-01-17,1. FC Koln,FSV Mainz 05,1559.69,1640.75,1.0,5.0,2.0,6.0
2026-01-17,Hamburger SV,Borussia Monchengladbach,1563.28,1625.98,1.0,3.0,7.0,6.0
2026-01-17,TSG Hoffenheim,Bayer Leverkusen,1674.52,1821.36,7.0,6.0,10.0,6.0
2026-01-17,VfL Wolfsburg,1. FC Heidenheim,1625.89,1536.22,3.0,1.0,9.0,4.0
2026-01-17,RB Leipzig,Bayern Munich,1750.9,1957.43,3.0,9.0,7.0,13.0
2026-01-18,VfB Stuttgart,Union Berlin,1749.34,1635.69,7.0,5.0,10.0,8.0
2026-01-18,FC Augsburg,SC Freiburg,1592.72,1683.96,2.0,6.0,5.0,7.0
2026-01-23,FC St. Pauli,Hamburger SV,1548.8,1563.36,1.0,2.0,5.0,5.0
2026-01-24,Bayern Munich,FC Augsburg,1963.45,1593.62,9.0,2.0,13.0,3.0
2026-01-24,Eintracht Frankfurt,TSG Hoffenheim,1733.94,1686.97,2.0,7.0,6.0,10.0
2026-01-24,1. FC Heidenheim,RB Leipzig,1540.28,1744.89,2.0,3.0,2.0,6.0
2026-01-24,Bayer Leverkusen,Werder Bremen,1808.91,1652.02,3.0,2.0,6.0,2.0
2026-01-24,FSV Mainz 05,VfL Wolfsburg,1630.15,1621.83,4.0,4.0,6.0,7.0
2026-01-24,Union Berlin,Borussia Dortmund,1640.31,1845.49,3.0,7.0,9.0,11.0
2026-01-25,Borussia Monchengladbach,VfB Stuttgart,1625.91,1744.72,4.0,7.0,4.0,11.0
2026-01-25,SC Freiburg,1. FC Koln,1683.06,1570.3,4.0,4.0,8.0,4.0
2026-01-27,FC St. Pauli,RB Leipzig,1547.5,1750.95,1.0,6.0,5.0,6.0
2026-01-27,Werder Bremen,TSG Hoffenheim,1647.56,1699.95,1.0,9.0,2.0,13.0
2026-01-30,1. FC Koln,VfL Wolfsburg,1564.9,1613.77,3.0,4.0,4.0,4.0
2026-01-31,FC Augsburg,FC St. Pauli,1612.06,1551.41,5.0,2.0,6.0,3.0
2026-01-31,Eintracht Frankfurt,Bayer Leverkusen,1720.95,1813.37,1.0,3.0,3.0,9.0
2026-01-31,TSG Hoffenheim,Union Berlin,1710.17,1634.26,9.0,2.0,13.0,6.0
2026-01-31,RB Leipzig,FSV Mainz 05,1747.04,1638.21,4.0,6.0,7.0,8.0
2026-01-31,Werder Bremen,Borussia Monchengladbach,1637.34,1617.58,1.0,1.0,2.0,4.0
2026-01-31,Hamburger SV,Bayern Munich,1564.66,1945.0,2.0,6.0,3.0,12.0
2026-02-01,VfB Stuttgart,SC Freiburg,1753.05,1688.46,7.0,4.0,11.0,10.0
2026-02-01,Borussia Dortmund,1. FC Heidenheim,1851.54,1534.22,9.0,1.0,13.0,2.0
2026-02-06,Union Berlin,Eintracht Frankfurt,1627.98,1711.88,1.0,1.0,3.0,2.0
2026-02-07,SC Freiburg,Werder Bremen,1681.9,1635.09,4.0,1.0,7.0,2.0
2026-02-07,1. FC Heidenheim,Hamburger SV,1532.17,1571.93,1.0,3.0,2.0,4.0
2026-02-07,FSV Mainz 05,FC Augsburg,1652.72,1618.72,6.0,7.0,10.0,8.0
2026-02-07,FC St. Pauli,VfB Stuttgart,1544.75,1759.61,2.0,7.0,2.0,13.0
2026-02-07,VfL Wolfsburg,Borussia Dortmund,1604.09,1853.59,1.0,9.0,4.0,13.0
2026-02-07,Borussia Monchengladbach,Bayer Leverkusen,1619.84,1822.44,2.0,6.0,5.0,9.0
2026-02-08,1. FC Koln,RB Leipzig,1574.58,1732.53,6.0,4.0,7.0,7.0
2026-02-08,Bayern Munich,TSG Hoffenheim,1937.73,1716.45,4.0,9.0,10.0,15.0
2026-02-13,Borussia Dortmund,FSV Mainz 05,1858.62,1660.08,9.0,9.0,15.0,12.0
2026-02-14,Eintracht Frankfurt,Borussia Monchengladbach,1711.2,1623.73,1.0,2.0,2.0,3.0
2026-02-14,Hamburger SV,Union Berlin,1582.51,1628.67,5.0,1.0,6.0,3.0
2026-02-14,TSG Hoffenheim,SC Freiburg,1713.14,1688.92,6.0,6.0,12.0,7.0
2026-02-14,Bayer Leverkusen,FC St. Pauli,1818.55,1558.93,7.0,4.0,7.0,5.0
2026-02-14,Werder Bremen,Bayern Munich,1628.07,1941.04,1.0,4.0,2.0,10.0
2026-02-14,VfB Stuttgart,1. FC Koln,1745.42,1567.32,6.0,3.0,10.0,6.0
2026-02-15,FC Augsburg,1. FC Heidenheim,1611.36,1521.59,6.0,0.0,8.0,1.0
2026-02-15,RB Leipzig,VfL Wolfsburg,1739.78,1599.06,4.0,0.0,7.0,4.0
2026-02-20,FSV Mainz 05,Hamburger SV,1656.39,1592.11,6.0,7.0,9.0,9.0
2026-02-21,Bayern Munich,Eintracht Frankfurt,1944.82,1717.19,7.0,4.0,10.0,5.0
2026-02-21,1. FC Koln,TSG Hoffenheim,1563.27,1720.77,3.0,6.0,6.0,12.0
2026-02-21,Union Berlin,Bayer Leverkusen,1619.07,1821.29,1.0,7.0,2.0,10.0
2026-02-21,VfL Wolfsburg,FC Augsburg,1604.27,1617.3,1.0,6.0,2.0,10.0
2026-02-21,RB Leipzig,Borussia Dortmund,1734.57,1862.3,4.0,9.0,8.0,15.0
2026-02-22,SC Freiburg,Borussia Monchengladbach,1681.3,1617.73,3.0,2.0,7.0,3.0
2026-02-22,FC St. Pauli,Werder Bremen,1556.19,1624.29,3.0,1.0,5.0,1.0
2026-02-22,1. FC Heidenheim,VfB Stuttgart,1515.65,1749.47,0.0,6.0,1.0,10.0
2026-02-27,FC Augsburg,1. FC Koln,1628.65,1566.01,6.0,1.0,12.0,4.0
2026-02-28,TSG Hoffenheim,FC St. Pauli,1718.03,1566.42,4.0,6.0,10.0,7.0
2026-02-28,Bayer Leverkusen,FSV Mainz 05,1807.41,1652.96,4.0,4.0,10.0,10.0
2026-02-28,Borussia Monchengladbach,Union Berlin,1611.15,1632.95,1.0,4.0,2.0,4.0
2026-02-28,Werder Bremen,1. FC Heidenheim,1614.05,1520.28,0.0,1.0,1.0,1.0
2026-02-28,Borussia Dortmund,Bayern Munich,1860.38,1948.03,7.0,9.0,13.0,10.0
2026-03-01,VfB Stuttgart,VfL Wolfsburg,1744.85,1592.93,4.0,1.0,10.0,1.0
2026-03-01,Eintracht Frankfurt,SC Freiburg,1713.98,1687.88,4.0,6.0,4.0,9.0
2026-03-01,Hamburger SV,RB Leipzig,1595.54,1736.5,7.0,5.0,9.0,6.0
2026-03-04,Hamburger SV,Bayer Leverkusen,1587.83,1801.92,4.0,4.0,8.0,8.0
2026-03-06,Bayern Munich,Borussia Monchengladbach,1957.23,1620.05,9.0,3.0,13.0,5.0
2026-03-07,SC Freiburg,Bayer Leverkusen,1680.31,1807.76,3.0,4.0,6.0,8.0
2026-03-07,1. FC Heidenheim,TSG Hoffenheim,1514.43,1702.6,1.0,4.0,1.0,7.0
2026-03-07,FSV Mainz 05,VfB Stuttgart,1658.45,1749.41,2.0,7.0,8.0,10.0
2026-03-07,RB Leipzig,FC Augsburg,1744.21,1635.26,5.0,9.0,8.0,12.0
2026-03-07,VfL Wolfsburg,Hamburger SV,1588.37,1582.0,1.0,1.0,1.0,7.0
2026-03-07,1. FC Koln,Borussia Dortmund,1559.4,1851.17,1.0,4.0,4.0,10.0
2026-03-08,FC St. Pauli,Eintracht Frankfurt,1581.86,1721.56,6.0,6.0,9.0,7.0
2026-03-08,Union Berlin,Werder Bremen,1624.04,1619.9,3.0,3.0,4.0,4.0
2026-03-13,Borussia Monchengladbach,FC St. Pauli,1618.21,1584.11,3.0,7.0,4.0,10.0
2026-03-14,Borussia Dortmund,FC Augsburg,1855.34,1629.77,4.0,6.0,10.0,9.0
2026-03-14,Eintracht Frankfurt,1. FC Heidenheim,1719.3,1507.96,4.0,1.0,8.0,1.0
2026-03-14,TSG Hoffenheim,VfL Wolfsburg,1709.07,1576.48,4.0,0.0,7.0,1.0
2026-03-14,Bayer Leverkusen,Bayern Munich,1805.84,1959.08,5.0,9.0,8.0,15.0
2026-03-14,Hamburger SV,1. FC Koln,1593.89,1555.23,3.0,1.0,7.0,1.0
2026-03-15,Werder Bremen,FSV Mainz 05,1631.72,1659.34,6.0,3.0,6.0,6.0
2026-03-15,SC Freiburg,Union Berlin,1682.23,1612.22,4.0,3.0,7.0,4.0
2026-03-15,VfB Stuttgart,RB Leipzig,1748.52,1749.7,5.0,7.0,8.0,11.0
2026-03-20,RB Leipzig,TSG Hoffenheim,1741.37,1704.03,6.0,4.0,8.0,8.0
2026-03-21,Bayern Munich,Union Berlin,1956.46,1625.79,7.0,3.0,13.0,6.0
2026-03-21,1. FC Koln,Borussia Monchengladbach,1557.99,1625.56,1.0,6.0,2.0,6.0
2026-03-21,1. FC Heidenheim,Bayer Leverkusen,1504.5,1808.46,0.0,5.0,1.0,6.0
2026-03-21,VfL Wolfsburg,Werder Bremen,1581.52,1620.79,1.0,6.0,2.0,6.0
2026-03-21,Borussia Dortmund,Hamburger SV,1858.58,1591.12,6.0,4.0,10.0,5.0
2026-03-22,FSV Mainz 05,Eintracht Frankfurt,1670.27,1722.77,5.0,7.0,6.0,10.0
2026-03-22,FC St. Pauli,SC Freiburg,1576.76,1668.65,4.0,1.0,7.0,4.0
2026-03-22,FC Augsburg,VfB Stuttgart,1626.53,1756.84,3.0,7.0,9.0,11.0
2026-04-04,SC Freiburg,Bayern Munich,1677.74,1958.37,4.0,7.0,7.0,13.0
2026-04-04,Hamburger SV,FC Augsburg,1588.48,1618.53,4.0,0.0,4.0,6.0
2026-04-04,TSG Hoffenheim,FSV Mainz 05,1696.76,1680.05,4.0,7.0,5.0,9.0
2026-04-04,Bayer Leverkusen,VfL Wolfsburg,1802.4,1570.92,3.0,1.0,7.0,1.0
2026-04-04,Borussia Monchengladbach,1. FC Heidenheim,1625.35,1510.55,4.0,1.0,7.0,2.0
2026-04-04,Werder Bremen,RB Leipzig,1631.39,1748.64,6.0,6.0,9.0,10.0
2026-04-04,VfB Stuttgart,Borussia Dortmund,1764.85,1861.21,7.0,9.0,11.0,10.0
2026-04-05,Union Berlin,FC St. Pauli,1623.88,1567.67,3.0,1.0,6.0,7.0
2026-04-05,Eintracht Frankfurt,1. FC Koln,1712.98,1558.21,4.0,2.0,7.0,3.0
2026-04-10,FC Augsburg,TSG Hoffenheim,1619.39,1684.59,1.0,1.0,4.0,4.0
2026-04-11,Borussia Dortmund,Bayer Leverkusen,1870.17,1805.55,9.0,5.0,12.0,9.0
2026-04-11,1. FC Heidenheim,Union Berlin,1515.2,1620.66,2.0,4.0,2.0,4.0
2026-04-11,RB Leipzig,Borussia Monchengladbach,1757.01,1620.7,6.0,5.0,12.0,8.0
2026-04-11,VfL Wolfsburg,Eintracht Frankfurt,1567.78,1707.49,1.0,4.0,1.0,8.0
2026-04-11,FC St. Pauli,Bayern Munich,1570.9,1962.75,1.0,7.0,5.0,13.0
2026-04-12,1. FC Koln,Werder Bremen,1563.71,1623.02,3.0,3.0,3.0,9.0
2026-04-12,VfB Stuttgart,Hamburger SV,1755.89,1587.62,6.0,2.0,10.0,5.0
2026-04-12,FSV Mainz 05,SC Freiburg,1692.23,1673.35,9.0,3.0,11.0,4.0
2026-04-17,FC St. Pauli,1. FC Koln,1568.32,1573.69,1.0,5.0,2.0,6.0
2026-04-18,TSG Hoffenheim,Borussia Dortmund,1684.44,1856.73,1.0,6.0,5.0,12.0
2026-04-18,Bayer Leverkusen,FC Augsburg,1818.99,1619.54,7.0,2.0,9.0,2.0
2026-04-18,Union Berlin,VfL Wolfsburg,1609.36,1560.03,1.0,0.0,4.0,1.0
2026-04-18,Werder Bremen,Hamburger SV,1613.04,1583.39,3.0,1.0,6.0,5.0
2026-04-18,Eintracht Frankfurt,RB Leipzig,1715.23,1761.89,4.0,9.0,8.0,12.0
2026-04-19,SC Freiburg,1. FC Heidenheim,1685.59,1526.5,6.0,5.0,7.0,5.0
2026-04-19,Bayern Munich,VfB Stuttgart,1965.33,1760.13,9.0,6.0,13.0,10.0
2026-04-19,Borussia Monchengladbach,FSV Mainz 05,1615.82,1680.0,2.0,6.0,5.0,10.0
2026-04-24,RB Leipzig,Union Berlin,1772.28,1596.31,9.0,1.0,12.0,4.0
2026-04-25,FC Augsburg,Eintracht Frankfurt,1635.87,1704.85,5.0,4.0,5.0,7.0
2026-04-25,1. FC Koln,Bayer Leverkusen,1575.25,1802.66,5.0,6.0,7.0,8.0
2026-04-25,1. FC Heidenheim,FC St. Pauli,1522.08,1566.76,4.0,2.0,5.0,2.0
2026-04-25,FSV Mainz 05,Bayern Munich,1679.87,1968.9,4.0,9.0,10.0,13.0
2026-04-25,VfL Wolfsburg,Borussia Monchengladbach,1573.08,1615.94,3.0,2.0,4.0,6.0
2026-04-25,Hamburger SV,TSG Hoffenheim,1575.91,1697.56,1.0,4.0,2.0,5.0
2026-04-26,VfB Stuttgart,Werder Bremen,1756.56,1620.52,3.0,3.0,9.0,6.0
2026-04-26,Borussia Dortmund,SC Freiburg,1843.61,1690.0,3.0,6.0,9.0,9.0
2026-05-02,Bayern Munich,1. FC Heidenheim,1973.12,1531.64,9.0,6.0,15.0,8.0
2026-05-02,Eintracht Frankfurt,Hamburger SV,1704.59,1567.67,4.0,0.0,5.0,1.0
2026-05-02,TSG Hoffenheim,VfB Stuttgart,1705.81,1751.45,7.0,4.0,7.0,7.0
2026-05-02,Union Berlin,1. FC Koln,1592.22,1569.73,0.0,4.0,1.0,6.0
2026-05-02,Werder Bremen,FC Augsburg,1625.63,1636.13,4.0,5.0,7.0,6.0
2026-05-02,Bayer Leverkusen,RB Leipzig,1808.18,1776.37,6.0,9.0,10.0,15.0
2026-05-03,FC St. Pauli,FSV Mainz 05,1557.2,1675.65,1.0,1.0,2.0,7.0
2026-05-03,Borussia Monchengladbach,Borussia Dortmund,1616.43,1848.13,2.0,3.0,4.0,9.0
2026-05-03,SC Freiburg,VfL Wolfsburg,1685.48,1572.59,6.0,4.0,9.0,4.0
2026-05-08,Borussia Dortmund,Eintracht Frankfurt,1833.56,1689.46,3.0,1.0,6.0,5.0
2026-05-09,FC Augsburg,Borussia Monchengladbach,1647.54,1631.01,7.0,5.0,9.0,6.0
2026-05-09,TSG Hoffenheim,Werder Bremen,1705.39,1614.21,7.0,4.0,8.0,4.0
2026-05-09,RB Leipzig,FC St. Pauli,1768.95,1548.87,6.0,1.0,12.0,2.0
2026-05-09,VfB Stuttgart,Bayer Leverkusen,1751.86,1815.6,2.0,6.0,5.0,12.0
2026-05-09,VfL Wolfsburg,Bayern Munich,1577.19,1964.18,5.0,7.0,5.0,13.0
2026-05-10,Hamburger SV,SC Freiburg,1582.8,1680.87,3.0,4.0,4.0,7.0
2026-05-10,1. FC Koln,1. FC Heidenheim,1572.06,1540.59,2.0,4.0,6.0,8.0
2026-05-10,FSV Mainz 05,Union Berlin,1683.99,1589.89,4.0,1.0,7.0,2.0
2026-05-16,Bayern Munich,1. FC Koln,1966.82,1559.48,7.0,1.0,13.0,5.0
2026-05-16,Eintracht Frankfurt,VfB Stuttgart,1684.74,1761.97,1.0,5.0,4.0,8.0
2026-05-16,SC Freiburg,RB Leipzig,1669.78,1772.28,1.0,6.0,7.0,12.0
2026-05-16,1. FC Heidenheim,FSV Mainz 05,1553.16,1669.82,7.0,3.0,10.0,4.0
2026-05-16,Bayer Leverkusen,Hamburger SV,1805.49,1593.89,6.0,6.0,9.0,6.0
2026-05-16,Borussia Monchengladbach,TSG Hoffenheim,1623.17,1711.3,4.0,7.0,5.0,11.0
2026-05-16,FC St. Pauli,VfL Wolfsburg,1545.54,1574.55,0.0,2.0,1.0,5.0
2026-05-16,Union Berlin,FC Augsburg,1604.05,1655.37,4.0,7.0,4.0,11.0
2026-05-16,Werder Bremen,Borussia Dortmund,1608.31,1838.28,1.0,6.0,4.0,6.0
2026-08-28,Bayern Munich,VfB Stuttgart,1968.09,1761.47,7.0,5.0,13.0,6.0
2026-08-29,Elversberg,Bayer Leverkusen,1533.08,1798.95,6.0,4.0,10.0,7.0
2026-08-29,1. FC Koln,TSG Hoffenheim,1558.21,1700.49,1.0,4.0,2.0,10.0
2026-08-29,FSV Mainz 05,Paderborn,1678.2,1533.94,6.0,4.0,7.0,5.0
2026-08-29,RB Leipzig,Borussia Monchengladbach,1761.06,1633.98,3.0,6.0,9.0,8.0
2026-08-29,Union Berlin,Eintracht Frankfurt,1613.8,1685.23,7.0,1.0,7.0,2.0
2026-08-29,Borussia Dortmund,Hamburger SV,1843.74,1600.43,6.0,7.0,9.0,7.0
2026-08-30,SC Freiburg,Werder Bremen,1681.0,1602.84,4.0,0.0,7.0,4.0
2026-08-30,FC Augsburg,Schalke 04,1645.62,1540.59,6.0,6.0,10.0,12.0
