Season,Date,HomeTeam,AwayTeam,FTHG,FTAG,FTR,HS,AS,HST,AST,HC,AC,HY,AY,HR,AR,B365H,B365D,B365A,PSH,PSD,PSA
2223,2022-08-05,Eintracht Frankfurt,Bayern Munich,1,6,A,8.0,23.0,2.0,10.0,5.0,6.0,2.0,0.0,0.0,0.0,6.0,5.0,1.5,5.84,5.13,1.52
2223,2022-08-06,FC Augsburg,SC Freiburg,0,4,A,10.0,19.0,2.0,7.0,5.0,8.0,0.0,0.0,0.0,0.0,3.3,3.5,2.15,3.53,3.59,2.17
2223,2022-08-06,VfL Bochum,FSV Mainz 05,1,2,A,16.0,13.0,3.0,6.0,3.0,5.0,2.0,3.0,0.0,0.0,3.2,3.4,2.2,3.34,3.43,2.32
2223,2022-08-06,Borussia Monchengladbach,TSG Hoffenheim,3,1,H,18.0,2.0,8.0,1.0,4.0,2.0,1.0,4.0,0.0,1.0,2.05,4.2,3.0,2.15,4.22,3.12
2223,2022-08-06,Union Berlin,Hertha,3,1,H,18.0,9.0,8.0,3.0,5.0,4.0,2.0,3.0,0.0,0.0,1.72,3.75,4.5,1.79,3.78,4.97
2223,2022-08-06,VfL Wolfsburg,Werder Bremen,2,2,D,13.0,10.0,3.0,5.0,2.0,5.0,2.0,2.0,0.0,0.0,1.85,3.8,3.8,1.93,3.7,4.29
2223,2022-08-06,Borussia Dortmund,Bayer Leverkusen,1,0,H,13.0,8.0,4.0,3.0,3.0,3.0,2.0,4.0,0.0,1.0,2.0,4.2,3.2,2.08,4.22,3.28
2223,2022-08-07,VfB Stuttgart,RB Leipzig,1,1,D,11.0,27.0,2.0,9.0,1.0,9.0,2.0,1.0,0.0,0.0,4.5,3.8,1.75,4.44,4.12,1.8
2223,2022-08-07,1. FC Koln,Schalke 04,3,1,H,30.0,6.0,10.0,2.0,9.0,1.0,0.0,1.0,0.0,1.0,1.7,4.0,4.5,1.75,4.28,4.58
2223,2022-08-12,SC Freiburg,Borussia Dortmund,1,3,A,16.0,16.0,7.0,7.0,9.0,2.0,1.0,3.0,0.0,0.0,3.0,3.75,2.2,3.15,3.83,2.26
2223,2022-08-13,Schalke 04,Borussia Monchengladbach,2,2,D,14.0,14.0,5.0,9.0,2.0,7.0,4.0,2.0,0.0,0.0,3.1,3.8,2.15,3.21,3.81,2.23
2223,2022-08-13,Werder Bremen,VfB Stuttgart,2,2,D,5.0,14.0,3.0,7.0,2.0,5.0,4.0,2.0,0.0,0.0,2.25,3.6,3.0,2.36,3.62,3.1
2223,2022-08-13,RB Leipzig,1. FC Koln,2,2,D,9.0,12.0,5.0,3.0,2.0,7.0,1.0,4.0,1.0,0.0,1.44,4.75,7.0,1.44,4.91,7.76
2223,2022-08-13,Hertha,Eintracht Frankfurt,1,1,D,11.0,11.0,5.0,1.0,4.0,5.0,3.0,1.0,0.0,0.0,3.0,3.5,2.3,3.12,3.57,2.37
2223,2022-08-13,TSG Hoffenheim,VfL Bochum,3,2,H,24.0,11.0,13.0,5.0,8.0,2.0,1.0,1.0,0.0,0.0,1.57,4.5,5.25,1.61,4.5,5.48
2223,2022-08-13,Bayer Leverkusen,FC Augsburg,1,2,A,23.0,6.0,10.0,4.0,7.0,3.0,1.0,6.0,0.0,0.0,1.3,5.75,9.5,1.34,5.68,9.74
2223,2022-08-14,FSV Mainz 05,Union Berlin,0,0,D,10.0,10.0,5.0,2.0,4.0,4.0,1.0,0.0,0.0,0.0,2.2,3.25,3.4,2.3,3.23,3.6
2223,2022-08-14,Bayern Munich,VfL Wolfsburg,2,0,H,24.0,7.0,8.0,1.0,8.0,4.0,2.0,1.0,0.0,0.0,1.12,9.5,17.0,1.17,9.29,14.98
2223,2022-08-19,Borussia Monchengladbach,Hertha,1,0,H,11.0,18.0,6.0,5.0,5.0,5.0,1.0,2.0,0.0,1.0,1.5,4.5,6.0,1.54,4.87,5.83
2223,2022-08-20,VfL Wolfsburg,Schalke 04,0,0,D,16.0,9.0,6.0,2.0,12.0,4.0,1.0,3.0,0.0,0.0,1.83,3.8,4.2,1.88,3.78,4.38
2223,2022-08-20,Union Berlin,RB Leipzig,2,1,H,9.0,16.0,4.0,2.0,1.0,13.0,2.0,1.0,0.0,0.0,3.6,3.5,2.05,3.7,3.63,2.1
2223,2022-08-20,VfB Stuttgart,SC Freiburg,0,1,A,18.0,9.0,5.0,3.0,3.0,1.0,4.0,2.0,0.0,0.0,2.62,3.6,2.55,2.67,3.66,2.67
2223,2022-08-20,FC Augsburg,FSV Mainz 05,1,2,A,6.0,14.0,2.0,7.0,3.0,3.0,2.0,2.0,0.0,0.0,3.5,3.5,2.1,3.66,3.58,2.13
2223,2022-08-20,Borussia Dortmund,Werder Bremen,2,3,A,5.0,14.0,3.0,7.0,3.0,5.0,4.0,1.0,0.0,0.0,1.36,5.25,7.5,1.41,5.41,7.64
2223,2022-08-20,Bayer Leverkusen,TSG Hoffenheim,0,3,A,14.0,10.0,3.0,5.0,3.0,1.0,1.0,4.0,0.0,0.0,1.66,4.33,4.5,1.72,4.42,4.6
2223,2022-08-21,Eintracht Frankfurt,1. FC Koln,1,1,D,10.0,6.0,3.0,2.0,5.0,9.0,0.0,1.0,0.0,0.0,1.95,3.75,3.6,2.06,3.84,3.61
2223,2022-08-21,VfL Bochum,Bayern Munich,0,7,A,13.0,22.0,7.0,12.0,5.0,5.0,1.0,0.0,0.0,0.0,13.0,8.0,1.18,13.39,8.03,1.2
2223,2022-08-26,SC Freiburg,VfL Bochum,1,0,H,28.0,15.0,12.0,5.0,2.0,5.0,2.0,2.0,0.0,0.0,1.5,4.5,6.0,1.53,4.81,6.12
2223,2022-08-27,Bayern Munich,Borussia Monchengladbach,1,1,D,35.0,5.0,20.0,3.0,14.0,1.0,4.0,2.0,0.0,0.0,1.18,8.0,12.0,1.2,8.4,13.14
2223,2022-08-27,Schalke 04,Union Berlin,1,6,A,12.0,12.0,4.0,7.0,8.0,2.0,1.0,0.0,0.0,0.0,3.1,3.4,2.3,3.16,3.48,2.39
2223,2022-08-27,RB Leipzig,VfL Wolfsburg,2,0,H,16.0,9.0,7.0,4.0,8.0,4.0,3.0,3.0,0.0,0.0,1.45,4.75,6.0,1.5,4.73,6.89
2223,2022-08-27,TSG Hoffenheim,FC Augsburg,1,0,H,24.0,12.0,6.0,1.0,4.0,6.0,1.0,1.0,0.0,0.0,1.45,4.5,7.0,1.49,4.99,6.52
2223,2022-08-27,Hertha,Borussia Dortmund,0,1,A,12.0,24.0,3.0,7.0,6.0,10.0,1.0,0.0,0.0,0.0,4.5,4.33,1.66,4.55,4.62,1.7
2223,2022-08-27,FSV Mainz 05,Bayer Leverkusen,0,3,A,17.0,7.0,3.0,5.0,3.0,4.0,1.0,6.0,0.0,2.0,2.75,3.75,2.37,2.75,3.82,2.52
2223,2022-08-28,1. FC Koln,VfB Stuttgart,0,0,D,6.0,13.0,2.0,5.0,6.0,8.0,2.0,2.0,0.0,1.0,2.05,3.75,3.4,2.16,3.67,3.48
2223,2022-08-28,Werder Bremen,Eintracht Frankfurt,3,4,A,10.0,12.0,4.0,7.0,5.0,7.0,1.0,3.0,0.0,0.0,2.45,3.5,2.8,2.58,3.55,2.83
2223,2022-09-02,Borussia Dortmund,TSG Hoffenheim,1,0,H,16.0,7.0,5.0,2.0,5.0,8.0,3.0,4.0,0.0,0.0,1.61,4.5,4.75,1.69,4.66,4.59
2223,2022-09-03,VfL Wolfsburg,1. FC Koln,2,4,A,9.0,18.0,3.0,5.0,5.0,4.0,2.0,1.0,0.0,0.0,2.05,3.4,3.75,2.16,3.58,3.57
2223,2022-09-03,Eintracht Frankfurt,RB Leipzig,4,0,H,14.0,5.0,9.0,0.0,4.0,3.0,1.0,1.0,0.0,0.0,3.5,3.75,2.0,3.68,3.78,2.06
2223,2022-09-03,Union Berlin,Bayern Munich,1,1,D,10.0,21.0,3.0,6.0,5.0,7.0,1.0,2.0,0.0,0.0,7.0,5.25,1.36,7.55,5.74,1.39
2223,2022-09-03,VfL Bochum,Werder Bremen,0,2,A,19.0,16.0,6.0,6.0,7.0,3.0,2.0,2.0,0.0,0.0,2.9,3.6,2.3,2.99,3.71,2.39
2223,2022-09-03,Bayer Leverkusen,SC Freiburg,2,3,A,15.0,5.0,6.0,3.0,8.0,4.0,2.0,2.0,0.0,0.0,1.9,3.75,3.8,1.92,4.01,3.97
2223,2022-09-03,VfB Stuttgart,Schalke 04,1,1,D,13.0,13.0,3.0,4.0,5.0,7.0,4.0,2.0,1.0,0.0,1.75,4.0,4.33,1.79,4.18,4.4
2223,2022-09-04,FC Augsburg,Hertha,0,2,A,8.0,16.0,2.0,6.0,5.0,1.0,2.0,1.0,0.0,0.0,2.45,3.3,2.87,2.59,3.4,2.94
2223,2022-09-04,Borussia Monchengladbach,FSV Mainz 05,0,1,A,13.0,12.0,3.0,5.0,4.0,8.0,1.0,4.0,1.0,0.0,2.2,3.8,3.0,2.29,3.73,3.16
2223,2022-09-09,Werder Bremen,FC Augsburg,0,1,A,11.0,14.0,6.0,5.0,3.0,7.0,4.0,5.0,0.0,0.0,1.53,4.5,5.5,1.56,4.71,5.9
2223,2022-09-10,Bayern Munich,VfB Stuttgart,2,2,D,18.0,8.0,7.0,3.0,3.0,0.0,2.0,5.0,0.0,0.0,1.14,8.0,17.0,1.17,8.98,16.13
2223,2022-09-10,Eintracht Frankfurt,VfL Wolfsburg,0,1,A,11.0,6.0,0.0,3.0,10.0,5.0,2.0,4.0,0.0,0.0,2.0,3.6,3.6,2.09,3.57,3.8
2223,2022-09-10,Hertha,Bayer Leverkusen,2,2,D,17.0,11.0,6.0,5.0,3.0,5.0,3.0,1.0,0.0,0.0,3.6,4.0,1.9,3.76,4.11,1.94
2223,2022-09-10,TSG Hoffenheim,FSV Mainz 05,4,1,H,21.0,10.0,9.0,2.0,7.0,5.0,3.0,2.0,0.0,1.0,2.25,3.75,2.9,2.36,3.58,3.14
2223,2022-09-10,RB Leipzig,Borussia Dortmund,3,0,H,14.0,4.0,5.0,0.0,5.0,8.0,2.0,1.0,0.0,0.0,2.3,3.9,2.75,2.39,3.94,2.86
2223,2022-09-10,Schalke 04,VfL Bochum,3,1,H,20.0,9.0,8.0,2.0,3.0,8.0,2.0,3.0,0.0,0.0,2.0,3.8,3.5,2.07,3.69,3.73
2223,2022-09-11,1. FC Koln,Union Berlin,0,1,A,7.0,12.0,2.0,3.0,7.0,8.0,4.0,1.0,1.0,0.0,2.37,3.4,2.9,2.54,3.53,2.89
2223,2022-09-11,SC Freiburg,Borussia Monchengladbach,0,0,D,13.0,14.0,8.0,5.0,7.0,6.0,1.0,1.0,0.0,0.0,2.0,3.6,3.5,2.07,3.8,3.62
2223,2022-09-16,FSV Mainz 05,Hertha,1,1,D,12.0,4.0,2.0,2.0,4.0,3.0,3.0,5.0,0.0,0.0,1.72,4.0,4.33,1.79,4.0,4.64
2223,2022-09-17,Borussia Monchengladbach,RB Leipzig,3,0,H,21.0,13.0,10.0,6.0,8.0,3.0,2.0,2.0,0.0,0.0,3.0,3.6,2.25,3.16,3.67,2.31
2223,2022-09-17,VfB Stuttgart,Eintracht Frankfurt,1,3,A,15.0,13.0,2.0,8.0,7.0,4.0,2.0,0.0,0.0,0.0,2.25,3.5,3.1,2.37,3.64,3.08
2223,2022-09-17,Bayer Leverkusen,Werder Bremen,1,1,D,19.0,19.0,7.0,7.0,9.0,6.0,2.0,3.0,0.0,0.0,1.61,4.33,5.0,1.67,4.6,4.83
2223,2022-09-17,FC Augsburg,Bayern Munich,1,0,H,9.0,21.0,4.0,7.0,2.0,8.0,3.0,1.0,0.0,0.0,17.0,8.0,1.16,14.69,9.0,1.18
2223,2022-09-17,Borussia Dortmund,Schalke 04,1,0,H,19.0,3.0,7.0,0.0,11.0,2.0,3.0,2.0,0.0,0.0,1.36,5.0,8.0,1.41,5.61,7.33
2223,2022-09-18,Union Berlin,VfL Wolfsburg,2,0,H,16.0,5.0,4.0,0.0,4.0,1.0,0.0,0.0,0.0,0.0,1.95,3.5,3.8,2.07,3.43,4.02
2223,2022-09-18,VfL Bochum,1. FC Koln,1,1,D,7.0,18.0,0.0,3.0,4.0,8.0,0.0,1.0,0.0,0.0,3.1,3.6,2.2,3.09,3.75,2.31
2223,2022-09-18,TSG Hoffenheim,SC Freiburg,0,0,D,10.0,14.0,3.0,4.0,5.0,3.0,1.0,2.0,0.0,0.0,2.15,3.6,3.2,2.24,3.71,3.27
2223,2022-09-30,Bayern Munich,Bayer Leverkusen,4,0,H,20.0,10.0,10.0,5.0,6.0,2.0,0.0,0.0,0.0,0.0,1.36,6.0,7.0,1.41,6.02,6.71
2223,2022-10-01,Werder Bremen,Borussia Monchengladbach,5,1,H,14.0,13.0,9.0,9.0,4.0,5.0,0.0,1.0,0.0,0.0,2.5,3.9,2.5,2.62,3.84,2.63
2223,2022-10-01,VfL Wolfsburg,VfB Stuttgart,3,2,H,20.0,15.0,7.0,7.0,8.0,5.0,3.0,5.0,0.0,0.0,2.4,3.4,2.9,2.41,3.53,3.08
2223,2022-10-01,RB Leipzig,VfL Bochum,4,0,H,17.0,2.0,9.0,1.0,7.0,2.0,0.0,2.0,0.0,0.0,1.22,6.5,12.0,1.25,7.21,11.05
2223,2022-10-01,SC Freiburg,FSV Mainz 05,2,1,H,13.0,17.0,6.0,7.0,5.0,5.0,2.0,4.0,0.0,0.0,2.1,3.6,3.4,2.13,3.66,3.57
2223,2022-10-01,Eintracht Frankfurt,Union Berlin,2,0,H,14.0,14.0,4.0,5.0,4.0,7.0,3.0,4.0,1.0,0.0,2.25,3.4,3.2,2.31,3.52,3.27
2223,2022-10-01,1. FC Koln,Borussia Dortmund,3,2,H,20.0,21.0,16.0,13.0,7.0,11.0,4.0,3.0,0.0,0.0,3.1,4.0,2.05,3.36,3.93,2.12
2223,2022-10-02,Hertha,TSG Hoffenheim,1,1,D,13.0,16.0,5.0,4.0,2.0,6.0,2.0,1.0,0.0,0.0,2.75,3.75,2.37,2.88,3.81,2.42
2223,2022-10-02,Schalke 04,FC Augsburg,2,3,A,16.0,11.0,5.0,5.0,8.0,4.0,2.0,6.0,0.0,1.0,1.95,3.8,3.6,1.99,3.75,3.95
2223,2022-10-07,TSG Hoffenheim,Werder Bremen,1,2,A,16.0,8.0,6.0,3.0,3.0,3.0,3.0,3.0,0.0,0.0,1.95,3.8,3.5,2.05,4.02,3.48
2223,2022-10-08,Borussia Dortmund,Bayern Munich,2,2,D,13.0,9.0,6.0,3.0,7.0,4.0,3.0,6.0,0.0,1.0,4.33,4.75,1.65,4.53,4.88,1.67
2223,2022-10-08,FSV Mainz 05,RB Leipzig,1,1,D,9.0,12.0,3.0,3.0,4.0,2.0,1.0,1.0,0.0,0.0,3.0,3.6,2.3,3.07,3.66,2.36
2223,2022-10-08,VfL Bochum,Eintracht Frankfurt,3,0,H,11.0,11.0,6.0,2.0,9.0,4.0,2.0,1.0,0.0,0.0,3.75,3.8,1.9,4.01,4.01,1.91
2223,2022-10-08,Bayer Leverkusen,Schalke 04,4,0,H,13.0,2.0,7.0,1.0,3.0,3.0,1.0,1.0,0.0,0.0,1.45,4.5,7.0,1.47,5.02,6.83
2223,2022-10-08,FC Augsburg,VfL Wolfsburg,1,1,D,18.0,12.0,5.0,7.0,11.0,5.0,5.0,3.0,0.0,0.0,2.9,3.4,2.4,3.04,3.43,2.49
2223,2022-10-09,Borussia Monchengladbach,1. FC Koln,5,2,H,13.0,5.0,6.0,3.0,7.0,4.0,2.0,3.0,0.0,1.0,1.95,3.75,3.6,2.02,4.05,3.57
2223,2022-10-09,Hertha,SC Freiburg,2,2,D,11.0,10.0,3.0,4.0,4.0,2.0,2.0,1.0,0.0,0.0,3.0,3.5,2.3,3.18,3.41,2.41
2223,2022-10-09,VfB Stuttgart,Union Berlin,0,1,A,9.0,7.0,3.0,4.0,2.0,5.0,3.0,3.0,1.0,0.0,2.55,3.1,2.9,2.65,3.25,2.97
2223,2022-10-14,Schalke 04,TSG Hoffenheim,0,3,A,14.0,18.0,2.0,7.0,4.0,5.0,2.0,2.0,0.0,0.0,3.6,3.8,1.95,3.72,3.87,2.02
2223,2022-10-15,RB Leipzig,Hertha,3,2,H,14.0,16.0,5.0,5.0,8.0,4.0,2.0,3.0,0.0,0.0,1.4,5.0,7.0,1.43,5.03,7.84
2223,2022-10-15,VfL Wolfsburg,Borussia Monchengladbach,2,2,D,16.0,10.0,4.0,5.0,7.0,6.0,3.0,3.0,0.0,0.0,2.62,3.5,2.6,2.69,3.66,2.65
2223,2022-10-15,Werder Bremen,FSV Mainz 05,0,2,A,14.0,11.0,4.0,5.0,3.0,3.0,1.0,2.0,0.0,0.0,2.37,3.6,2.87,2.38,3.68,3.02
2223,2022-10-15,VfB Stuttgart,VfL Bochum,4,1,H,16.0,14.0,7.0,4.0,3.0,3.0,0.0,3.0,0.0,0.0,1.65,4.0,5.25,1.68,4.03,5.5
2223,2022-10-15,Eintracht Frankfurt,Bayer Leverkusen,5,1,H,20.0,5.0,11.0,2.0,7.0,1.0,0.0,4.0,0.0,1.0,2.75,3.6,2.45,2.84,3.62,2.54
2223,2022-10-16,1. FC Koln,FC Augsburg,3,2,H,14.0,7.0,6.0,3.0,5.0,3.0,2.0,4.0,0.0,0.0,1.66,4.0,5.0,1.71,4.27,4.84
2223,2022-10-16,Union Berlin,Borussia Dortmund,2,0,H,14.0,13.0,5.0,6.0,5.0,8.0,1.0,2.0,0.0,0.0,2.9,3.5,2.37,3.06,3.51,2.44
2223,2022-10-16,Bayern Munich,SC Freiburg,5,0,H,18.0,6.0,8.0,0.0,5.0,5.0,0.0,2.0,0.0,0.0,1.25,6.5,9.0,1.29,6.13,10.79
2223,2022-10-21,FSV Mainz 05,1. FC Koln,5,0,H,15.0,6.0,7.0,2.0,5.0,4.0,1.0,5.0,0.0,1.0,2.15,3.5,3.25,2.19,3.59,3.47
2223,2022-10-22,Borussia Monchengladbach,Eintracht Frankfurt,1,3,A,8.0,16.0,3.0,5.0,3.0,2.0,3.0,2.0,0.0,0.0,2.3,3.75,2.87,2.42,3.77,2.9
2223,2022-10-22,Bayer Leverkusen,VfL Wolfsburg,2,2,D,13.0,9.0,5.0,3.0,3.0,3.0,3.0,1.0,0.0,0.0,1.7,4.2,4.5,1.74,4.31,4.6
2223,2022-10-22,TSG Hoffenheim,Bayern Munich,0,2,A,7.0,23.0,3.0,10.0,7.0,5.0,3.0,2.0,0.0,0.0,5.5,5.0,1.5,5.89,4.97,1.53
2223,2022-10-22,SC Freiburg,Werder Bremen,2,0,H,25.0,10.0,7.0,2.0,6.0,2.0,2.0,2.0,0.0,1.0,1.9,3.75,3.8,1.94,3.86,4.0
2223,2022-10-22,Borussia Dortmund,VfB Stuttgart,5,0,H,19.0,10.0,10.0,1.0,9.0,2.0,1.0,0.0,0.0,0.0,1.53,4.75,5.5,1.57,4.44,6.06
2223,2022-10-22,FC Augsburg,RB Leipzig,3,3,D,11.0,19.0,3.0,8.0,3.0,6.0,7.0,1.0,1.0,0.0,5.5,4.33,1.57,5.75,4.4,1.6
2223,2022-10-23,VfL Bochum,Union Berlin,2,1,H,8.0,6.0,5.0,3.0,3.0,7.0,1.0,3.0,0.0,0.0,4.33,3.4,1.9,4.48,3.48,1.95
2223,2022-10-23,Hertha,Schalke 04,2,1,H,11.0,9.0,4.0,2.0,5.0,6.0,5.0,1.0,0.0,0.0,1.75,3.75,4.75,1.78,3.99,4.71
2223,2022-10-28,Werder Bremen,Hertha,1,0,H,15.0,9.0,4.0,1.0,4.0,5.0,2.0,3.0,0.0,0.0,2.0,3.8,3.4,2.06,3.99,3.49
2223,2022-10-29,Eintracht Frankfurt,Borussia Dortmund,1,2,A,20.0,8.0,8.0,2.0,4.0,3.0,5.0,5.0,0.0,0.0,2.75,3.75,2.4,2.88,3.7,2.47
2223,2022-10-29,VfB Stuttgart,FC Augsburg,2,1,H,31.0,12.0,8.0,6.0,10.0,3.0,1.0,2.0,0.0,0.0,1.8,3.8,4.33,1.81,3.98,4.51
2223,2022-10-29,VfL Wolfsburg,VfL Bochum,4,0,H,22.0,10.0,7.0,3.0,7.0,2.0,1.0,1.0,0.0,0.0,1.65,4.2,4.75,1.72,4.24,4.85
2223,2022-10-29,Bayern Munich,FSV Mainz 05,6,2,H,25.0,13.0,12.0,5.0,8.0,5.0,1.0,1.0,0.0,0.0,1.25,6.5,11.0,1.27,6.7,10.23
2223,2022-10-29,RB Leipzig,Bayer Leverkusen,2,0,H,10.0,4.0,6.0,1.0,3.0,3.0,3.0,3.0,0.0,0.0,1.8,4.0,4.1,1.83,4.12,4.27
2223,2022-10-30,Union Berlin,Borussia Monchengladbach,2,1,H,14.0,7.0,5.0,3.0,6.0,5.0,3.0,2.0,0.0,0.0,2.05,3.4,3.8,2.06,3.53,3.95
2223,2022-10-30,Schalke 04,SC Freiburg,0,2,A,12.0,19.0,3.0,9.0,4.0,8.0,3.0,2.0,0.0,0.0,4.0,3.75,1.9,4.13,3.75,1.94
2223,2022-10-30,1. FC Koln,TSG Hoffenheim,1,1,D,11.0,9.0,3.0,4.0,5.0,4.0,1.0,2.0,0.0,1.0,2.9,3.5,2.37,3.06,3.66,2.37
2223,2022-11-04,Borussia Monchengladbach,VfB Stuttgart,3,1,H,11.0,13.0,6.0,4.0,3.0,5.0,2.0,1.0,0.0,0.0,2.15,3.75,3.1,2.26,3.81,3.16
2223,2022-11-05,FSV Mainz 05,VfL Wolfsburg,0,3,A,16.0,10.0,3.0,3.0,9.0,4.0,1.0,1.0,0.0,0.0,2.0,3.75,3.5,2.07,3.68,3.72
2223,2022-11-05,Werder Bremen,Schalke 04,2,1,H,11.0,19.0,5.0,3.0,3.0,3.0,3.0,2.0,0.0,0.0,1.65,4.33,4.5,1.66,4.42,5.11
2223,2022-11-05,TSG Hoffenheim,RB Leipzig,1,3,A,11.0,17.0,3.0,8.0,6.0,3.0,4.0,2.0,0.0,0.0,2.9,3.75,2.25,3.06,3.75,2.33
2223,2022-11-05,Hertha,Bayern Munich,2,3,A,7.0,14.0,5.0,4.0,2.0,7.0,0.0,0.0,0.0,0.0,10.0,6.5,1.25,11.21,6.52,1.27
2223,2022-11-05,Borussia Dortmund,VfL Bochum,3,0,H,6.0,7.0,3.0,1.0,2.0,5.0,1.0,1.0,0.0,0.0,1.22,7.0,11.0,1.25,6.51,12.47
2223,2022-11-05,FC Augsburg,Eintracht Frankfurt,1,2,A,9.0,12.0,5.0,7.0,3.0,6.0,0.0,1.0,0.0,0.0,4.33,4.0,1.72,4.52,4.16,1.78
2223,2022-11-06,Bayer Leverkusen,Union Berlin,5,0,H,11.0,6.0,8.0,1.0,1.0,5.0,1.0,4.0,0.0,0.0,2.15,3.4,3.4,2.2,3.48,3.57
2223,2022-11-06,SC Freiburg,1. FC Koln,2,0,H,13.0,6.0,5.0,2.0,5.0,3.0,0.0,1.0,0.0,0.0,1.7,4.0,4.75,1.72,4.06,5.1
2223,2022-11-08,VfL Wolfsburg,Borussia Dortmund,2,0,H,15.0,20.0,8.0,6.0,6.0,9.0,4.0,2.0,0.0,0.0,3.1,3.6,2.2,3.17,3.64,2.32
2223,2022-11-08,Bayern Munich,Werder Bremen,6,1,H,21.0,4.0,10.0,1.0,8.0,4.0,0.0,0.0,0.0,0.0,1.14,9.5,15.0,1.16,8.84,17.46
2223,2022-11-08,VfL Bochum,Borussia Monchengladbach,2,1,H,13.0,8.0,4.0,2.0,6.0,3.0,1.0,3.0,0.0,0.0,3.2,3.5,2.25,3.28,3.64,2.26
2223,2022-11-08,VfB Stuttgart,Hertha,2,1,H,16.0,11.0,7.0,4.0,8.0,5.0,3.0,2.0,0.0,0.0,1.95,3.8,3.75,1.97,3.76,3.99
2223,2022-11-09,1. FC Koln,Bayer Leverkusen,1,2,A,17.0,10.0,7.0,3.0,6.0,1.0,1.0,2.0,0.0,0.0,3.0,3.75,2.2,3.21,3.6,2.31
2223,2022-11-09,Eintracht Frankfurt,TSG Hoffenheim,4,2,H,15.0,12.0,8.0,3.0,4.0,5.0,0.0,3.0,0.0,0.0,1.9,3.8,3.75,1.96,3.84,3.95
2223,2022-11-09,RB Leipzig,SC Freiburg,3,1,H,18.0,4.0,8.0,2.0,6.0,2.0,1.0,4.0,0.0,0.0,1.72,4.0,4.5,1.8,4.2,4.36
2223,2022-11-09,Schalke 04,FSV Mainz 05,1,0,H,13.0,11.0,4.0,1.0,1.0,6.0,3.0,1.0,0.0,0.0,3.4,3.75,2.05,3.52,3.77,2.11
2223,2022-11-09,Union Berlin,FC Augsburg,2,2,D,18.0,7.0,6.0,2.0,6.0,3.0,1.0,4.0,0.0,0.0,1.55,4.2,6.0,1.57,4.21,6.65
2223,2022-11-11,Borussia Monchengladbach,Borussia Dortmund,4,2,H,11.0,20.0,6.0,10.0,2.0,9.0,1.0,2.0,0.0,0.0,3.2,4.0,2.15,3.33,3.9,2.15
2223,2022-11-12,Schalke 04,Bayern Munich,0,2,A,6.0,22.0,2.0,6.0,4.0,5.0,0.0,0.0,0.0,0.0,15.0,7.5,1.16,17.47,8.34,1.17
2223,2022-11-12,Werder Bremen,RB Leipzig,1,2,A,7.0,14.0,5.0,3.0,0.0,4.0,1.0,2.0,0.0,0.0,3.6,4.0,1.9,3.7,4.12,1.96
2223,2022-11-12,Bayer Leverkusen,VfB Stuttgart,2,0,H,11.0,7.0,3.0,1.0,4.0,2.0,2.0,3.0,0.0,0.0,1.72,4.2,4.33,1.73,4.21,4.78
2223,2022-11-12,Hertha,1. FC Koln,2,0,H,17.0,10.0,8.0,2.0,10.0,5.0,3.0,1.0,0.0,0.0,2.2,3.6,3.1,2.3,3.68,3.17
2223,2022-11-12,FC Augsburg,VfL Bochum,0,1,A,19.0,11.0,5.0,4.0,6.0,2.0,1.0,1.0,0.0,0.0,2.2,3.5,3.2,2.23,3.62,3.36
2223,2022-11-12,TSG Hoffenheim,VfL Wolfsburg,1,2,A,22.0,6.0,8.0,3.0,7.0,1.0,0.0,3.0,0.0,0.0,2.25,3.75,3.1,2.28,3.77,3.14
2223,2022-11-13,FSV Mainz 05,Eintracht Frankfurt,1,1,D,19.0,10.0,6.0,3.0,5.0,2.0,2.0,2.0,0.0,0.0,2.75,3.5,2.45,2.84,3.76,2.47
2223,2022-11-13,SC Freiburg,Union Berlin,4,1,H,7.0,4.0,5.0,2.0,2.0,1.0,0.0,1.0,0.0,1.0,2.0,3.3,4.0,2.06,3.32,4.25
2223,2023-01-20,RB Leipzig,Bayern Munich,1,1,D,10.0,7.0,3.0,2.0,3.0,2.0,2.0,3.0,0.0,0.0,3.6,4.33,1.85,3.93,4.24,1.88
2223,2023-01-21,VfB Stuttgart,FSV Mainz 05,1,1,D,16.0,12.0,4.0,2.0,3.0,5.0,1.0,3.0,0.0,0.0,2.4,3.5,2.88,2.44,3.54,3.03
2223,2023-01-21,VfL Bochum,Hertha,3,1,H,10.0,10.0,3.0,2.0,1.0,6.0,1.0,1.0,0.0,0.0,2.38,3.5,2.9,2.44,3.61,2.98
2223,2023-01-21,Eintracht Frankfurt,Schalke 04,3,0,H,11.0,18.0,3.0,4.0,5.0,4.0,2.0,3.0,0.0,0.0,1.36,5.0,8.5,1.4,5.34,8.09
2223,2023-01-21,Union Berlin,TSG Hoffenheim,3,1,H,23.0,10.0,5.0,5.0,9.0,4.0,2.0,1.0,0.0,0.0,2.25,3.4,3.2,2.29,3.45,3.38
2223,2023-01-21,VfL Wolfsburg,SC Freiburg,6,0,H,13.0,9.0,11.0,1.0,0.0,5.0,1.0,2.0,0.0,0.0,2.55,3.4,2.75,2.58,3.49,2.87
2223,2023-01-21,1. FC Koln,Werder Bremen,7,1,H,15.0,4.0,7.0,2.0,2.0,2.0,0.0,0.0,0.0,0.0,2.25,3.8,2.9,2.25,3.89,3.11
2223,2023-01-22,Borussia Dortmund,FC Augsburg,4,3,H,27.0,14.0,10.0,4.0,7.0,3.0,1.0,4.0,0.0,0.0,1.3,6.0,8.0,1.35,5.88,8.74
2223,2023-01-22,Borussia Monchengladbach,Bayer Leverkusen,2,3,A,15.0,13.0,8.0,5.0,2.0,3.0,3.0,2.0,0.0,0.0,2.63,3.8,2.45,2.76,4.05,2.42
2223,2023-01-24,Bayern Munich,1. FC Koln,1,1,D,22.0,2.0,7.0,1.0,9.0,4.0,0.0,1.0,0.0,0.0,1.2,7.5,12.0,1.23,7.6,12.0
2223,2023-01-24,Hertha,VfL Wolfsburg,0,5,A,8.0,15.0,2.0,7.0,6.0,4.0,2.0,0.0,0.0,0.0,3.0,3.4,2.3,3.12,3.53,2.39
2223,2023-01-24,Schalke 04,RB Leipzig,1,6,A,9.0,21.0,1.0,14.0,1.0,6.0,1.0,1.0,0.0,0.0,5.75,4.33,1.53,5.91,4.41,1.59
2223,2023-01-24,TSG Hoffenheim,VfB Stuttgart,2,2,D,13.0,8.0,5.0,4.0,6.0,4.0,1.0,3.0,0.0,1.0,2.1,3.5,3.4,2.19,3.63,3.44
2223,2023-01-25,Werder Bremen,Union Berlin,1,2,A,8.0,11.0,3.0,5.0,5.0,7.0,0.0,0.0,0.0,0.0,2.8,3.2,2.63,2.94,3.33,2.62
2223,2023-01-25,Bayer Leverkusen,VfL Bochum,2,0,H,11.0,9.0,4.0,2.0,3.0,4.0,2.0,4.0,0.0,0.0,1.4,5.25,6.5,1.45,4.98,7.28
2223,2023-01-25,SC Freiburg,Eintracht Frankfurt,1,1,D,12.0,4.0,5.0,2.0,4.0,3.0,3.0,3.0,0.0,0.0,2.5,3.5,2.7,2.58,3.57,2.82
2223,2023-01-25,FC Augsburg,Borussia Monchengladbach,1,0,H,14.0,7.0,4.0,2.0,3.0,2.0,1.0,2.0,0.0,0.0,3.0,3.6,2.25,3.14,3.65,2.33
2223,2023-01-25,FSV Mainz 05,Borussia Dortmund,1,2,A,12.0,12.0,4.0,6.0,2.0,3.0,2.0,0.0,0.0,0.0,2.9,3.6,2.3,3.0,3.72,2.38
2223,2023-01-27,RB Leipzig,VfB Stuttgart,2,1,H,9.0,10.0,4.0,3.0,3.0,6.0,0.0,0.0,0.0,0.0,1.33,5.0,9.0,1.38,5.27,9.19
2223,2023-01-28,SC Freiburg,FC Augsburg,3,1,H,15.0,16.0,9.0,4.0,3.0,7.0,3.0,3.0,0.0,0.0,1.5,4.5,6.25,1.52,4.65,6.55
2223,2023-01-28,Hertha,Union Berlin,0,2,A,10.0,7.0,3.0,3.0,3.0,2.0,1.0,2.0,0.0,0.0,3.5,3.25,2.2,3.76,3.37,2.18
2223,2023-01-28,TSG Hoffenheim,Borussia Monchengladbach,1,4,A,15.0,10.0,5.0,5.0,4.0,3.0,2.0,1.0,0.0,0.0,2.0,3.9,3.4,2.11,3.99,3.37
2223,2023-01-28,FSV Mainz 05,VfL Bochum,5,2,H,14.0,14.0,7.0,4.0,3.0,2.0,0.0,1.0,0.0,0.0,1.7,4.0,4.75,1.74,4.06,4.96
2223,2023-01-28,Werder Bremen,VfL Wolfsburg,2,1,H,14.0,7.0,5.0,3.0,2.0,6.0,3.0,3.0,0.0,0.0,3.2,3.6,2.15,3.41,3.75,2.16
2223,2023-01-28,Bayern Munich,Eintracht Frankfurt,1,1,D,14.0,7.0,6.0,1.0,7.0,6.0,3.0,1.0,0.0,0.0,1.33,6.0,7.5,1.35,6.36,7.74
2223,2023-01-29,Schalke 04,1. FC Koln,0,0,D,15.0,7.0,2.0,0.0,7.0,7.0,3.0,4.0,0.0,0.0,3.8,3.6,1.95,3.81,3.75,2.02
2223,2023-01-29,Bayer Leverkusen,Borussia Dortmund,0,2,A,20.0,6.0,7.0,2.0,8.0,4.0,2.0,4.0,0.0,0.0,2.45,3.8,2.63,2.5,3.89,2.74
2223,2023-02-03,FC Augsburg,Bayer Leverkusen,1,0,H,10.0,12.0,5.0,4.0,2.0,1.0,3.0,2.0,0.0,0.0,4.0,3.8,1.85,4.25,3.97,1.86
2223,2023-02-04,Union Berlin,FSV Mainz 05,2,1,H,9.0,9.0,5.0,2.0,5.0,5.0,1.0,1.0,0.0,0.0,1.95,3.5,4.0,1.99,3.42,4.36
2223,2023-02-04,1. FC Koln,RB Leipzig,0,0,D,9.0,7.0,0.0,2.0,5.0,1.0,3.0,4.0,0.0,0.0,4.2,3.6,1.91,4.11,3.79,1.93
2223,2023-02-04,Borussia Monchengladbach,Schalke 04,0,0,D,17.0,18.0,4.0,5.0,9.0,5.0,2.0,3.0,0.0,0.0,1.53,4.5,5.75,1.56,4.73,5.78
2223,2023-02-04,Borussia Dortmund,SC Freiburg,5,1,H,24.0,6.0,8.0,3.0,14.0,0.0,3.0,4.0,0.0,1.0,1.67,4.0,5.0,1.71,4.18,4.99
2223,2023-02-04,VfL Bochum,TSG Hoffenheim,5,2,H,17.0,10.0,11.0,4.0,6.0,6.0,2.0,3.0,0.0,0.0,2.75,3.5,2.5,2.8,3.64,2.56
2223,2023-02-04,Eintracht Frankfurt,Hertha,3,0,H,10.0,13.0,4.0,3.0,7.0,1.0,1.0,2.0,0.0,0.0,1.45,4.5,6.5,1.51,4.63,6.77
2223,2023-02-05,VfB Stuttgart,Werder Bremen,0,2,A,16.0,9.0,5.0,4.0,8.0,4.0,2.0,5.0,0.0,0.0,2.0,3.6,3.6,2.09,3.77,3.57
2223,2023-02-05,VfL Wolfsburg,Bayern Munich,2,4,A,19.0,9.0,5.0,4.0,7.0,4.0,2.0,6.0,0.0,1.0,5.25,4.5,1.57,5.28,4.64,1.61
2223,2023-02-10,Schalke 04,VfL Wolfsburg,0,0,D,17.0,8.0,5.0,2.0,9.0,3.0,1.0,4.0,0.0,0.0,3.6,3.8,1.95,3.92,3.78,1.99
2223,2023-02-11,RB Leipzig,Union Berlin,1,2,A,9.0,6.0,1.0,5.0,3.0,4.0,4.0,4.0,0.0,0.0,1.7,3.75,5.0,1.75,3.76,5.31
2223,2023-02-11,FSV Mainz 05,FC Augsburg,3,1,H,13.0,11.0,7.0,3.0,4.0,12.0,1.0,1.0,0.0,0.0,1.8,4.0,4.2,1.87,3.9,4.3
2223,2023-02-11,Werder Bremen,Borussia Dortmund,0,2,A,8.0,17.0,3.0,9.0,3.0,7.0,1.0,0.0,0.0,0.0,4.0,4.0,1.8,4.06,4.37,1.83
2223,2023-02-11,SC Freiburg,VfB Stuttgart,2,1,H,9.0,14.0,5.0,3.0,4.0,3.0,3.0,3.0,0.0,0.0,1.8,3.8,4.33,1.88,3.74,4.45
2223,2023-02-11,Bayern Munich,VfL Bochum,3,0,H,25.0,7.0,12.0,1.0,6.0,3.0,1.0,1.0,0.0,0.0,1.11,10.0,17.0,1.15,9.98,16.58
2223,2023-02-11,TSG Hoffenheim,Bayer Leverkusen,1,3,A,11.0,12.0,6.0,5.0,5.0,8.0,3.0,1.0,0.0,0.0,2.88,3.6,2.38,2.98,3.75,2.38
2223,2023-02-12,Hertha,Borussia Monchengladbach,4,1,H,17.0,7.0,7.0,3.0,4.0,6.0,1.0,1.0,0.0,0.0,2.88,3.5,2.4,2.9,3.68,2.47
2223,2023-02-12,1. FC Koln,Eintracht Frankfurt,3,0,H,9.0,7.0,4.0,1.0,3.0,9.0,3.0,2.0,0.0,0.0,2.7,3.5,2.5,2.71,3.66,2.63
2223,2023-02-17,FC Augsburg,TSG Hoffenheim,1,0,H,16.0,8.0,3.0,2.0,6.0,1.0,3.0,3.0,0.0,0.0,2.7,3.5,2.6,2.73,3.65,2.62
2223,2023-02-18,Eintracht Frankfurt,Werder Bremen,2,0,H,11.0,3.0,6.0,0.0,5.0,2.0,1.0,1.0,0.0,0.0,1.62,4.2,5.25,1.63,4.46,5.31
2223,2023-02-18,VfL Bochum,SC Freiburg,0,2,A,15.0,15.0,6.0,5.0,5.0,5.0,4.0,2.0,1.0,0.0,3.1,3.5,2.25,3.15,3.56,2.36
2223,2023-02-18,Borussia Monchengladbach,Bayern Munich,3,2,H,17.0,13.0,7.0,4.0,4.0,0.0,0.0,1.0,0.0,1.0,7.0,5.75,1.36,7.11,5.81,1.4
2223,2023-02-18,VfB Stuttgart,1. FC Koln,3,0,H,18.0,11.0,7.0,4.0,3.0,6.0,3.0,4.0,0.0,0.0,2.45,3.4,2.88,2.48,3.53,2.97
2223,2023-02-18,VfL Wolfsburg,RB Leipzig,0,3,A,7.0,17.0,2.0,5.0,2.0,5.0,1.0,1.0,0.0,0.0,3.3,3.6,2.15,3.34,3.68,2.22
2223,2023-02-19,Bayer Leverkusen,FSV Mainz 05,2,3,A,17.0,12.0,7.0,7.0,4.0,5.0,5.0,5.0,1.0,0.0,1.8,3.8,4.2,1.85,4.0,4.27
2223,2023-02-19,Borussia Dortmund,Hertha,4,1,H,12.0,15.0,5.0,8.0,3.0,4.0,1.0,2.0,0.0,0.0,1.33,5.5,8.5,1.36,5.89,8.41
2223,2023-02-19,Union Berlin,Schalke 04,0,0,D,9.0,6.0,4.0,2.0,6.0,4.0,2.0,1.0,0.0,0.0,1.6,3.8,6.0,1.61,3.97,6.65
2223,2023-02-24,FSV Mainz 05,Borussia Monchengladbach,4,0,H,14.0,8.0,8.0,2.0,3.0,3.0,2.0,3.0,0.0,0.0,2.15,3.6,3.2,2.19,3.68,3.4
2223,2023-02-25,1. FC Koln,VfL Wolfsburg,0,2,A,11.0,6.0,5.0,4.0,10.0,2.0,1.0,2.0,0.0,0.0,2.3,3.5,3.0,2.4,3.6,3.06
2223,2023-02-25,Hertha,FC Augsburg,2,0,H,11.0,9.0,3.0,2.0,1.0,6.0,1.0,3.0,0.0,0.0,2.1,3.6,3.25,2.16,3.73,3.43
2223,2023-02-25,TSG Hoffenheim,Borussia Dortmund,0,1,A,13.0,23.0,4.0,11.0,12.0,11.0,3.0,1.0,0.0,0.0,4.0,4.2,1.75,4.27,4.39,1.78
2223,2023-02-25,RB Leipzig,Eintracht Frankfurt,2,1,H,10.0,8.0,5.0,4.0,2.0,6.0,2.0,3.0,0.0,0.0,1.7,4.0,4.6,1.73,4.25,4.74
2223,2023-02-25,Werder Bremen,VfL Bochum,3,0,H,12.0,9.0,6.0,2.0,2.0,0.0,3.0,2.0,0.0,0.0,2.0,3.8,3.6,2.04,3.78,3.72
2223,2023-02-25,Schalke 04,VfB Stuttgart,2,1,H,11.0,17.0,6.0,5.0,6.0,9.0,2.0,2.0,0.0,0.0,3.0,3.4,2.45,3.05,3.46,2.47
2223,2023-02-26,Bayern Munich,Union Berlin,3,0,H,19.0,4.0,10.0,1.0,10.0,4.0,1.0,1.0,0.0,0.0,1.33,5.25,9.0,1.34,5.68,9.74
2223,2023-02-26,SC Freiburg,Bayer Leverkusen,1,1,D,9.0,16.0,4.0,4.0,1.0,3.0,2.0,1.0,0.0,0.0,2.15,3.5,3.25,2.24,3.66,3.3
2223,2023-03-03,Borussia Dortmund,RB Leipzig,2,1,H,8.0,14.0,3.0,6.0,4.0,6.0,2.0,5.0,0.0,0.0,2.2,3.5,3.2,2.23,3.71,3.23
2223,2023-03-04,FC Augsburg,Werder Bremen,2,1,H,9.0,17.0,5.0,8.0,3.0,7.0,2.0,2.0,0.0,0.0,2.3,3.5,3.0,2.37,3.61,3.04
2223,2023-03-04,VfL Bochum,Schalke 04,0,2,A,6.0,9.0,4.0,5.0,4.0,4.0,2.0,1.0,0.0,0.0,2.3,3.4,3.1,2.44,3.48,3.03
2223,2023-03-04,FSV Mainz 05,TSG Hoffenheim,1,0,H,16.0,15.0,6.0,4.0,11.0,3.0,1.0,4.0,0.0,0.0,1.91,3.6,4.0,1.93,3.85,3.97
2223,2023-03-04,Borussia Monchengladbach,SC Freiburg,0,0,D,10.0,8.0,4.0,3.0,6.0,5.0,5.0,2.0,1.0,0.0,2.4,3.6,2.8,2.52,3.57,2.86
2223,2023-03-04,Union Berlin,1. FC Koln,0,0,D,8.0,12.0,2.0,4.0,5.0,4.0,1.0,0.0,0.0,0.0,1.91,3.4,4.33,1.93,3.45,4.56
2223,2023-03-04,VfB Stuttgart,Bayern Munich,1,2,A,11.0,13.0,4.0,6.0,3.0,6.0,0.0,0.0,0.0,0.0,7.0,5.25,1.4,6.29,5.0,1.49
2223,2023-03-05,VfL Wolfsburg,Eintracht Frankfurt,2,2,D,13.0,10.0,8.0,2.0,4.0,5.0,3.0,3.0,0.0,0.0,2.45,3.5,2.8,2.49,3.57,2.9
2223,2023-03-05,Bayer Leverkusen,Hertha,4,1,H,18.0,7.0,9.0,2.0,9.0,2.0,1.0,2.0,0.0,0.0,1.53,4.2,6.0,1.58,4.36,5.95
2223,2023-03-10,1. FC Koln,VfL Bochum,0,2,A,11.0,9.0,5.0,3.0,10.0,1.0,2.0,2.0,0.0,0.0,1.73,3.75,4.75,1.78,3.87,4.92
2223,2023-03-11,Bayern Munich,FC Augsburg,5,3,H,24.0,13.0,9.0,6.0,8.0,5.0,2.0,1.0,0.0,0.0,1.13,9.0,19.0,1.14,10.07,16.64
2223,2023-03-11,Eintracht Frankfurt,VfB Stuttgart,1,1,D,10.0,9.0,1.0,5.0,3.0,2.0,4.0,1.0,0.0,0.0,1.8,4.0,4.2,1.86,3.88,4.26
2223,2023-03-11,Hertha,FSV Mainz 05,1,1,D,9.0,6.0,4.0,3.0,7.0,8.0,2.0,1.0,0.0,0.0,2.9,3.4,2.45,2.97,3.5,2.47
2223,2023-03-11,RB Leipzig,Borussia Monchengladbach,3,0,H,14.0,7.0,9.0,3.0,11.0,0.0,1.0,0.0,0.0,0.0,1.4,5.0,7.0,1.43,5.16,7.18
2223,2023-03-11,Schalke 04,Borussia Dortmund,2,2,D,10.0,20.0,5.0,8.0,3.0,6.0,1.0,1.0,0.0,0.0,4.5,4.0,1.73,4.56,4.21,1.74
2223,2023-03-12,VfL Wolfsburg,Union Berlin,1,1,D,15.0,11.0,6.0,2.0,3.0,5.0,1.0,4.0,0.0,0.0,2.25,3.25,3.3,2.28,3.22,3.59
2223,2023-03-12,SC Freiburg,TSG Hoffenheim,2,1,H,9.0,12.0,3.0,1.0,2.0,2.0,2.0,5.0,0.0,1.0,1.91,3.6,4.0,1.93,3.71,4.1
2223,2023-03-12,Werder Bremen,Bayer Leverkusen,2,3,A,12.0,13.0,6.0,5.0,2.0,3.0,2.0,1.0,0.0,0.0,3.3,3.75,2.1,3.32,3.82,2.15
2223,2023-03-17,Borussia Monchengladbach,Werder Bremen,2,2,D,21.0,6.0,9.0,3.0,6.0,5.0,1.0,1.0,0.0,0.0,1.8,4.0,4.2,1.83,4.02,4.39
2223,2023-03-18,FC Augsburg,Schalke 04,1,1,D,9.0,13.0,3.0,5.0,9.0,6.0,4.0,4.0,1.0,0.0,2.3,3.4,3.1,2.38,3.45,3.14
2223,2023-03-18,VfL Bochum,RB Leipzig,1,0,H,8.0,21.0,2.0,8.0,2.0,7.0,2.0,3.0,0.0,0.0,5.5,4.33,1.55,5.93,4.45,1.57
2223,2023-03-18,TSG Hoffenheim,Hertha,3,1,H,15.0,11.0,7.0,5.0,8.0,9.0,0.0,3.0,1.0,0.0,2.05,3.5,3.5,2.13,3.62,3.54
2223,2023-03-18,VfB Stuttgart,VfL Wolfsburg,0,1,A,12.0,9.0,2.0,3.0,3.0,8.0,1.0,0.0,0.0,0.0,2.38,3.4,2.9,2.46,3.47,3.0
2223,2023-03-18,Borussia Dortmund,1. FC Koln,6,1,H,11.0,11.0,8.0,5.0,1.0,6.0,1.0,0.0,0.0,0.0,1.45,4.75,6.5,1.47,4.99,6.61
2223,2023-03-19,Bayer Leverkusen,Bayern Munich,2,1,H,12.0,11.0,6.0,6.0,5.0,3.0,2.0,3.0,0.0,0.0,5.25,4.5,1.55,4.73,5.04,1.61
2223,2023-03-19,Union Berlin,Eintracht Frankfurt,2,0,H,14.0,19.0,3.0,4.0,3.0,7.0,3.0,2.0,0.0,0.0,2.38,3.2,3.2,2.44,3.22,3.25
2223,2023-03-19,FSV Mainz 05,SC Freiburg,1,1,D,10.0,11.0,6.0,5.0,3.0,5.0,2.0,3.0,0.0,0.0,2.1,3.5,3.3,2.17,3.51,3.55
2223,2023-03-31,Eintracht Frankfurt,VfL Bochum,1,1,D,18.0,8.0,7.0,2.0,15.0,2.0,3.0,2.0,0.0,0.0,1.5,4.33,6.5,1.52,4.55,6.59
2223,2023-04-01,SC Freiburg,Hertha,1,1,D,16.0,10.0,8.0,3.0,2.0,2.0,1.0,1.0,0.0,0.0,1.62,4.0,5.5,1.69,3.98,5.33
2223,2023-04-01,RB Leipzig,FSV Mainz 05,0,3,A,12.0,19.0,3.0,7.0,3.0,4.0,3.0,3.0,0.0,0.0,1.53,4.5,5.5,1.56,4.52,5.98
2223,2023-04-01,Schalke 04,Bayer Leverkusen,0,3,A,12.0,18.0,3.0,10.0,7.0,5.0,2.0,1.0,0.0,0.0,3.8,3.75,1.91,4.1,3.73,1.93
2223,2023-04-01,Union Berlin,VfB Stuttgart,3,0,H,13.0,17.0,5.0,8.0,3.0,5.0,1.0,1.0,0.0,0.0,2.05,3.2,3.9,2.12,3.28,3.98
2223,2023-04-01,VfL Wolfsburg,FC Augsburg,2,2,D,23.0,5.0,5.0,2.0,4.0,7.0,3.0,2.0,0.0,0.0,1.62,4.0,5.5,1.63,4.31,5.36
2223,2023-04-01,Bayern Munich,Borussia Dortmund,4,2,H,16.0,10.0,9.0,4.0,6.0,2.0,1.0,1.0,0.0,0.0,1.45,5.0,6.0,1.51,5.26,5.62
2223,2023-04-02,1. FC Koln,Borussia Monchengladbach,0,0,D,12.0,8.0,5.0,2.0,11.0,1.0,3.0,3.0,0.0,0.0,2.25,3.6,3.0,2.23,3.71,3.24
2223,2023-04-02,Werder Bremen,TSG Hoffenheim,1,2,A,12.0,8.0,5.0,2.0,1.0,6.0,3.0,4.0,0.0,0.0,2.3,3.5,3.0,2.37,3.74,2.95
2223,2023-04-08,Hertha,RB Leipzig,0,1,A,11.0,18.0,1.0,6.0,4.0,4.0,4.0,3.0,0.0,0.0,5.5,4.0,1.62,5.48,4.23,1.63
2223,2023-04-08,FSV Mainz 05,Werder Bremen,2,2,D,16.0,9.0,10.0,4.0,1.0,2.0,1.0,5.0,0.0,0.0,1.7,4.0,4.75,1.74,4.1,4.73
2223,2023-04-08,Bayer Leverkusen,Eintracht Frankfurt,3,1,H,13.0,9.0,8.0,3.0,2.0,5.0,1.0,5.0,0.0,0.0,1.8,4.0,4.0,1.85,4.08,4.1
2223,2023-04-08,Borussia Dortmund,Union Berlin,2,1,H,14.0,7.0,6.0,2.0,8.0,0.0,5.0,2.0,0.0,0.0,1.6,4.0,5.75,1.61,4.11,6.07
2223,2023-04-08,FC Augsburg,1. FC Koln,1,3,A,13.0,11.0,1.0,5.0,6.0,1.0,3.0,4.0,0.0,0.0,2.8,3.4,2.55,2.88,3.51,2.53
2223,2023-04-08,SC Freiburg,Bayern Munich,0,1,A,10.0,23.0,2.0,8.0,2.0,6.0,2.0,2.0,0.0,0.0,6.5,5.0,1.45,6.54,5.11,1.46
2223,2023-04-09,Borussia Monchengladbach,VfL Wolfsburg,2,0,H,13.0,9.0,6.0,2.0,5.0,8.0,0.0,1.0,0.0,0.0,2.38,3.6,2.88,2.43,3.72,2.88
2223,2023-04-09,VfL Bochum,VfB Stuttgart,2,3,A,11.0,14.0,5.0,7.0,7.0,4.0,3.0,3.0,0.0,0.0,3.1,3.5,2.25,3.09,3.53,2.38
2223,2023-04-09,TSG Hoffenheim,Schalke 04,2,0,H,15.0,10.0,4.0,3.0,9.0,8.0,3.0,0.0,0.0,0.0,1.91,3.8,3.8,1.95,3.94,3.81
2223,2023-04-14,Schalke 04,Hertha,5,2,H,14.0,11.0,7.0,5.0,7.0,8.0,2.0,3.0,0.0,0.0,2.25,3.3,3.2,2.38,3.31,3.28
2223,2023-04-15,Eintracht Frankfurt,Borussia Monchengladbach,1,1,D,16.0,4.0,5.0,2.0,10.0,2.0,1.0,2.0,0.0,0.0,1.73,4.2,4.33,1.77,4.25,4.37
2223,2023-04-15,VfB Stuttgart,Borussia Dortmund,3,3,D,12.0,15.0,5.0,6.0,5.0,7.0,5.0,3.0,1.0,0.0,3.5,3.8,1.95,3.53,3.96,2.03
2223,2023-04-15,1. FC Koln,FSV Mainz 05,1,1,D,12.0,5.0,4.0,1.0,3.0,3.0,3.0,2.0,0.0,0.0,2.55,3.4,2.7,2.68,3.43,2.76
2223,2023-04-15,Bayern Munich,TSG Hoffenheim,1,1,D,22.0,4.0,7.0,3.0,13.0,4.0,2.0,1.0,0.0,0.0,1.22,7.5,11.0,1.22,7.89,10.9
2223,2023-04-15,RB Leipzig,FC Augsburg,3,2,H,13.0,14.0,6.0,3.0,3.0,5.0,2.0,3.0,0.0,0.0,1.25,6.5,10.0,1.26,6.63,10.84
2223,2023-04-16,Werder Bremen,SC Freiburg,1,2,A,13.0,6.0,5.0,3.0,5.0,2.0,2.0,3.0,0.0,0.0,2.7,3.5,2.55,2.71,3.58,2.64
2223,2023-04-16,Union Berlin,VfL Bochum,1,1,D,10.0,14.0,2.0,8.0,5.0,7.0,2.0,1.0,1.0,0.0,1.6,3.8,6.0,1.62,3.94,6.28
2223,2023-04-16,VfL Wolfsburg,Bayer Leverkusen,0,0,D,11.0,13.0,3.0,4.0,2.0,6.0,0.0,5.0,0.0,0.0,2.75,3.6,2.4,2.82,3.78,2.45
2223,2023-04-21,FC Augsburg,VfB Stuttgart,1,1,D,4.0,6.0,1.0,3.0,1.0,3.0,5.0,3.0,0.0,0.0,3.2,3.6,2.15,3.39,3.76,2.17
2223,2023-04-22,TSG Hoffenheim,1. FC Koln,1,3,A,11.0,14.0,4.0,7.0,2.0,5.0,1.0,2.0,0.0,0.0,2.2,3.5,3.2,2.21,3.69,3.28
2223,2023-04-22,VfL Bochum,VfL Wolfsburg,1,5,A,23.0,15.0,6.0,7.0,10.0,3.0,3.0,3.0,0.0,0.0,3.0,3.5,2.3,3.07,3.65,2.34
2223,2023-04-22,Hertha,Werder Bremen,2,4,A,13.0,11.0,5.0,4.0,8.0,4.0,2.0,2.0,0.0,0.0,2.25,3.5,3.1,2.31,3.58,3.16
2223,2023-04-22,FSV Mainz 05,Bayern Munich,3,1,H,13.0,11.0,4.0,2.0,2.0,7.0,2.0,0.0,0.0,0.0,5.25,4.5,1.57,5.23,4.7,1.6
2223,2023-04-22,Borussia Dortmund,Eintracht Frankfurt,4,0,H,14.0,9.0,7.0,2.0,5.0,2.0,2.0,3.0,0.0,0.0,1.62,4.5,4.75,1.62,4.67,5.03
2223,2023-04-23,SC Freiburg,Schalke 04,4,0,H,25.0,10.0,12.0,4.0,6.0,5.0,1.0,2.0,0.0,0.0,1.8,3.75,4.5,1.81,3.7,4.84
2223,2023-04-23,Bayer Leverkusen,RB Leipzig,2,0,H,8.0,26.0,6.0,8.0,0.0,9.0,3.0,5.0,0.0,1.0,2.5,3.6,2.63,2.55,3.74,2.72
2223,2023-04-23,Borussia Monchengladbach,Union Berlin,0,1,A,8.0,14.0,4.0,4.0,2.0,2.0,3.0,2.0,0.0,0.0,2.38,3.3,3.1,2.42,3.36,3.16
2223,2023-04-28,VfL Bochum,Borussia Dortmund,1,1,D,10.0,21.0,4.0,6.0,4.0,11.0,1.0,2.0,0.0,0.0,6.0,5.25,1.44,6.55,5.26,1.47
2223,2023-04-29,Union Berlin,Bayer Leverkusen,0,0,D,7.0,8.0,1.0,2.0,6.0,4.0,1.0,1.0,0.0,0.0,2.8,3.4,2.45,2.91,3.39,2.58
2223,2023-04-29,Schalke 04,Werder Bremen,2,1,H,21.0,11.0,10.0,1.0,11.0,3.0,4.0,3.0,0.0,0.0,2.25,3.5,3.1,2.28,3.65,3.18
2223,2023-04-29,VfB Stuttgart,Borussia Monchengladbach,2,1,H,18.0,9.0,5.0,4.0,5.0,8.0,2.0,2.0,0.0,1.0,1.8,4.0,4.2,1.84,4.08,4.15
2223,2023-04-29,1. FC Koln,SC Freiburg,0,1,A,21.0,12.0,8.0,6.0,9.0,6.0,1.0,1.0,0.0,0.0,2.4,3.25,3.0,2.48,3.39,3.03
2223,2023-04-29,RB Leipzig,TSG Hoffenheim,1,0,H,16.0,5.0,2.0,2.0,7.0,1.0,0.0,2.0,0.0,0.0,1.44,5.0,6.5,1.44,5.2,6.89
2223,2023-04-29,Eintracht Frankfurt,FC Augsburg,1,1,D,7.0,9.0,1.0,3.0,5.0,7.0,2.0,2.0,0.0,0.0,1.53,4.5,5.5,1.57,4.6,5.63
2223,2023-04-30,Bayern Munich,Hertha,2,0,H,25.0,2.0,9.0,1.0,18.0,1.0,2.0,0.0,0.0,0.0,1.11,10.0,19.0,1.12,10.61,20.33
2223,2023-04-30,VfL Wolfsburg,FSV Mainz 05,3,0,H,10.0,10.0,4.0,2.0,3.0,5.0,1.0,3.0,0.0,0.0,2.2,3.5,3.1,2.35,3.48,3.17
2223,2023-05-05,Bayer Leverkusen,1. FC Koln,1,2,A,14.0,7.0,4.0,5.0,9.0,2.0,1.0,6.0,0.0,0.0,1.67,4.0,5.0,1.7,4.14,4.99
2223,2023-05-05,FSV Mainz 05,Schalke 04,2,3,A,9.0,15.0,4.0,10.0,7.0,6.0,4.0,1.0,0.0,0.0,1.62,4.0,5.25,1.65,4.13,5.52
2223,2023-05-06,Werder Bremen,Bayern Munich,1,2,A,12.0,12.0,2.0,4.0,1.0,11.0,2.0,1.0,0.0,0.0,8.5,6.0,1.3,7.8,6.23,1.33
2223,2023-05-06,Borussia Monchengladbach,VfL Bochum,2,0,H,25.0,14.0,9.0,3.0,11.0,3.0,2.0,1.0,0.0,0.0,1.85,3.8,4.0,1.93,4.0,3.86
2223,2023-05-06,TSG Hoffenheim,Eintracht Frankfurt,3,1,H,8.0,19.0,5.0,6.0,1.0,11.0,2.0,4.0,1.0,0.0,2.3,3.6,2.9,2.37,3.69,2.99
2223,2023-05-06,Hertha,VfB Stuttgart,2,1,H,7.0,16.0,3.0,4.0,3.0,5.0,4.0,1.0,0.0,0.0,3.1,3.5,2.25,3.16,3.59,2.31
2223,2023-05-06,SC Freiburg,RB Leipzig,0,1,A,5.0,13.0,2.0,6.0,3.0,3.0,2.0,4.0,0.0,0.0,4.0,3.75,1.85,4.05,3.69,1.95
2223,2023-05-06,FC Augsburg,Union Berlin,1,0,H,11.0,12.0,3.0,4.0,3.0,7.0,2.0,2.0,0.0,0.0,3.4,3.25,2.2,3.49,3.27,2.29
2223,2023-05-07,Borussia Dortmund,VfL Wolfsburg,6,0,H,20.0,10.0,10.0,3.0,10.0,6.0,0.0,1.0,0.0,0.0,1.44,5.25,5.75,1.54,5.16,5.32
2223,2023-05-12,1. FC Koln,Hertha,5,2,H,28.0,9.0,15.0,3.0,12.0,3.0,2.0,7.0,0.0,0.0,1.85,3.75,4.0,1.9,3.86,4.19
2223,2023-05-13,Borussia Dortmund,Borussia Monchengladbach,5,2,H,33.0,13.0,13.0,8.0,10.0,4.0,0.0,2.0,0.0,0.0,1.25,6.5,10.0,1.26,7.21,9.54
2223,2023-05-13,VfL Wolfsburg,TSG Hoffenheim,2,1,H,8.0,10.0,3.0,2.0,3.0,7.0,2.0,2.0,0.0,0.0,1.91,3.75,3.8,1.93,4.02,3.8
2223,2023-05-13,Union Berlin,SC Freiburg,4,2,H,10.0,13.0,4.0,8.0,1.0,7.0,3.0,1.0,0.0,0.0,2.2,3.2,3.5,2.23,3.19,3.76
2223,2023-05-13,VfL Bochum,FC Augsburg,3,2,H,15.0,12.0,8.0,2.0,7.0,7.0,3.0,2.0,0.0,0.0,2.1,3.6,3.3,2.19,3.61,3.39
2223,2023-05-13,Bayern Munich,Schalke 04,6,0,H,23.0,8.0,14.0,0.0,4.0,3.0,0.0,3.0,0.0,0.0,1.13,10.0,17.0,1.14,10.41,17.11
2223,2023-05-13,Eintracht Frankfurt,FSV Mainz 05,3,0,H,17.0,10.0,7.0,4.0,5.0,1.0,1.0,3.0,0.0,0.0,2.1,3.6,3.3,2.13,3.73,3.45
2223,2023-05-14,VfB Stuttgart,Bayer Leverkusen,1,1,D,9.0,12.0,1.0,3.0,7.0,3.0,3.0,4.0,0.0,0.0,2.5,3.4,2.75,2.51,3.71,2.78
2223,2023-05-14,RB Leipzig,Werder Bremen,2,1,H,20.0,6.0,7.0,2.0,3.0,2.0,2.0,5.0,0.0,0.0,1.25,6.5,10.0,1.26,6.76,10.27
2223,2023-05-19,SC Freiburg,VfL Wolfsburg,2,0,H,16.0,9.0,7.0,2.0,4.0,4.0,1.0,3.0,1.0,0.0,2.0,3.8,3.4,2.04,3.83,3.69
2223,2023-05-20,Hertha,VfL Bochum,1,1,D,14.0,17.0,4.0,6.0,9.0,5.0,1.0,1.0,0.0,0.0,2.2,3.6,3.1,2.26,3.81,3.1
2223,2023-05-20,TSG Hoffenheim,Union Berlin,4,2,H,10.0,20.0,5.0,4.0,1.0,5.0,4.0,5.0,0.0,0.0,2.5,3.4,2.8,2.56,3.54,2.82
2223,2023-05-20,Schalke 04,Eintracht Frankfurt,2,2,D,11.0,6.0,4.0,3.0,8.0,3.0,3.0,4.0,0.0,0.0,3.0,3.6,2.25,2.97,3.86,2.31
2223,2023-05-20,Werder Bremen,1. FC Koln,1,1,D,13.0,13.0,6.0,4.0,4.0,9.0,4.0,2.0,0.0,0.0,2.6,3.6,2.55,2.58,3.88,2.62
2223,2023-05-20,Bayern Munich,RB Leipzig,1,3,A,17.0,16.0,4.0,8.0,7.0,2.0,1.0,1.0,0.0,0.0,1.5,5.0,5.5,1.52,5.17,5.49
2223,2023-05-21,Bayer Leverkusen,Borussia Monchengladbach,2,2,D,13.0,9.0,6.0,5.0,2.0,3.0,3.0,3.0,1.0,0.0,1.45,5.25,5.75,1.49,5.24,5.97
2223,2023-05-21,FSV Mainz 05,VfB Stuttgart,1,4,A,9.0,8.0,6.0,6.0,6.0,3.0,3.0,1.0,0.0,0.0,2.5,3.5,2.7,2.58,3.66,2.72
2223,2023-05-21,FC Augsburg,Borussia Dortmund,0,3,A,4.0,28.0,1.0,10.0,3.0,8.0,3.0,3.0,1.0,0.0,7.0,5.5,1.36,6.52,5.7,1.42
2223,2023-05-27,Union Berlin,Werder Bremen,1,0,H,16.0,7.0,4.0,4.0,15.0,1.0,1.0,3.0,0.0,0.0,1.44,4.75,7.0,1.43,4.82,7.44
2223,2023-05-27,RB Leipzig,Schalke 04,4,2,H,19.0,16.0,12.0,4.0,4.0,5.0,2.0,2.0,0.0,0.0,1.6,4.5,4.75,1.63,4.74,4.7
2223,2023-05-27,VfL Wolfsburg,Hertha,1,2,A,19.0,9.0,9.0,5.0,7.0,3.0,1.0,5.0,0.0,0.0,1.36,5.25,8.0,1.33,6.05,8.12
2223,2023-05-27,Borussia Monchengladbach,FC Augsburg,2,0,H,17.0,9.0,7.0,3.0,4.0,4.0,0.0,1.0,0.0,1.0,2.2,3.8,3.0,2.19,3.83,3.16
2223,2023-05-27,VfB Stuttgart,TSG Hoffenheim,1,1,D,19.0,8.0,4.0,2.0,9.0,2.0,0.0,0.0,0.0,0.0,1.57,4.75,5.0,1.61,4.68,4.92
2223,2023-05-27,Eintracht Frankfurt,SC Freiburg,2,1,H,14.0,13.0,8.0,7.0,3.0,6.0,4.0,2.0,0.0,0.0,2.4,3.75,2.7,2.41,3.91,2.76
2223,2023-05-27,VfL Bochum,Bayer Leverkusen,3,0,H,10.0,11.0,5.0,2.0,2.0,5.0,5.0,5.0,0.0,1.0,3.25,4.0,2.0,3.31,4.22,2.02
2223,2023-05-27,1. FC Koln,Bayern Munich,1,2,A,9.0,11.0,3.0,3.0,7.0,3.0,3.0,0.0,0.0,0.0,7.5,6.0,1.3,7.82,6.29,1.32
2223,2023-05-27,Borussia Dortmund,FSV Mainz 05,2,2,D,30.0,10.0,12.0,4.0,6.0,3.0,1.0,1.0,0.0,0.0,1.14,8.5,15.0,1.15,9.75,14.9
2324,2023-08-18,Werder Bremen,Bayern Munich,0,4,A,6.0,25.0,1.0,10.0,0.0,6.0,2.0,1.0,0.0,0.0,7.5,6.5,1.3,8.59,6.36,1.33
2324,2023-08-19,FC Augsburg,Borussia Monchengladbach,4,4,D,20.0,9.0,8.0,6.0,8.0,7.0,1.0,2.0,0.0,0.0,2.7,3.6,2.45,2.74,3.78,2.51
2324,2023-08-19,TSG Hoffenheim,SC Freiburg,1,2,A,24.0,17.0,5.0,8.0,4.0,2.0,0.0,1.0,0.0,0.0,2.3,3.6,2.9,2.43,3.67,2.92
2324,2023-08-19,Bayer Leverkusen,RB Leipzig,3,2,H,11.0,13.0,7.0,6.0,4.0,5.0,1.0,2.0,0.0,0.0,2.45,3.6,2.75,2.5,3.61,2.85
2324,2023-08-19,VfB Stuttgart,VfL Bochum,5,0,H,19.0,4.0,9.0,1.0,7.0,0.0,1.0,1.0,0.0,0.0,1.65,4.33,4.5,1.7,4.25,4.78
2324,2023-08-19,VfL Wolfsburg,1. FC Heidenheim,2,0,H,18.0,13.0,8.0,1.0,1.0,7.0,3.0,0.0,0.0,0.0,1.6,4.2,5.25,1.62,4.49,5.24
2324,2023-08-19,Borussia Dortmund,1. FC Koln,1,0,H,12.0,11.0,2.0,4.0,6.0,3.0,1.0,0.0,0.0,0.0,1.4,5.0,7.0,1.41,5.42,7.25
2324,2023-08-20,Eintracht Frankfurt,SV Darmstadt 98,1,0,H,10.0,11.0,4.0,2.0,7.0,3.0,2.0,3.0,0.0,0.0,1.36,5.25,7.5,1.4,5.42,7.44
2324,2023-08-20,Union Berlin,FSV Mainz 05,4,1,H,12.0,9.0,7.0,3.0,3.0,1.0,1.0,5.0,0.0,0.0,1.95,3.5,3.9,2.02,3.5,4.02
2324,2023-08-25,RB Leipzig,VfB Stuttgart,5,1,H,20.0,8.0,11.0,3.0,4.0,4.0,1.0,1.0,0.0,0.0,1.5,4.75,5.75,1.53,4.69,6.14
2324,2023-08-26,VfL Bochum,Borussia Dortmund,1,1,D,17.0,13.0,6.0,3.0,5.0,4.0,2.0,1.0,0.0,0.0,7.0,5.0,1.4,6.63,5.36,1.44
2324,2023-08-26,SV Darmstadt 98,Union Berlin,1,4,A,18.0,12.0,6.0,6.0,3.0,5.0,2.0,2.0,0.0,1.0,4.0,3.3,1.95,3.94,3.42,2.08
2324,2023-08-26,1. FC Koln,VfL Wolfsburg,1,2,A,14.0,9.0,2.0,6.0,6.0,1.0,1.0,5.0,0.0,0.0,2.3,3.4,3.0,2.41,3.53,3.04
2324,2023-08-26,SC Freiburg,Werder Bremen,1,0,H,23.0,16.0,6.0,2.0,5.0,5.0,2.0,2.0,0.0,0.0,1.7,3.75,4.75,1.72,4.15,4.76
2324,2023-08-26,1. FC Heidenheim,TSG Hoffenheim,2,3,A,19.0,16.0,9.0,6.0,10.0,6.0,1.0,5.0,0.0,0.0,3.0,3.6,2.25,2.96,3.81,2.34
2324,2023-08-26,Borussia Monchengladbach,Bayer Leverkusen,0,3,A,13.0,24.0,2.0,10.0,5.0,8.0,2.0,3.0,0.0,0.0,3.8,3.8,1.85,3.73,4.2,1.91
2324,2023-08-27,Bayern Munich,FC Augsburg,3,1,H,19.0,11.0,6.0,2.0,10.0,4.0,1.0,2.0,0.0,0.0,1.08,12.0,19.0,1.09,14.24,22.48
2324,2023-08-27,FSV Mainz 05,Eintracht Frankfurt,1,1,D,13.0,8.0,7.0,2.0,5.0,4.0,3.0,4.0,0.0,1.0,2.38,3.5,2.88,2.39,3.74,2.92
2324,2023-09-01,Borussia Dortmund,1. FC Heidenheim,2,2,D,20.0,15.0,9.0,6.0,3.0,6.0,3.0,3.0,0.0,0.0,1.25,7.0,9.5,1.26,7.07,10.23
2324,2023-09-02,FC Augsburg,VfL Bochum,2,2,D,11.0,22.0,3.0,9.0,3.0,5.0,2.0,2.0,0.0,0.0,2.0,3.75,3.75,2.09,3.67,3.61
2324,2023-09-02,TSG Hoffenheim,VfL Wolfsburg,3,1,H,11.0,14.0,5.0,7.0,3.0,3.0,2.0,2.0,0.0,0.0,2.5,3.6,2.63,2.48,3.86,2.73
2324,2023-09-02,Bayer Leverkusen,SV Darmstadt 98,5,1,H,24.0,5.0,13.0,1.0,4.0,2.0,3.0,2.0,0.0,0.0,1.2,7.0,12.0,1.2,7.79,13.72
2324,2023-09-02,VfB Stuttgart,SC Freiburg,5,0,H,13.0,11.0,6.0,5.0,2.0,4.0,1.0,1.0,0.0,0.0,2.2,3.5,3.2,2.18,3.79,3.28
2324,2023-09-02,Werder Bremen,FSV Mainz 05,4,0,H,12.0,12.0,6.0,3.0,1.0,7.0,2.0,2.0,0.0,0.0,2.63,3.5,2.55,2.76,3.55,2.61
2324,2023-09-02,Borussia Monchengladbach,Bayern Munich,1,2,A,8.0,25.0,3.0,9.0,1.0,15.0,0.0,2.0,0.0,0.0,8.5,5.75,1.3,7.93,6.61,1.31
2324,2023-09-03,Union Berlin,RB Leipzig,0,3,A,4.0,15.0,1.0,8.0,3.0,7.0,3.0,1.0,1.0,0.0,3.4,3.25,2.2,3.24,3.48,2.31
2324,2023-09-03,Eintracht Frankfurt,1. FC Koln,1,1,D,12.0,6.0,4.0,2.0,8.0,1.0,1.0,3.0,0.0,0.0,2.1,3.4,3.5,2.18,3.49,3.54
2324,2023-09-15,Bayern Munich,Bayer Leverkusen,2,2,D,15.0,12.0,9.0,5.0,7.0,4.0,0.0,3.0,0.0,0.0,1.65,4.5,4.5,1.65,4.7,4.78
2324,2023-09-16,1. FC Koln,TSG Hoffenheim,1,3,A,17.0,17.0,7.0,5.0,13.0,4.0,4.0,4.0,1.0,0.0,2.25,3.6,3.1,2.26,3.87,3.06
2324,2023-09-16,SC Freiburg,Borussia Dortmund,2,4,A,14.0,14.0,4.0,6.0,6.0,8.0,2.0,3.0,1.0,0.0,3.1,3.8,2.1,3.16,3.86,2.21
2324,2023-09-16,FSV Mainz 05,VfB Stuttgart,1,3,A,15.0,16.0,3.0,6.0,6.0,4.0,1.0,2.0,0.0,0.0,2.63,3.4,2.7,2.57,3.71,2.71
2324,2023-09-16,RB Leipzig,FC Augsburg,3,0,H,9.0,16.0,6.0,4.0,1.0,6.0,0.0,0.0,0.0,0.0,1.25,7.0,10.0,1.24,7.19,11.19
2324,2023-09-16,VfL Wolfsburg,Union Berlin,2,1,H,8.0,17.0,3.0,5.0,3.0,7.0,1.0,0.0,0.0,0.0,2.25,3.4,3.2,2.27,3.55,3.27
2324,2023-09-16,VfL Bochum,Eintracht Frankfurt,1,1,D,24.0,8.0,10.0,6.0,8.0,2.0,3.0,2.0,0.0,0.0,2.88,3.6,2.38,2.95,3.63,2.42
2324,2023-09-17,SV Darmstadt 98,Borussia Monchengladbach,3,3,D,15.0,21.0,8.0,10.0,6.0,6.0,1.0,1.0,1.0,0.0,2.9,3.5,2.38,3.01,3.74,2.34
2324,2023-09-17,1. FC Heidenheim,Werder Bremen,4,2,H,19.0,11.0,4.0,4.0,10.0,1.0,1.0,1.0,0.0,0.0,2.3,4.0,2.7,2.39,3.88,2.85
2324,2023-09-22,VfB Stuttgart,SV Darmstadt 98,3,1,H,18.0,3.0,11.0,0.0,5.0,4.0,1.0,6.0,0.0,0.0,1.36,4.5,8.0,1.4,5.24,8.18
2324,2023-09-23,FC Augsburg,FSV Mainz 05,2,1,H,6.0,13.0,3.0,3.0,3.0,4.0,2.0,3.0,1.0,0.0,2.55,3.5,2.63,2.61,3.7,2.68
2324,2023-09-23,Bayern Munich,VfL Bochum,7,0,H,26.0,4.0,16.0,1.0,8.0,1.0,0.0,1.0,0.0,0.0,1.11,10.0,19.0,1.1,12.85,20.11
2324,2023-09-23,Borussia Dortmund,VfL Wolfsburg,1,0,H,18.0,8.0,4.0,2.0,5.0,3.0,0.0,1.0,0.0,0.0,1.65,4.0,4.75,1.71,4.47,4.48
2324,2023-09-23,Borussia Monchengladbach,RB Leipzig,0,1,A,13.0,8.0,1.0,4.0,11.0,6.0,1.0,1.0,0.0,0.0,4.75,4.75,1.57,5.26,4.74,1.59
2324,2023-09-23,Union Berlin,TSG Hoffenheim,0,2,A,22.0,11.0,6.0,4.0,11.0,6.0,1.0,3.0,0.0,0.0,2.05,3.6,3.4,2.15,3.72,3.39
2324,2023-09-23,Werder Bremen,1. FC Koln,2,1,H,17.0,13.0,6.0,5.0,9.0,8.0,2.0,1.0,0.0,0.0,2.5,3.6,2.6,2.56,3.69,2.74
2324,2023-09-24,Bayer Leverkusen,1. FC Heidenheim,4,1,H,20.0,1.0,10.0,1.0,7.0,2.0,1.0,1.0,0.0,0.0,1.22,6.5,12.0,1.23,7.35,11.42
2324,2023-09-24,Eintracht Frankfurt,SC Freiburg,0,0,D,13.0,9.0,5.0,2.0,7.0,3.0,4.0,2.0,0.0,0.0,2.05,3.6,3.4,2.16,3.66,3.42
2324,2023-09-29,TSG Hoffenheim,Borussia Dortmund,1,3,A,15.0,6.0,5.0,5.0,4.0,3.0,3.0,4.0,0.0,1.0,3.1,4.0,2.05,3.15,4.16,2.12
2324,2023-09-30,VfL Bochum,Borussia Monchengladbach,1,3,A,23.0,25.0,5.0,9.0,5.0,10.0,2.0,3.0,0.0,0.0,2.3,3.75,2.9,2.32,3.88,2.96
2324,2023-09-30,1. FC Koln,VfB Stuttgart,0,2,A,14.0,18.0,5.0,4.0,8.0,4.0,2.0,1.0,0.0,0.0,2.88,3.5,2.38,2.89,3.64,2.46
2324,2023-09-30,1. FC Heidenheim,Union Berlin,1,0,H,9.0,19.0,4.0,8.0,5.0,7.0,1.0,2.0,0.0,0.0,3.0,3.6,2.25,3.05,3.72,2.32
2324,2023-09-30,FSV Mainz 05,Bayer Leverkusen,0,3,A,10.0,6.0,3.0,3.0,3.0,1.0,4.0,1.0,0.0,0.0,5.75,4.5,1.53,5.85,4.72,1.54
2324,2023-09-30,VfL Wolfsburg,Eintracht Frankfurt,2,0,H,19.0,7.0,7.0,3.0,7.0,4.0,1.0,6.0,0.0,1.0,2.05,3.5,3.5,2.11,3.53,3.68
2324,2023-09-30,RB Leipzig,Bayern Munich,2,2,D,7.0,11.0,2.0,5.0,5.0,1.0,2.0,5.0,0.0,0.0,3.4,4.2,1.91,3.73,4.2,1.91
2324,2023-10-01,SC Freiburg,FC Augsburg,2,0,H,7.0,13.0,3.0,4.0,2.0,3.0,2.0,2.0,0.0,0.0,1.73,4.0,4.75,1.73,4.19,4.68
2324,2023-10-01,SV Darmstadt 98,Werder Bremen,4,2,H,14.0,10.0,5.0,7.0,2.0,4.0,3.0,2.0,0.0,0.0,2.8,3.8,2.3,2.82,3.74,2.47
2324,2023-10-06,Borussia Monchengladbach,FSV Mainz 05,2,2,D,20.0,13.0,9.0,7.0,10.0,3.0,3.0,1.0,0.0,0.0,2.05,3.75,3.4,2.08,3.93,3.48
2324,2023-10-07,FC Augsburg,SV Darmstadt 98,1,2,A,17.0,17.0,3.0,5.0,4.0,4.0,4.0,2.0,0.0,0.0,1.85,3.75,4.0,1.92,3.9,3.98
2324,2023-10-07,Borussia Dortmund,Union Berlin,4,2,H,12.0,12.0,7.0,6.0,4.0,6.0,1.0,1.0,0.0,0.0,1.57,4.33,5.25,1.61,4.51,5.28
2324,2023-10-07,RB Leipzig,VfL Bochum,0,0,D,18.0,9.0,5.0,2.0,9.0,1.0,2.0,4.0,0.0,0.0,1.25,6.0,11.0,1.25,6.87,10.85
2324,2023-10-07,VfB Stuttgart,VfL Wolfsburg,3,1,H,13.0,12.0,7.0,5.0,5.0,6.0,1.0,3.0,0.0,0.0,2.0,3.5,3.75,2.01,3.8,3.73
2324,2023-10-07,Werder Bremen,TSG Hoffenheim,2,3,A,13.0,11.0,3.0,4.0,4.0,4.0,5.0,4.0,0.0,0.0,2.75,3.75,2.4,2.75,3.92,2.44
2324,2023-10-08,Bayern Munich,SC Freiburg,3,0,H,21.0,2.0,5.0,0.0,7.0,1.0,1.0,0.0,0.0,0.0,1.14,8.5,17.0,1.16,9.23,14.64
2324,2023-10-08,Bayer Leverkusen,1. FC Koln,3,0,H,21.0,7.0,10.0,3.0,11.0,4.0,3.0,0.0,0.0,0.0,1.33,5.5,8.0,1.34,5.68,9.07
2324,2023-10-08,Eintracht Frankfurt,1. FC Heidenheim,2,0,H,12.0,7.0,6.0,2.0,3.0,6.0,2.0,3.0,0.0,0.0,1.7,4.0,4.75,1.74,4.12,4.7
2324,2023-10-20,Borussia Dortmund,Werder Bremen,1,0,H,22.0,6.0,5.0,1.0,10.0,4.0,1.0,5.0,0.0,0.0,1.29,6.5,8.0,1.3,6.69,8.63
2324,2023-10-21,VfL Wolfsburg,Bayer Leverkusen,1,2,A,18.0,13.0,7.0,6.0,4.0,3.0,3.0,5.0,0.0,0.0,4.33,4.0,1.75,4.52,4.2,1.75
2324,2023-10-21,Union Berlin,VfB Stuttgart,0,3,A,10.0,10.0,2.0,5.0,4.0,2.0,2.0,1.0,0.0,0.0,2.5,3.5,2.7,2.56,3.58,2.79
2324,2023-10-21,FSV Mainz 05,Bayern Munich,1,3,A,14.0,12.0,3.0,5.0,2.0,7.0,3.0,2.0,0.0,0.0,9.0,6.0,1.29,9.99,6.69,1.27
2324,2023-10-21,SC Freiburg,VfL Bochum,2,1,H,15.0,13.0,5.0,5.0,5.0,2.0,3.0,4.0,0.0,0.0,1.7,3.75,5.0,1.76,4.02,4.73
2324,2023-10-21,SV Darmstadt 98,RB Leipzig,1,3,A,16.0,10.0,3.0,7.0,6.0,0.0,6.0,3.0,0.0,0.0,6.5,4.75,1.44,6.38,5.09,1.47
2324,2023-10-21,TSG Hoffenheim,Eintracht Frankfurt,1,3,A,14.0,13.0,5.0,5.0,6.0,3.0,3.0,0.0,0.0,0.0,2.1,3.5,3.4,2.15,3.72,3.4
2324,2023-10-22,1. FC Heidenheim,FC Augsburg,2,5,A,16.0,9.0,5.0,6.0,6.0,5.0,3.0,2.0,0.0,0.0,2.45,3.5,2.8,2.42,3.69,2.91
2324,2023-10-22,1. FC Koln,Borussia Monchengladbach,3,1,H,21.0,5.0,8.0,2.0,8.0,3.0,0.0,2.0,0.0,1.0,2.4,3.6,2.88,2.37,3.77,2.93
2324,2023-10-27,VfL Bochum,FSV Mainz 05,2,2,D,10.0,10.0,4.0,4.0,5.0,4.0,3.0,3.0,0.0,0.0,2.7,3.3,2.55,2.78,3.57,2.57
2324,2023-10-28,FC Augsburg,VfL Wolfsburg,3,2,H,9.0,13.0,5.0,6.0,5.0,5.0,6.0,4.0,1.0,0.0,2.9,3.5,2.38,2.91,3.67,2.4
2324,2023-10-28,Bayern Munich,SV Darmstadt 98,8,0,H,28.0,10.0,16.0,4.0,7.0,1.0,1.0,2.0,1.0,2.0,1.06,12.0,26.0,1.07,16.22,27.11
2324,2023-10-28,Borussia Monchengladbach,1. FC Heidenheim,2,1,H,11.0,8.0,6.0,3.0,6.0,4.0,0.0,3.0,0.0,0.0,1.8,4.0,4.0,1.8,4.26,4.16
2324,2023-10-28,VfB Stuttgart,TSG Hoffenheim,2,3,A,23.0,7.0,10.0,5.0,6.0,0.0,2.0,1.0,0.0,0.0,1.85,4.0,3.8,1.88,4.15,3.82
2324,2023-10-28,Werder Bremen,Union Berlin,2,0,H,9.0,7.0,3.0,2.0,3.0,3.0,1.0,4.0,0.0,1.0,2.7,3.3,2.6,2.73,3.61,2.6
2324,2023-10-28,RB Leipzig,1. FC Koln,6,0,H,24.0,6.0,13.0,1.0,11.0,1.0,2.0,4.0,0.0,1.0,1.44,4.75,7.0,1.44,5.05,7.18
2324,2023-10-29,Eintracht Frankfurt,Borussia Dortmund,3,3,D,11.0,14.0,7.0,4.0,0.0,4.0,3.0,2.0,0.0,0.0,3.4,3.4,2.15,3.31,3.73,2.18
2324,2023-10-29,Bayer Leverkusen,SC Freiburg,2,1,H,19.0,10.0,4.0,4.0,11.0,4.0,0.0,2.0,0.0,0.0,1.29,5.5,11.0,1.29,6.08,10.27
2324,2023-11-03,SV Darmstadt 98,VfL Bochum,1,2,A,15.0,9.0,4.0,4.0,11.0,2.0,2.0,5.0,1.0,0.0,2.3,3.75,2.88,2.41,3.61,2.98
2324,2023-11-04,1. FC Koln,FC Augsburg,1,1,D,28.0,18.0,12.0,3.0,10.0,2.0,1.0,4.0,0.0,0.0,2.3,3.6,2.9,2.32,3.75,2.97
2324,2023-11-04,SC Freiburg,Borussia Monchengladbach,3,3,D,15.0,10.0,8.0,5.0,8.0,2.0,2.0,2.0,0.0,0.0,2.1,3.8,3.2,2.08,4.0,3.31
2324,2023-11-04,TSG Hoffenheim,Bayer Leverkusen,2,3,A,12.0,10.0,7.0,4.0,4.0,3.0,3.0,2.0,0.0,0.0,5.0,4.5,1.57,4.92,4.9,1.59
2324,2023-11-04,FSV Mainz 05,RB Leipzig,2,0,H,10.0,10.0,3.0,2.0,2.0,7.0,3.0,1.0,0.0,0.0,5.75,4.2,1.6,5.42,4.56,1.58
2324,2023-11-04,Union Berlin,Eintracht Frankfurt,0,3,A,10.0,4.0,3.0,3.0,9.0,1.0,0.0,1.0,0.0,0.0,2.55,3.1,2.9,2.57,3.21,3.01
2324,2023-11-04,Borussia Dortmund,Bayern Munich,0,4,A,15.0,14.0,1.0,8.0,3.0,2.0,3.0,2.0,0.0,0.0,4.0,4.33,1.75,3.77,4.42,1.84
2324,2023-11-05,1. FC Heidenheim,VfB Stuttgart,2,0,H,19.0,14.0,2.0,2.0,9.0,6.0,2.0,2.0,0.0,0.0,4.5,4.33,1.65,4.59,4.39,1.69
2324,2023-11-05,VfL Wolfsburg,Werder Bremen,2,2,D,15.0,13.0,5.0,4.0,5.0,2.0,4.0,1.0,1.0,0.0,1.7,4.33,4.33,1.74,4.29,4.37
2324,2023-11-10,Borussia Monchengladbach,VfL Wolfsburg,4,0,H,16.0,12.0,8.0,4.0,8.0,5.0,1.0,3.0,0.0,0.0,2.3,3.8,2.7,2.41,3.75,2.89
2324,2023-11-11,FC Augsburg,TSG Hoffenheim,1,1,D,11.0,12.0,6.0,6.0,3.0,5.0,1.0,2.0,0.0,0.0,2.63,3.6,2.55,2.62,3.92,2.52
2324,2023-11-11,Bayern Munich,1. FC Heidenheim,4,2,H,18.0,7.0,8.0,2.0,7.0,2.0,1.0,0.0,0.0,0.0,1.06,17.0,21.0,1.06,18.13,28.2
2324,2023-11-11,SV Darmstadt 98,FSV Mainz 05,0,0,D,9.0,9.0,3.0,0.0,0.0,5.0,3.0,3.0,0.0,0.0,3.1,3.5,2.25,3.04,3.72,2.3
2324,2023-11-11,VfB Stuttgart,Borussia Dortmund,2,1,H,22.0,5.0,10.0,1.0,6.0,1.0,2.0,3.0,0.0,0.0,2.55,3.75,2.55,2.61,3.85,2.56
2324,2023-11-11,VfL Bochum,1. FC Koln,1,1,D,25.0,10.0,9.0,6.0,3.0,3.0,4.0,1.0,0.0,0.0,2.45,3.4,2.88,2.46,3.7,2.81
2324,2023-11-12,RB Leipzig,SC Freiburg,3,1,H,15.0,9.0,6.0,3.0,7.0,3.0,2.0,0.0,0.0,0.0,1.44,5.0,6.5,1.46,4.96,6.59
2324,2023-11-12,Werder Bremen,Eintracht Frankfurt,2,2,D,14.0,14.0,5.0,3.0,3.0,7.0,1.0,3.0,0.0,0.0,3.1,3.4,2.3,3.01,3.6,2.36
2324,2023-11-12,Bayer Leverkusen,Union Berlin,4,0,H,19.0,2.0,10.0,2.0,10.0,1.0,0.0,1.0,0.0,0.0,1.29,6.0,9.0,1.29,6.09,10.4
2324,2023-11-24,1. FC Koln,Bayern Munich,0,1,A,6.0,19.0,2.0,5.0,3.0,12.0,0.0,1.0,0.0,0.0,9.0,7.0,1.25,10.64,6.78,1.25
2324,2023-11-25,Borussia Dortmund,Borussia Monchengladbach,4,2,H,20.0,10.0,13.0,3.0,5.0,4.0,1.0,2.0,0.0,0.0,1.45,5.5,5.25,1.48,5.38,5.62
2324,2023-11-25,SC Freiburg,SV Darmstadt 98,1,1,D,16.0,7.0,3.0,1.0,11.0,2.0,2.0,0.0,0.0,0.0,1.55,4.33,5.75,1.57,4.42,5.65
2324,2023-11-25,Union Berlin,FC Augsburg,1,1,D,16.0,11.0,6.0,2.0,3.0,4.0,2.0,2.0,0.0,0.0,1.95,3.6,3.8,2.01,3.65,3.79
2324,2023-11-25,Werder Bremen,Bayer Leverkusen,0,3,A,2.0,13.0,1.0,4.0,1.0,6.0,3.0,1.0,0.0,0.0,6.5,5.0,1.45,6.3,5.25,1.45
2324,2023-11-25,VfL Wolfsburg,RB Leipzig,2,1,H,10.0,26.0,4.0,10.0,1.0,12.0,4.0,2.0,0.0,0.0,3.6,4.0,1.91,3.79,3.97,1.93
2324,2023-11-25,Eintracht Frankfurt,VfB Stuttgart,1,2,A,14.0,11.0,1.0,5.0,4.0,2.0,0.0,1.0,0.0,0.0,2.6,3.6,2.6,2.65,3.7,2.6
2324,2023-11-26,1. FC Heidenheim,VfL Bochum,0,0,D,9.0,9.0,3.0,2.0,6.0,5.0,4.0,3.0,0.0,0.0,2.2,3.6,3.1,2.23,3.81,3.09
2324,2023-11-26,TSG Hoffenheim,FSV Mainz 05,1,1,D,15.0,15.0,6.0,6.0,4.0,5.0,4.0,4.0,0.0,0.0,1.85,3.8,3.8,1.85,4.08,4.01
2324,2023-12-01,SV Darmstadt 98,1. FC Koln,0,1,A,11.0,11.0,1.0,6.0,1.0,6.0,1.0,3.0,0.0,0.0,2.63,3.4,2.6,2.66,3.54,2.71
2324,2023-12-02,VfL Bochum,VfL Wolfsburg,3,1,H,19.0,15.0,9.0,6.0,6.0,6.0,6.0,2.0,0.0,0.0,2.63,3.6,2.55,2.67,3.6,2.62
2324,2023-12-02,Borussia Monchengladbach,TSG Hoffenheim,2,1,H,9.0,17.0,3.0,5.0,6.0,3.0,2.0,2.0,0.0,0.0,2.2,4.0,2.88,2.26,4.13,2.87
2324,2023-12-02,RB Leipzig,1. FC Heidenheim,2,1,H,23.0,7.0,8.0,1.0,5.0,3.0,2.0,2.0,0.0,0.0,1.25,7.0,9.0,1.24,7.2,10.19
2324,2023-12-02,VfB Stuttgart,Werder Bremen,2,0,H,17.0,11.0,6.0,3.0,6.0,7.0,1.0,0.0,0.0,0.0,1.4,5.25,6.5,1.4,5.24,7.66
2324,2023-12-03,FSV Mainz 05,SC Freiburg,0,1,A,19.0,13.0,6.0,5.0,14.0,3.0,1.0,1.0,0.0,0.0,2.3,3.4,3.1,2.29,3.56,3.16
2324,2023-12-03,Bayer Leverkusen,Borussia Dortmund,1,1,D,22.0,6.0,6.0,2.0,16.0,1.0,3.0,2.0,0.0,0.0,1.62,4.5,4.75,1.68,4.46,4.59
2324,2023-12-03,FC Augsburg,Eintracht Frankfurt,2,1,H,9.0,12.0,4.0,6.0,2.0,4.0,1.0,1.0,0.0,0.0,2.63,3.6,2.55,2.69,3.6,2.61
2324,2023-12-08,TSG Hoffenheim,VfL Bochum,3,1,H,18.0,22.0,7.0,5.0,4.0,5.0,3.0,2.0,0.0,0.0,1.67,4.2,4.75,1.73,4.32,4.52
2324,2023-12-09,Borussia Dortmund,RB Leipzig,2,3,A,18.0,24.0,6.0,8.0,6.0,6.0,1.0,3.0,1.0,0.0,2.6,3.6,2.55,2.59,3.87,2.57
2324,2023-12-09,VfL Wolfsburg,SC Freiburg,0,1,A,10.0,4.0,3.0,1.0,5.0,3.0,1.0,4.0,0.0,0.0,2.25,3.5,3.1,2.29,3.78,3.0
2324,2023-12-09,Werder Bremen,FC Augsburg,2,0,H,12.0,11.0,5.0,1.0,5.0,2.0,1.0,2.0,0.0,0.0,2.38,3.6,2.8,2.45,3.71,2.81
2324,2023-12-09,1. FC Heidenheim,SV Darmstadt 98,3,2,H,16.0,20.0,7.0,7.0,8.0,3.0,2.0,2.0,0.0,0.0,2.05,3.5,3.5,2.07,3.73,3.53
2324,2023-12-09,Eintracht Frankfurt,Bayern Munich,5,1,H,14.0,17.0,6.0,6.0,1.0,9.0,1.0,2.0,0.0,0.0,9.0,5.5,1.3,8.96,6.05,1.31
2324,2023-12-09,Union Berlin,Borussia Monchengladbach,3,1,H,16.0,13.0,6.0,4.0,6.0,7.0,1.0,3.0,0.0,0.0,2.1,3.5,3.4,2.18,3.68,3.29
2324,2023-12-10,VfB Stuttgart,Bayer Leverkusen,1,1,D,22.0,20.0,12.0,6.0,8.0,8.0,1.0,1.0,0.0,0.0,2.9,3.6,2.3,2.84,3.82,2.38
2324,2023-12-10,1. FC Koln,FSV Mainz 05,0,0,D,7.0,13.0,3.0,5.0,1.0,7.0,2.0,4.0,0.0,0.0,2.3,3.5,3.0,2.48,3.44,2.95
2324,2023-12-15,Borussia Monchengladbach,Werder Bremen,2,2,D,15.0,10.0,4.0,5.0,4.0,3.0,4.0,2.0,0.0,0.0,2.0,4.0,3.3,2.01,4.02,3.54
2324,2023-12-16,RB Leipzig,TSG Hoffenheim,3,1,H,23.0,10.0,11.0,4.0,9.0,2.0,3.0,2.0,0.0,0.0,1.45,5.0,6.0,1.45,5.3,6.22
2324,2023-12-16,FSV Mainz 05,1. FC Heidenheim,0,1,A,16.0,5.0,4.0,2.0,8.0,1.0,3.0,3.0,0.0,0.0,1.67,4.2,4.75,1.67,4.23,4.93
2324,2023-12-16,VfL Bochum,Union Berlin,3,0,H,21.0,10.0,7.0,2.0,6.0,4.0,2.0,2.0,0.0,0.0,2.7,3.4,2.6,2.68,3.48,2.68
2324,2023-12-16,FC Augsburg,Borussia Dortmund,1,1,D,20.0,24.0,4.0,6.0,4.0,7.0,2.0,1.0,0.0,0.0,3.5,4.2,1.91,3.64,4.24,1.91
2324,2023-12-16,SV Darmstadt 98,VfL Wolfsburg,0,1,A,14.0,11.0,4.0,3.0,7.0,7.0,2.0,0.0,0.0,1.0,3.1,3.6,2.2,3.29,3.61,2.21
2324,2023-12-17,SC Freiburg,1. FC Koln,2,0,H,23.0,7.0,7.0,1.0,5.0,2.0,1.0,4.0,0.0,1.0,1.8,3.8,4.2,1.82,3.75,4.57
2324,2023-12-17,Bayer Leverkusen,Eintracht Frankfurt,3,0,H,14.0,4.0,6.0,2.0,5.0,5.0,1.0,1.0,0.0,0.0,1.36,5.0,8.5,1.36,5.67,7.93
2324,2023-12-17,Bayern Munich,VfB Stuttgart,3,0,H,17.0,5.0,8.0,2.0,6.0,2.0,0.0,3.0,0.0,0.0,1.45,5.25,5.5,1.44,5.56,6.06
2324,2023-12-19,Werder Bremen,RB Leipzig,1,1,D,11.0,18.0,3.0,9.0,1.0,4.0,4.0,2.0,0.0,0.0,5.0,4.5,1.57,5.13,4.76,1.6
2324,2023-12-19,Borussia Dortmund,FSV Mainz 05,1,1,D,21.0,11.0,8.0,6.0,6.0,1.0,0.0,4.0,0.0,0.0,1.55,4.75,5.25,1.57,4.84,5.33
2324,2023-12-19,TSG Hoffenheim,SV Darmstadt 98,3,3,D,13.0,14.0,4.0,3.0,8.0,3.0,2.0,4.0,0.0,0.0,1.44,5.0,6.5,1.45,5.14,6.78
2324,2023-12-20,Union Berlin,1. FC Koln,2,0,H,12.0,15.0,8.0,7.0,4.0,5.0,0.0,0.0,0.0,0.0,1.95,3.6,3.8,1.95,3.59,4.09
2324,2023-12-20,Eintracht Frankfurt,Borussia Monchengladbach,2,1,H,15.0,7.0,7.0,2.0,8.0,2.0,1.0,6.0,0.0,1.0,1.83,4.0,3.8,1.88,3.98,4.0
2324,2023-12-20,1. FC Heidenheim,SC Freiburg,3,2,H,14.0,10.0,3.0,4.0,7.0,4.0,3.0,4.0,0.0,0.0,2.8,3.6,2.38,2.9,3.58,2.44
2324,2023-12-20,Bayer Leverkusen,VfL Bochum,4,0,H,15.0,6.0,8.0,1.0,4.0,3.0,0.0,2.0,0.0,0.0,1.17,8.0,15.0,1.18,8.42,13.23
2324,2023-12-20,VfB Stuttgart,FC Augsburg,3,0,H,17.0,6.0,7.0,5.0,4.0,4.0,0.0,4.0,0.0,0.0,1.36,5.25,7.5,1.37,5.46,7.98
2324,2023-12-20,VfL Wolfsburg,Bayern Munich,1,2,A,5.0,20.0,4.0,7.0,0.0,6.0,4.0,2.0,0.0,0.0,6.5,5.75,1.36,7.64,5.7,1.37
2324,2024-01-12,Bayern Munich,TSG Hoffenheim,3,0,H,27.0,12.0,12.0,4.0,11.0,2.0,1.0,3.0,0.0,1.0,1.14,9.0,12.0,1.15,9.94,16.13
2324,2024-01-13,SV Darmstadt 98,Borussia Dortmund,0,3,A,10.0,17.0,2.0,8.0,3.0,4.0,1.0,3.0,0.0,0.0,5.25,4.5,1.53,5.5,4.91,1.53
2324,2024-01-13,FSV Mainz 05,VfL Wolfsburg,1,1,D,12.0,9.0,4.0,4.0,7.0,3.0,3.0,4.0,0.0,0.0,2.2,3.4,3.25,2.25,3.47,3.33
2324,2024-01-13,RB Leipzig,Eintracht Frankfurt,0,1,A,26.0,5.0,7.0,1.0,15.0,4.0,0.0,2.0,0.0,0.0,1.45,4.5,7.5,1.45,4.99,6.78
2324,2024-01-13,1. FC Koln,1. FC Heidenheim,1,1,D,13.0,10.0,6.0,2.0,9.0,6.0,2.0,1.0,0.0,0.0,2.05,3.6,3.4,2.1,3.67,3.51
2324,2024-01-13,SC Freiburg,Union Berlin,0,0,D,14.0,8.0,4.0,4.0,4.0,3.0,0.0,2.0,0.0,0.0,2.05,3.6,3.5,2.1,3.62,3.54
2324,2024-01-13,FC Augsburg,Bayer Leverkusen,0,1,A,2.0,25.0,0.0,6.0,0.0,12.0,3.0,1.0,0.0,0.0,5.25,4.75,1.5,5.74,4.65,1.54
2324,2024-01-14,VfL Bochum,Werder Bremen,1,1,D,13.0,15.0,4.0,4.0,3.0,4.0,6.0,5.0,0.0,0.0,2.15,3.6,3.1,2.21,3.78,3.16
2324,2024-01-14,Borussia Monchengladbach,VfB Stuttgart,3,1,H,8.0,14.0,4.0,2.0,0.0,3.0,3.0,3.0,0.0,0.0,3.5,4.0,1.91,3.67,4.14,1.92
2324,2024-01-20,VfL Bochum,VfB Stuttgart,1,0,H,6.0,17.0,1.0,4.0,1.0,7.0,5.0,3.0,0.0,0.0,3.6,3.8,1.95,3.66,3.9,1.98
2324,2024-01-20,SV Darmstadt 98,Eintracht Frankfurt,2,2,D,13.0,7.0,3.0,4.0,4.0,1.0,1.0,1.0,0.0,0.0,3.8,3.75,1.91,3.91,3.71,1.96
2324,2024-01-20,1. FC Koln,Borussia Dortmund,0,4,A,16.0,11.0,5.0,7.0,13.0,4.0,2.0,2.0,0.0,0.0,4.5,4.0,1.73,4.27,4.29,1.76
2324,2024-01-20,SC Freiburg,TSG Hoffenheim,3,2,H,16.0,16.0,8.0,4.0,2.0,2.0,3.0,3.0,1.0,0.0,2.0,3.8,3.4,2.07,3.83,3.44
2324,2024-01-20,1. FC Heidenheim,VfL Wolfsburg,1,1,D,12.0,12.0,3.0,3.0,4.0,2.0,0.0,1.0,0.0,0.0,2.7,3.5,2.55,2.78,3.5,2.58
2324,2024-01-20,RB Leipzig,Bayer Leverkusen,2,3,A,11.0,18.0,6.0,5.0,1.0,9.0,2.0,3.0,0.0,0.0,2.4,3.8,2.7,2.44,3.78,2.79
2324,2024-01-21,Bayern Munich,Werder Bremen,0,1,A,21.0,8.0,6.0,3.0,10.0,2.0,2.0,1.0,0.0,0.0,1.09,11.0,21.0,1.08,11.78,20.98
2324,2024-01-21,Borussia Monchengladbach,FC Augsburg,1,2,A,18.0,15.0,4.0,7.0,5.0,7.0,1.0,2.0,0.0,0.0,1.91,3.8,3.8,1.91,3.98,3.61
2324,2024-01-24,Bayern Munich,Union Berlin,1,0,H,24.0,4.0,10.0,1.0,12.0,1.0,2.0,4.0,0.0,0.0,1.18,7.0,17.0,1.15,8.7,17.25
2324,2024-01-26,Eintracht Frankfurt,FSV Mainz 05,1,0,H,13.0,7.0,4.0,0.0,2.0,1.0,2.0,1.0,0.0,0.0,2.15,3.4,3.5,2.17,3.44,3.54
2324,2024-01-27,Bayer Leverkusen,Borussia Monchengladbach,0,0,D,28.0,4.0,8.0,3.0,8.0,2.0,3.0,1.0,0.0,0.0,1.29,5.5,10.0,1.27,6.56,9.6
2324,2024-01-27,VfL Wolfsburg,1. FC Koln,1,1,D,12.0,6.0,5.0,2.0,6.0,3.0,5.0,3.0,0.0,0.0,1.83,3.75,4.2,1.83,3.83,4.41
2324,2024-01-27,Werder Bremen,SC Freiburg,3,1,H,14.0,7.0,4.0,4.0,5.0,5.0,2.0,1.0,0.0,0.0,2.4,3.5,2.88,2.45,3.52,2.94
2324,2024-01-27,TSG Hoffenheim,1. FC Heidenheim,1,1,D,20.0,15.0,8.0,3.0,9.0,5.0,4.0,0.0,0.0,0.0,1.67,4.5,4.33,1.7,4.28,4.64
2324,2024-01-27,FC Augsburg,Bayern Munich,2,3,A,14.0,13.0,7.0,4.0,4.0,5.0,2.0,6.0,0.0,0.0,8.5,5.75,1.3,8.77,5.99,1.31
2324,2024-01-27,VfB Stuttgart,RB Leipzig,5,2,H,19.0,4.0,11.0,2.0,9.0,3.0,1.0,4.0,0.0,0.0,2.63,3.8,2.4,2.75,3.82,2.45
2324,2024-01-28,Union Berlin,SV Darmstadt 98,1,0,H,19.0,15.0,6.0,1.0,4.0,3.0,3.0,2.0,0.0,0.0,1.62,3.8,5.75,1.64,3.92,5.85
2324,2024-01-28,Borussia Dortmund,VfL Bochum,3,1,H,15.0,10.0,6.0,4.0,8.0,4.0,1.0,3.0,0.0,0.0,1.36,5.5,7.5,1.38,5.7,7.32
2324,2024-02-02,1. FC Heidenheim,Borussia Dortmund,0,0,D,11.0,13.0,0.0,5.0,4.0,6.0,0.0,2.0,0.0,0.0,3.75,4.5,1.8,3.99,4.34,1.82
2324,2024-02-03,SV Darmstadt 98,Bayer Leverkusen,0,2,A,8.0,18.0,6.0,7.0,4.0,3.0,2.0,2.0,0.0,0.0,9.5,6.5,1.25,9.27,6.36,1.28
2324,2024-02-03,Bayern Munich,Borussia Monchengladbach,3,1,H,21.0,11.0,6.0,4.0,6.0,5.0,0.0,1.0,0.0,0.0,1.14,9.5,13.0,1.15,9.2,16.53
2324,2024-02-03,VfL Bochum,FC Augsburg,1,1,D,9.0,12.0,4.0,6.0,3.0,5.0,3.0,1.0,0.0,0.0,2.15,3.4,3.4,2.21,3.65,3.25
2324,2024-02-03,SC Freiburg,VfB Stuttgart,1,3,A,7.0,17.0,4.0,9.0,1.0,6.0,4.0,2.0,1.0,0.0,3.1,3.6,2.2,3.15,3.79,2.21
2324,2024-02-03,FSV Mainz 05,Werder Bremen,0,1,A,20.0,6.0,5.0,1.0,11.0,1.0,4.0,3.0,0.0,0.0,2.1,3.5,3.5,2.12,3.52,3.59
2324,2024-02-03,1. FC Koln,Eintracht Frankfurt,2,0,H,14.0,11.0,4.0,4.0,7.0,7.0,1.0,4.0,0.0,2.0,3.25,3.4,2.2,3.31,3.47,2.26
2324,2024-02-04,VfL Wolfsburg,TSG Hoffenheim,2,2,D,14.0,17.0,8.0,7.0,7.0,2.0,2.0,3.0,0.0,0.0,2.1,3.75,3.2,2.14,3.83,3.28
2324,2024-02-04,RB Leipzig,Union Berlin,2,0,H,16.0,10.0,6.0,2.0,5.0,4.0,1.0,2.0,0.0,1.0,1.4,5.0,7.5,1.4,4.98,7.93
2324,2024-02-07,FSV Mainz 05,Union Berlin,1,1,D,16.0,15.0,7.0,4.0,8.0,3.0,2.0,4.0,0.0,0.0,2.15,3.3,3.5,2.22,3.29,3.58
2324,2024-02-09,Borussia Dortmund,SC Freiburg,3,0,H,17.0,6.0,8.0,3.0,5.0,3.0,2.0,0.0,0.0,0.0,1.45,4.75,6.5,1.47,5.13,6.36
2324,2024-02-10,Bayer Leverkusen,Bayern Munich,3,0,H,14.0,8.0,8.0,1.0,4.0,6.0,3.0,2.0,0.0,0.0,2.63,3.8,2.4,2.68,3.9,2.47
2324,2024-02-10,Werder Bremen,1. FC Heidenheim,1,2,A,14.0,10.0,3.0,3.0,5.0,10.0,1.0,2.0,0.0,0.0,1.8,3.8,4.33,1.86,3.79,4.25
2324,2024-02-10,Union Berlin,VfL Wolfsburg,1,0,H,7.0,15.0,2.0,5.0,6.0,10.0,1.0,2.0,0.0,0.0,2.25,3.4,3.2,2.35,3.37,3.22
2324,2024-02-10,Eintracht Frankfurt,VfL Bochum,1,1,D,8.0,14.0,2.0,5.0,8.0,3.0,2.0,2.0,0.0,0.0,1.73,3.8,4.75,1.76,3.82,4.86
2324,2024-02-10,FC Augsburg,RB Leipzig,2,2,D,11.0,9.0,4.0,6.0,1.0,3.0,5.0,1.0,0.0,0.0,4.0,4.2,1.75,4.19,4.26,1.78
2324,2024-02-10,Borussia Monchengladbach,SV Darmstadt 98,0,0,D,22.0,10.0,8.0,1.0,7.0,2.0,0.0,5.0,0.0,0.0,1.6,4.5,5.0,1.61,4.33,5.44
2324,2024-02-11,VfB Stuttgart,FSV Mainz 05,3,1,H,10.0,16.0,7.0,6.0,4.0,5.0,1.0,1.0,0.0,0.0,1.44,4.5,7.5,1.44,4.77,7.45
2324,2024-02-11,TSG Hoffenheim,1. FC Koln,1,1,D,10.0,5.0,4.0,1.0,10.0,3.0,3.0,4.0,0.0,0.0,1.8,3.8,4.33,1.86,3.9,4.12
2324,2024-02-16,1. FC Koln,Werder Bremen,0,1,A,10.0,13.0,2.0,4.0,5.0,3.0,4.0,4.0,0.0,0.0,2.4,3.4,2.88,2.57,3.38,2.92
2324,2024-02-17,TSG Hoffenheim,Union Berlin,0,1,A,16.0,10.0,4.0,3.0,6.0,2.0,3.0,4.0,1.0,1.0,2.0,3.6,3.6,2.06,3.71,3.58
2324,2024-02-17,SV Darmstadt 98,VfB Stuttgart,1,2,A,21.0,13.0,9.0,4.0,5.0,3.0,4.0,5.0,0.0,1.0,6.5,4.75,1.44,6.88,4.89,1.45
2324,2024-02-17,1. FC Heidenheim,Bayer Leverkusen,1,2,A,6.0,17.0,3.0,4.0,4.0,5.0,2.0,1.0,0.0,0.0,8.0,5.75,1.33,8.03,5.8,1.35
2324,2024-02-17,FSV Mainz 05,FC Augsburg,1,0,H,19.0,10.0,4.0,4.0,7.0,7.0,3.0,2.0,0.0,1.0,2.0,3.5,3.8,2.03,3.66,3.72
2324,2024-02-17,VfL Wolfsburg,Borussia Dortmund,1,1,D,9.0,12.0,4.0,5.0,5.0,3.0,3.0,1.0,0.0,0.0,3.2,3.8,2.1,3.32,3.79,2.13
2324,2024-02-17,RB Leipzig,Borussia Monchengladbach,2,0,H,16.0,13.0,9.0,0.0,8.0,4.0,1.0,5.0,0.0,0.0,1.36,5.5,7.0,1.38,5.63,7.27
2324,2024-02-18,SC Freiburg,Eintracht Frankfurt,3,3,D,13.0,10.0,8.0,6.0,6.0,1.0,0.0,0.0,0.0,0.0,2.3,3.4,3.1,2.33,3.38,3.24
2324,2024-02-18,VfL Bochum,Bayern Munich,3,2,H,14.0,26.0,5.0,10.0,4.0,9.0,2.0,4.0,0.0,1.0,8.0,5.75,1.33,8.13,5.93,1.34
2324,2024-02-23,Bayer Leverkusen,FSV Mainz 05,2,1,H,18.0,13.0,7.0,4.0,11.0,2.0,3.0,5.0,0.0,1.0,1.22,6.5,13.0,1.26,6.53,12.14
2324,2024-02-24,Bayern Munich,RB Leipzig,2,1,H,16.0,11.0,4.0,5.0,6.0,4.0,3.0,3.0,0.0,0.0,1.67,4.33,4.5,1.7,4.4,4.53
2324,2024-02-24,Werder Bremen,SV Darmstadt 98,1,1,D,13.0,11.0,4.0,3.0,4.0,6.0,3.0,4.0,0.0,0.0,1.65,4.2,5.0,1.69,3.94,5.22
2324,2024-02-24,Union Berlin,1. FC Heidenheim,2,2,D,12.0,9.0,3.0,4.0,4.0,2.0,2.0,1.0,0.0,0.0,2.0,3.5,3.75,2.04,3.49,3.89
2324,2024-02-24,VfB Stuttgart,1. FC Koln,1,1,D,13.0,12.0,5.0,6.0,9.0,4.0,1.0,0.0,0.0,0.0,1.3,5.25,10.0,1.32,5.75,9.52
2324,2024-02-24,Borussia Monchengladbach,VfL Bochum,5,2,H,22.0,15.0,6.0,5.0,5.0,6.0,2.0,4.0,0.0,0.0,2.0,3.8,3.5,2.02,3.77,3.65
2324,2024-02-25,Eintracht Frankfurt,VfL Wolfsburg,2,2,D,12.0,14.0,5.0,8.0,5.0,3.0,2.0,1.0,0.0,0.0,2.25,3.4,3.2,2.29,3.48,3.24
2324,2024-02-25,Borussia Dortmund,TSG Hoffenheim,2,3,A,19.0,7.0,7.0,5.0,10.0,3.0,2.0,3.0,0.0,0.0,1.5,5.0,5.5,1.51,5.16,5.52
2324,2024-02-25,FC Augsburg,SC Freiburg,2,1,H,21.0,5.0,8.0,1.0,10.0,2.0,3.0,1.0,0.0,0.0,2.2,3.6,3.1,2.28,3.66,3.11
2324,2024-03-01,SC Freiburg,Bayern Munich,2,2,D,17.0,21.0,5.0,9.0,3.0,6.0,1.0,2.0,0.0,0.0,5.75,4.75,1.5,6.11,4.86,1.51
2324,2024-03-02,VfL Wolfsburg,VfB Stuttgart,2,3,A,12.0,7.0,2.0,3.0,5.0,4.0,3.0,2.0,0.0,0.0,3.3,3.5,2.15,3.34,3.56,2.2
2324,2024-03-02,Union Berlin,Borussia Dortmund,0,2,A,13.0,12.0,5.0,7.0,8.0,7.0,2.0,1.0,0.0,0.0,3.4,3.6,2.05,3.44,3.62,2.14
2324,2024-03-02,FSV Mainz 05,Borussia Monchengladbach,1,1,D,21.0,14.0,5.0,5.0,12.0,6.0,5.0,1.0,1.0,0.0,1.91,3.75,3.75,1.98,3.81,3.73
2324,2024-03-02,1. FC Heidenheim,Eintracht Frankfurt,1,2,A,16.0,11.0,3.0,6.0,7.0,3.0,1.0,4.0,0.0,0.0,2.8,3.3,2.5,2.84,3.39,2.59
2324,2024-03-02,SV Darmstadt 98,FC Augsburg,0,6,A,10.0,21.0,5.0,6.0,3.0,6.0,2.0,0.0,0.0,0.0,2.9,3.3,2.4,2.93,3.47,2.48
2324,2024-03-02,VfL Bochum,RB Leipzig,1,4,A,15.0,10.0,4.0,4.0,2.0,5.0,3.0,2.0,1.0,0.0,5.0,4.2,1.62,4.76,4.44,1.66
2324,2024-03-03,1. FC Koln,Bayer Leverkusen,0,2,A,6.0,17.0,0.0,6.0,1.0,9.0,2.0,2.0,1.0,0.0,9.0,4.75,1.36,8.08,5.15,1.39
2324,2024-03-03,TSG Hoffenheim,Werder Bremen,2,1,H,14.0,18.0,7.0,8.0,3.0,3.0,5.0,1.0,1.0,0.0,1.91,4.0,3.6,1.97,3.87,3.72
2324,2024-03-08,VfB Stuttgart,Union Berlin,2,0,H,14.0,10.0,5.0,4.0,4.0,3.0,1.0,2.0,0.0,1.0,1.45,4.5,7.0,1.48,4.62,7.08
2324,2024-03-09,RB Leipzig,SV Darmstadt 98,2,0,H,28.0,9.0,8.0,4.0,8.0,4.0,0.0,3.0,0.0,0.0,1.14,8.5,15.0,1.15,8.79,16.82
2324,2024-03-09,Borussia Monchengladbach,1. FC Koln,3,3,D,16.0,12.0,5.0,5.0,8.0,3.0,3.0,4.0,0.0,0.0,1.83,4.0,4.0,1.85,3.77,4.32
2324,2024-03-09,Werder Bremen,Borussia Dortmund,1,2,A,15.0,13.0,5.0,6.0,10.0,4.0,1.0,2.0,0.0,1.0,3.5,4.33,1.85,3.87,4.06,1.88
2324,2024-03-09,FC Augsburg,1. FC Heidenheim,1,0,H,8.0,6.0,4.0,1.0,5.0,2.0,1.0,3.0,0.0,0.0,1.85,4.2,3.5,1.88,3.89,4.07
2324,2024-03-09,Bayern Munich,FSV Mainz 05,8,1,H,25.0,13.0,12.0,3.0,6.0,7.0,1.0,1.0,0.0,0.0,1.25,7.0,10.0,1.23,6.97,11.21
2324,2024-03-10,Bayer Leverkusen,VfL Wolfsburg,2,0,H,19.0,2.0,7.0,1.0,9.0,2.0,1.0,3.0,0.0,1.0,1.33,5.75,8.5,1.32,5.89,9.05
2324,2024-03-10,Eintracht Frankfurt,TSG Hoffenheim,3,1,H,17.0,6.0,7.0,2.0,5.0,1.0,2.0,3.0,0.0,2.0,2.0,4.0,3.3,2.06,3.9,3.43
2324,2024-03-10,VfL Bochum,SC Freiburg,1,2,A,18.0,9.0,6.0,5.0,12.0,5.0,3.0,7.0,0.0,0.0,2.2,3.75,3.0,2.27,3.65,3.13
2324,2024-03-15,1. FC Koln,RB Leipzig,1,5,A,9.0,23.0,2.0,7.0,3.0,6.0,2.0,2.0,0.0,0.0,6.5,4.75,1.45,6.61,4.86,1.48
2324,2024-03-16,SV Darmstadt 98,Bayern Munich,2,5,A,7.0,26.0,3.0,6.0,2.0,9.0,1.0,0.0,0.0,0.0,17.0,8.0,1.14,17.12,9.56,1.14
2324,2024-03-16,1. FC Heidenheim,Borussia Monchengladbach,1,1,D,16.0,6.0,5.0,2.0,10.0,4.0,1.0,3.0,0.0,0.0,2.45,3.6,2.7,2.49,3.63,2.8
2324,2024-03-16,FSV Mainz 05,VfL Bochum,2,0,H,13.0,11.0,4.0,4.0,7.0,6.0,4.0,3.0,0.0,0.0,1.8,3.8,4.33,1.79,3.88,4.58
2324,2024-03-16,Union Berlin,Werder Bremen,2,1,H,11.0,10.0,5.0,2.0,4.0,3.0,3.0,5.0,0.0,0.0,2.05,3.4,3.8,2.02,3.64,3.79
2324,2024-03-16,VfL Wolfsburg,FC Augsburg,1,3,A,15.0,14.0,4.0,5.0,8.0,6.0,1.0,3.0,1.0,0.0,2.05,3.5,3.5,2.12,3.65,3.46
2324,2024-03-16,TSG Hoffenheim,VfB Stuttgart,0,3,A,8.0,25.0,1.0,12.0,5.0,6.0,1.0,0.0,0.0,0.0,3.8,4.0,1.83,3.77,4.23,1.88
2324,2024-03-17,Borussia Dortmund,Eintracht Frankfurt,3,1,H,16.0,8.0,6.0,6.0,8.0,3.0,1.0,2.0,0.0,0.0,1.62,4.2,5.0,1.63,4.47,5.01
2324,2024-03-17,SC Freiburg,Bayer Leverkusen,2,3,A,9.0,18.0,3.0,7.0,2.0,8.0,1.0,0.0,0.0,0.0,6.0,4.33,1.53,5.92,4.39,1.56
2324,2024-03-30,Eintracht Frankfurt,Union Berlin,0,0,D,18.0,10.0,4.0,2.0,6.0,2.0,3.0,1.0,0.0,0.0,2.0,3.5,3.8,2.07,3.41,3.88
2324,2024-03-30,Bayer Leverkusen,TSG Hoffenheim,2,1,H,36.0,6.0,12.0,2.0,9.0,2.0,0.0,1.0,0.0,0.0,1.2,7.5,12.0,1.21,7.55,11.72
2324,2024-03-30,Borussia Monchengladbach,SC Freiburg,0,3,A,18.0,13.0,4.0,8.0,14.0,1.0,1.0,0.0,0.0,0.0,2.2,3.6,3.2,2.21,3.72,3.19
2324,2024-03-30,RB Leipzig,FSV Mainz 05,0,0,D,23.0,8.0,10.0,2.0,12.0,2.0,2.0,5.0,0.0,0.0,1.4,5.25,7.5,1.39,5.34,7.66
2324,2024-03-30,Werder Bremen,VfL Wolfsburg,0,2,A,6.0,15.0,1.0,5.0,3.0,6.0,4.0,4.0,1.0,1.0,2.88,3.5,2.4,2.88,3.61,2.44
2324,2024-03-30,Bayern Munich,Borussia Dortmund,0,2,A,16.0,11.0,3.0,5.0,7.0,4.0,0.0,0.0,0.0,0.0,1.4,5.75,6.0,1.39,5.92,6.7
2324,2024-03-31,VfB Stuttgart,1. FC Heidenheim,3,3,D,20.0,6.0,6.0,3.0,6.0,7.0,1.0,0.0,0.0,1.0,1.25,6.0,10.0,1.26,6.51,10.08
2324,2024-03-31,FC Augsburg,1. FC Koln,1,1,D,24.0,12.0,6.0,2.0,12.0,6.0,0.0,3.0,0.0,0.0,1.75,4.0,4.5,1.81,3.84,4.51
2324,2024-03-31,VfL Bochum,SV Darmstadt 98,2,2,D,20.0,13.0,7.0,3.0,6.0,5.0,2.0,2.0,0.0,0.0,1.62,4.0,5.25,1.63,4.3,5.25
2324,2024-04-05,Eintracht Frankfurt,Werder Bremen,1,1,D,19.0,10.0,5.0,7.0,9.0,0.0,3.0,2.0,1.0,1.0,1.75,3.8,4.5,1.78,4.02,4.56
2324,2024-04-06,1. FC Koln,VfL Bochum,2,1,H,17.0,8.0,6.0,2.0,9.0,4.0,3.0,3.0,0.0,0.0,2.25,3.5,3.1,2.33,3.63,3.05
2324,2024-04-06,SC Freiburg,RB Leipzig,1,4,A,15.0,15.0,4.0,6.0,8.0,4.0,3.0,4.0,0.0,0.0,4.75,4.33,1.65,4.79,4.31,1.68
2324,2024-04-06,1. FC Heidenheim,Bayern Munich,3,2,H,9.0,15.0,4.0,8.0,3.0,3.0,2.0,0.0,0.0,0.0,6.5,6.0,1.36,7.05,6.07,1.37
2324,2024-04-06,FSV Mainz 05,SV Darmstadt 98,4,0,H,18.0,14.0,9.0,2.0,5.0,1.0,2.0,3.0,0.0,0.0,1.4,5.0,7.5,1.41,4.97,7.93
2324,2024-04-06,Union Berlin,Bayer Leverkusen,0,1,A,8.0,19.0,1.0,8.0,7.0,10.0,3.0,2.0,1.0,0.0,5.75,4.33,1.55,6.19,4.31,1.55
2324,2024-04-06,Borussia Dortmund,VfB Stuttgart,0,1,A,14.0,10.0,7.0,2.0,8.0,3.0,2.0,4.0,0.0,0.0,2.25,4.0,2.8,2.31,3.95,2.88
2324,2024-04-07,TSG Hoffenheim,FC Augsburg,3,1,H,17.0,14.0,6.0,7.0,11.0,6.0,3.0,1.0,0.0,0.0,2.2,4.0,2.9,2.29,3.94,2.92
2324,2024-04-07,VfL Wolfsburg,Borussia Monchengladbach,1,3,A,13.0,10.0,4.0,6.0,4.0,4.0,2.0,2.0,0.0,0.0,1.85,4.0,3.8,1.9,3.89,3.97
2324,2024-04-12,FC Augsburg,Union Berlin,2,0,H,12.0,17.0,4.0,4.0,5.0,4.0,1.0,1.0,0.0,0.0,2.1,3.4,3.4,2.15,3.52,3.59
2324,2024-04-13,Bayern Munich,1. FC Koln,2,0,H,17.0,11.0,7.0,5.0,5.0,5.0,0.0,3.0,0.0,0.0,1.22,7.5,11.0,1.18,8.25,13.01
2324,2024-04-13,VfL Bochum,1. FC Heidenheim,1,1,D,24.0,10.0,5.0,3.0,6.0,2.0,4.0,1.0,0.0,0.0,2.05,3.75,3.3,2.1,3.71,3.47
2324,2024-04-13,FSV Mainz 05,TSG Hoffenheim,4,1,H,23.0,5.0,8.0,1.0,9.0,3.0,0.0,2.0,0.0,0.0,1.95,4.0,3.4,2.0,3.91,3.58
2324,2024-04-13,Borussia Monchengladbach,Borussia Dortmund,1,2,A,16.0,12.0,5.0,4.0,2.0,4.0,1.0,4.0,0.0,1.0,3.25,4.0,2.0,3.29,4.24,2.02
2324,2024-04-13,RB Leipzig,VfL Wolfsburg,3,0,H,15.0,10.0,6.0,3.0,6.0,4.0,2.0,4.0,0.0,0.0,1.36,5.0,8.0,1.36,5.66,7.8
2324,2024-04-13,VfB Stuttgart,Eintracht Frankfurt,3,0,H,9.0,10.0,6.0,3.0,4.0,5.0,1.0,3.0,0.0,0.0,1.53,4.5,5.5,1.51,4.76,6.01
2324,2024-04-14,Bayer Leverkusen,Werder Bremen,5,0,H,19.0,7.0,10.0,3.0,7.0,0.0,2.0,1.0,0.0,0.0,1.2,7.0,13.0,1.2,7.49,12.7
2324,2024-04-14,SV Darmstadt 98,SC Freiburg,0,1,A,16.0,9.0,4.0,3.0,2.0,2.0,0.0,1.0,0.0,0.0,4.0,3.8,1.83,3.98,3.98,1.88
2324,2024-04-19,Eintracht Frankfurt,FC Augsburg,3,1,H,12.0,6.0,7.0,1.0,6.0,5.0,3.0,3.0,0.0,0.0,2.0,3.75,3.5,2.06,3.76,3.6
2324,2024-04-20,Union Berlin,Bayern Munich,1,5,A,15.0,18.0,4.0,9.0,5.0,3.0,0.0,0.0,0.0,0.0,4.75,4.5,1.62,4.94,4.62,1.62
2324,2024-04-20,VfL Wolfsburg,VfL Bochum,1,0,H,10.0,9.0,5.0,1.0,5.0,8.0,4.0,3.0,0.0,0.0,1.75,4.0,4.33,1.81,3.88,4.43
2324,2024-04-20,1. FC Koln,SV Darmstadt 98,0,2,A,18.0,12.0,4.0,6.0,4.0,3.0,0.0,1.0,0.0,0.0,1.5,4.75,5.75,1.49,4.61,6.76
2324,2024-04-20,1. FC Heidenheim,RB Leipzig,1,2,A,9.0,11.0,5.0,4.0,2.0,6.0,3.0,1.0,0.0,0.0,5.75,5.25,1.45,6.19,5.19,1.46
2324,2024-04-20,TSG Hoffenheim,Borussia Monchengladbach,4,3,H,27.0,13.0,9.0,7.0,6.0,5.0,1.0,3.0,0.0,0.0,2.1,4.0,3.1,2.16,4.04,3.09
2324,2024-04-21,Werder Bremen,VfB Stuttgart,2,1,H,9.0,14.0,2.0,5.0,1.0,7.0,3.0,3.0,0.0,0.0,4.75,4.75,1.57,5.11,4.66,1.6
2324,2024-04-21,Borussia Dortmund,Bayer Leverkusen,1,1,D,9.0,13.0,2.0,5.0,2.0,6.0,4.0,3.0,0.0,0.0,2.55,3.8,2.55,2.56,3.84,2.5
2324,2024-04-21,SC Freiburg,FSV Mainz 05,1,1,D,7.0,17.0,3.0,4.0,2.0,4.0,3.0,4.0,0.0,0.0,2.6,3.5,2.6,2.58,3.59,2.72
2324,2024-04-26,VfL Bochum,TSG Hoffenheim,3,2,H,35.0,12.0,13.0,4.0,10.0,4.0,1.0,1.0,0.0,0.0,2.15,4.0,2.9,2.21,4.0,3.06
2324,2024-04-27,FC Augsburg,Werder Bremen,0,3,A,14.0,16.0,1.0,8.0,6.0,4.0,1.0,2.0,0.0,0.0,1.8,4.0,4.0,1.8,4.19,4.13
2324,2024-04-27,Bayern Munich,Eintracht Frankfurt,2,1,H,19.0,10.0,9.0,3.0,4.0,2.0,0.0,3.0,0.0,0.0,1.4,5.25,7.0,1.42,5.46,6.65
2324,2024-04-27,RB Leipzig,Borussia Dortmund,4,1,H,21.0,12.0,7.0,5.0,5.0,8.0,1.0,2.0,0.0,0.0,1.67,4.33,4.5,1.68,4.45,4.61
2324,2024-04-27,Bayer Leverkusen,VfB Stuttgart,2,2,D,14.0,11.0,6.0,4.0,5.0,2.0,4.0,3.0,0.0,0.0,1.75,4.2,4.33,1.76,4.31,4.25
2324,2024-04-27,SC Freiburg,VfL Wolfsburg,1,2,A,16.0,13.0,3.0,5.0,3.0,6.0,4.0,2.0,1.0,0.0,2.3,3.6,2.88,2.37,3.58,3.01
2324,2024-04-28,Borussia Monchengladbach,Union Berlin,0,0,D,13.0,14.0,4.0,7.0,3.0,4.0,2.0,2.0,0.0,0.0,2.3,3.5,3.0,2.38,3.45,3.1
2324,2024-04-28,FSV Mainz 05,1. FC Koln,1,1,D,16.0,16.0,4.0,6.0,6.0,6.0,4.0,4.0,1.0,0.0,1.55,4.33,6.0,1.54,4.37,6.2
2324,2024-04-28,SV Darmstadt 98,1. FC Heidenheim,0,1,A,12.0,19.0,4.0,6.0,3.0,8.0,2.0,1.0,0.0,0.0,3.3,3.75,2.1,3.42,3.71,2.12
2324,2024-05-03,TSG Hoffenheim,RB Leipzig,1,1,D,18.0,8.0,8.0,5.0,4.0,4.0,1.0,3.0,0.0,1.0,5.25,5.0,1.5,5.44,5.24,1.52
2324,2024-05-04,VfL Wolfsburg,SV Darmstadt 98,3,0,H,18.0,6.0,6.0,1.0,9.0,2.0,0.0,3.0,0.0,0.0,1.4,5.0,8.0,1.4,5.13,7.8
2324,2024-05-04,1. FC Koln,SC Freiburg,0,0,D,20.0,4.0,7.0,0.0,7.0,1.0,1.0,1.0,0.0,0.0,2.3,3.75,2.88,2.37,3.66,2.95
2324,2024-05-04,VfB Stuttgart,Bayern Munich,3,1,H,24.0,10.0,11.0,3.0,3.0,1.0,1.0,2.0,0.0,0.0,2.1,4.0,3.1,2.13,4.14,3.09
2324,2024-05-04,Borussia Dortmund,FC Augsburg,5,1,H,21.0,20.0,10.0,4.0,6.0,9.0,0.0,1.0,0.0,0.0,1.85,4.33,3.6,1.86,4.37,3.7
2324,2024-05-04,Werder Bremen,Borussia Monchengladbach,2,2,D,17.0,17.0,6.0,7.0,7.0,2.0,0.0,0.0,0.0,0.0,2.25,3.75,3.0,2.31,3.83,2.94
2324,2024-05-05,Union Berlin,VfL Bochum,3,4,A,12.0,17.0,6.0,5.0,6.0,4.0,0.0,1.0,0.0,0.0,1.95,3.5,4.0,1.97,3.51,4.12
2324,2024-05-05,Eintracht Frankfurt,Bayer Leverkusen,1,5,A,16.0,10.0,5.0,6.0,10.0,5.0,0.0,0.0,0.0,0.0,3.2,3.5,2.2,3.27,3.68,2.19
2324,2024-05-05,1. FC Heidenheim,FSV Mainz 05,1,1,D,16.0,10.0,6.0,4.0,6.0,3.0,2.0,3.0,0.0,0.0,3.0,3.5,2.3,3.03,3.58,2.36
2324,2024-05-10,FC Augsburg,VfB Stuttgart,0,1,A,9.0,19.0,1.0,7.0,5.0,5.0,4.0,2.0,0.0,0.0,4.0,4.2,1.75,3.92,4.45,1.82
2324,2024-05-11,1. FC Koln,Union Berlin,3,2,H,18.0,14.0,5.0,6.0,6.0,8.0,3.0,2.0,0.0,0.0,2.8,3.3,2.55,2.79,3.39,2.63
2324,2024-05-11,SC Freiburg,1. FC Heidenheim,1,1,D,19.0,9.0,3.0,3.0,2.0,4.0,1.0,1.0,0.0,0.0,1.7,4.0,4.5,1.72,4.07,4.78
2324,2024-05-11,Borussia Monchengladbach,Eintracht Frankfurt,1,1,D,6.0,16.0,3.0,1.0,2.0,8.0,1.0,0.0,0.0,0.0,2.45,3.75,2.63,2.53,3.73,2.7
2324,2024-05-11,RB Leipzig,Werder Bremen,1,1,D,13.0,10.0,5.0,1.0,4.0,3.0,1.0,0.0,0.0,0.0,1.29,6.5,8.0,1.29,6.72,8.41
2324,2024-05-11,FSV Mainz 05,Borussia Dortmund,3,0,H,14.0,10.0,6.0,2.0,4.0,2.0,2.0,2.0,0.0,0.0,2.2,3.6,3.1,2.19,3.97,3.08
2324,2024-05-12,VfL Bochum,Bayer Leverkusen,0,5,A,2.0,28.0,0.0,10.0,2.0,6.0,2.0,1.0,1.0,0.0,4.2,4.33,1.7,4.42,4.35,1.72
2324,2024-05-12,SV Darmstadt 98,TSG Hoffenheim,0,6,A,9.0,12.0,1.0,7.0,2.0,3.0,3.0,0.0,0.0,0.0,4.75,4.5,1.62,4.67,4.73,1.64
2324,2024-05-12,Bayern Munich,VfL Wolfsburg,2,0,H,5.0,5.0,3.0,2.0,4.0,0.0,0.0,2.0,0.0,0.0,1.33,6.0,7.5,1.34,6.36,7.4
2324,2024-05-18,Union Berlin,SC Freiburg,2,1,H,14.0,11.0,5.0,5.0,3.0,7.0,7.0,4.0,0.0,0.0,2.1,3.4,3.5,2.15,3.39,3.57
2324,2024-05-18,VfB Stuttgart,Borussia Monchengladbach,4,0,H,21.0,13.0,11.0,5.0,8.0,4.0,1.0,2.0,0.0,0.0,1.29,6.25,8.5,1.28,6.62,8.47
2324,2024-05-18,Werder Bremen,VfL Bochum,4,1,H,25.0,26.0,12.0,8.0,8.0,8.0,1.0,1.0,0.0,0.0,2.38,3.6,2.8,2.37,3.61,2.94
2324,2024-05-18,Bayer Leverkusen,FC Augsburg,2,1,H,19.0,8.0,8.0,2.0,5.0,4.0,0.0,1.0,0.0,0.0,1.3,6.0,9.0,1.3,6.65,7.63
2324,2024-05-18,VfL Wolfsburg,FSV Mainz 05,1,3,A,12.0,12.0,4.0,6.0,1.0,3.0,2.0,3.0,0.0,0.0,3.2,3.5,2.2,3.28,3.54,2.21
2324,2024-05-18,1. FC Heidenheim,1. FC Koln,4,1,H,13.0,19.0,7.0,9.0,5.0,12.0,1.0,3.0,0.0,0.0,2.3,4.0,2.7,2.35,4.0,2.74
2324,2024-05-18,Eintracht Frankfurt,RB Leipzig,2,2,D,19.0,9.0,6.0,5.0,8.0,3.0,2.0,2.0,0.0,0.0,2.8,3.8,2.3,2.78,3.75,2.43
2324,2024-05-18,Borussia Dortmund,SV Darmstadt 98,4,0,H,21.0,7.0,10.0,1.0,7.0,3.0,0.0,3.0,0.0,0.0,1.17,8.5,13.0,1.15,9.67,14.01
2324,2024-05-18,TSG Hoffenheim,Bayern Munich,4,2,H,17.0,12.0,9.0,4.0,6.0,5.0,3.0,1.0,0.0,0.0,2.88,4.5,2.0,3.07,4.34,2.07
2425,2024-08-23,Borussia Monchengladbach,Bayer Leverkusen,2,3,A,14.0,25.0,7.0,9.0,2.0,4.0,1.0,0.0,0.0,0.0,5.25,4.5,1.55,5.33,4.58,1.6
2425,2024-08-24,FC Augsburg,Werder Bremen,2,2,D,10.0,12.0,3.0,6.0,4.0,2.0,3.0,1.0,0.0,0.0,2.2,3.6,3.1,2.32,3.55,3.11
2425,2024-08-24,SC Freiburg,VfB Stuttgart,3,1,H,15.0,9.0,4.0,2.0,6.0,3.0,2.0,1.0,0.0,0.0,3.5,3.6,2.05,3.5,3.7,2.09
2425,2024-08-24,TSG Hoffenheim,Holstein Kiel,3,2,H,20.0,15.0,8.0,6.0,8.0,6.0,2.0,3.0,0.0,1.0,1.65,4.5,4.5,1.64,4.38,5.07
2425,2024-08-24,FSV Mainz 05,Union Berlin,1,1,D,15.0,15.0,3.0,4.0,8.0,9.0,1.0,3.0,0.0,0.0,2.0,3.4,3.9,2.08,3.24,4.1
2425,2024-08-24,RB Leipzig,VfL Bochum,1,0,H,12.0,10.0,3.0,4.0,9.0,3.0,1.0,3.0,1.0,0.0,1.25,7.0,9.0,1.25,6.71,10.65
2425,2024-08-24,Borussia Dortmund,Eintracht Frankfurt,2,0,H,17.0,7.0,5.0,2.0,7.0,7.0,0.0,1.0,0.0,0.0,1.7,4.1,4.5,1.71,4.4,4.48
2425,2024-08-25,VfL Wolfsburg,Bayern Munich,2,3,A,11.0,14.0,2.0,8.0,1.0,7.0,2.0,3.0,0.0,0.0,6.25,4.75,1.45,6.33,5.0,1.47
2425,2024-08-25,FC St. Pauli,1. FC Heidenheim,0,2,A,11.0,6.0,3.0,3.0,4.0,2.0,2.0,3.0,0.0,0.0,2.1,3.5,3.4,2.13,3.5,3.59
2425,2024-08-30,Union Berlin,FC St. Pauli,1,0,H,10.0,8.0,5.0,2.0,5.0,4.0,3.0,1.0,0.0,0.0,1.91,3.5,4.1,1.96,3.5,4.29
2425,2024-08-31,Bayer Leverkusen,RB Leipzig,2,3,A,27.0,10.0,10.0,4.0,18.0,2.0,3.0,1.0,0.0,0.0,1.75,4.2,4.1,1.8,4.22,4.1
2425,2024-08-31,VfB Stuttgart,FSV Mainz 05,3,3,D,28.0,9.0,13.0,7.0,11.0,2.0,4.0,2.0,0.0,0.0,1.62,4.33,5.25,1.66,4.23,5.09
2425,2024-08-31,Werder Bremen,Borussia Dortmund,0,0,D,5.0,9.0,1.0,4.0,5.0,6.0,2.0,7.0,0.0,1.0,4.1,4.0,1.8,4.05,4.14,1.83
2425,2024-08-31,Eintracht Frankfurt,TSG Hoffenheim,3,1,H,17.0,10.0,7.0,3.0,1.0,4.0,0.0,3.0,0.0,0.0,1.8,4.2,3.9,1.8,4.2,4.12
2425,2024-08-31,VfL Bochum,Borussia Monchengladbach,0,2,A,16.0,15.0,4.0,6.0,3.0,4.0,1.0,0.0,0.0,0.0,2.6,3.6,2.6,2.66,3.73,2.57
2425,2024-08-31,Holstein Kiel,VfL Wolfsburg,0,2,A,12.0,12.0,5.0,4.0,1.0,7.0,4.0,7.0,0.0,0.0,3.2,3.7,2.15,3.26,3.69,2.19
2425,2024-09-01,1. FC Heidenheim,FC Augsburg,4,0,H,17.0,15.0,9.0,1.0,5.0,6.0,0.0,3.0,0.0,0.0,2.38,3.5,2.9,2.42,3.47,3.02
2425,2024-09-01,Bayern Munich,SC Freiburg,2,0,H,11.0,8.0,4.0,4.0,2.0,4.0,1.0,0.0,0.0,0.0,1.2,8.0,11.0,1.21,7.89,11.45
2425,2024-09-13,Borussia Dortmund,1. FC Heidenheim,4,2,H,13.0,11.0,7.0,4.0,8.0,1.0,2.0,2.0,0.0,0.0,1.4,5.5,6.5,1.39,5.35,7.83
2425,2024-09-14,Holstein Kiel,Bayern Munich,1,6,A,5.0,23.0,1.0,13.0,2.0,10.0,0.0,1.0,0.0,0.0,11.0,7.0,1.22,11.8,7.52,1.21
2425,2024-09-14,RB Leipzig,Union Berlin,0,0,D,16.0,11.0,3.0,3.0,6.0,5.0,2.0,3.0,0.0,0.0,1.48,4.5,6.5,1.48,4.69,6.64
2425,2024-09-14,VfL Wolfsburg,Eintracht Frankfurt,1,2,A,17.0,15.0,4.0,7.0,5.0,4.0,1.0,2.0,0.0,0.0,2.63,3.6,2.5,2.72,3.45,2.63
2425,2024-09-14,TSG Hoffenheim,Bayer Leverkusen,1,4,A,14.0,20.0,5.0,8.0,4.0,12.0,2.0,2.0,0.0,0.0,5.75,4.5,1.48,5.95,4.96,1.49
2425,2024-09-14,SC Freiburg,VfL Bochum,2,1,H,27.0,13.0,9.0,2.0,5.0,6.0,0.0,3.0,0.0,0.0,1.7,3.9,5.0,1.69,4.08,4.9
2425,2024-09-14,Borussia Monchengladbach,VfB Stuttgart,1,3,A,15.0,12.0,7.0,7.0,6.0,2.0,2.0,2.0,0.0,0.0,2.75,4.0,2.3,2.84,3.96,2.31
2425,2024-09-15,FC Augsburg,FC St. Pauli,3,1,H,18.0,12.0,10.0,3.0,7.0,7.0,4.0,3.0,0.0,0.0,2.1,3.6,3.4,2.09,3.61,3.52
2425,2024-09-15,FSV Mainz 05,Werder Bremen,1,2,A,11.0,11.0,5.0,5.0,10.0,4.0,3.0,1.0,0.0,1.0,2.0,3.7,3.5,2.04,3.66,3.61
2425,2024-09-20,FC Augsburg,FSV Mainz 05,2,3,A,30.0,5.0,9.0,3.0,14.0,1.0,3.0,5.0,1.0,1.0,2.38,3.5,2.9,2.42,3.6,2.97
2425,2024-09-21,Eintracht Frankfurt,Borussia Monchengladbach,2,0,H,14.0,22.0,4.0,7.0,8.0,5.0,1.0,1.0,0.0,0.0,1.75,4.0,4.33,1.79,4.14,4.26
2425,2024-09-21,VfL Bochum,Holstein Kiel,2,2,D,14.0,13.0,3.0,4.0,2.0,5.0,4.0,1.0,0.0,0.0,1.91,3.5,4.0,1.99,3.8,3.7
2425,2024-09-21,1. FC Heidenheim,SC Freiburg,0,3,A,7.0,14.0,2.0,5.0,3.0,9.0,1.0,1.0,0.0,0.0,2.7,3.5,2.55,2.75,3.4,2.66
2425,2024-09-21,Union Berlin,TSG Hoffenheim,2,1,H,12.0,6.0,2.0,3.0,5.0,5.0,3.0,3.0,0.0,0.0,2.0,3.6,3.7,2.04,3.72,3.65
2425,2024-09-21,Werder Bremen,Bayern Munich,0,5,A,0.0,25.0,0.0,7.0,1.0,4.0,0.0,3.0,0.0,0.0,8.0,5.5,1.36,7.92,5.6,1.36
2425,2024-09-22,FC St. Pauli,RB Leipzig,0,0,D,15.0,10.0,4.0,5.0,3.0,1.0,2.0,1.0,0.0,0.0,5.75,3.9,1.62,5.19,4.25,1.64
2425,2024-09-22,Bayer Leverkusen,VfL Wolfsburg,4,3,H,20.0,8.0,7.0,4.0,6.0,2.0,4.0,5.0,0.0,1.0,1.3,5.75,8.0,1.31,5.91,9.23
2425,2024-09-22,VfB Stuttgart,Borussia Dortmund,5,1,H,16.0,6.0,9.0,3.0,6.0,4.0,1.0,3.0,0.0,0.0,2.3,3.75,2.9,2.32,3.8,2.94
2425,2024-09-27,Borussia Dortmund,VfL Bochum,4,2,H,23.0,10.0,8.0,6.0,11.0,0.0,2.0,0.0,0.0,0.0,1.25,7.0,9.0,1.24,7.21,11.22
2425,2024-09-28,SC Freiburg,FC St. Pauli,0,3,A,6.0,10.0,2.0,4.0,4.0,2.0,3.0,3.0,0.0,0.0,1.62,4.0,5.5,1.62,4.15,5.59
2425,2024-09-28,FSV Mainz 05,1. FC Heidenheim,0,2,A,7.0,14.0,2.0,7.0,7.0,6.0,4.0,4.0,1.0,1.0,1.83,3.75,4.2,1.86,3.82,4.21
2425,2024-09-28,Borussia Monchengladbach,Union Berlin,1,0,H,8.0,9.0,3.0,3.0,2.0,4.0,3.0,1.0,0.0,0.0,2.1,3.5,3.4,2.13,3.54,3.54
2425,2024-09-28,RB Leipzig,FC Augsburg,4,0,H,14.0,7.0,7.0,1.0,8.0,5.0,1.0,2.0,0.0,0.0,1.4,5.25,6.5,1.4,5.4,7.14
2425,2024-09-28,VfL Wolfsburg,VfB Stuttgart,2,2,D,5.0,17.0,2.0,5.0,1.0,3.0,5.0,2.0,0.0,1.0,3.2,3.9,2.05,3.35,3.89,2.09
2425,2024-09-28,Bayern Munich,Bayer Leverkusen,1,1,D,18.0,3.0,3.0,3.0,6.0,1.0,1.0,3.0,0.0,0.0,1.73,4.33,4.2,1.74,4.34,4.36
2425,2024-09-29,TSG Hoffenheim,Werder Bremen,3,4,A,10.0,18.0,5.0,10.0,2.0,6.0,3.0,3.0,1.0,0.0,2.38,3.8,2.7,2.4,3.78,2.84
2425,2024-09-29,Holstein Kiel,Eintracht Frankfurt,2,4,A,10.0,18.0,5.0,10.0,4.0,9.0,1.0,3.0,0.0,0.0,4.2,4.2,1.73,4.5,4.22,1.73
2425,2024-10-04,FC Augsburg,Borussia Monchengladbach,2,1,H,13.0,11.0,5.0,5.0,6.0,5.0,2.0,4.0,0.0,0.0,2.38,3.7,2.7,2.46,3.78,2.81
2425,2024-10-05,VfL Bochum,VfL Wolfsburg,1,3,A,17.0,15.0,5.0,5.0,7.0,6.0,1.0,2.0,0.0,0.0,3.0,3.7,2.2,3.07,3.78,2.25
2425,2024-10-05,Bayer Leverkusen,Holstein Kiel,2,2,D,24.0,8.0,7.0,4.0,12.0,3.0,2.0,2.0,0.0,0.0,1.09,11.0,21.0,1.08,13.45,25.93
2425,2024-10-05,Union Berlin,Borussia Dortmund,2,1,H,13.0,9.0,5.0,5.0,3.0,3.0,4.0,4.0,0.0,0.0,3.3,3.5,2.15,3.43,3.52,2.18
2425,2024-10-05,Werder Bremen,SC Freiburg,0,1,A,11.0,13.0,3.0,3.0,7.0,5.0,1.0,2.0,0.0,0.0,2.6,3.5,2.6,2.67,3.61,2.62
2425,2024-10-05,FC St. Pauli,FSV Mainz 05,0,3,A,17.0,8.0,4.0,4.0,2.0,2.0,0.0,3.0,0.0,0.0,2.4,3.3,2.9,2.46,3.42,2.99
2425,2024-10-06,VfB Stuttgart,TSG Hoffenheim,1,1,D,18.0,7.0,7.0,5.0,10.0,5.0,1.0,4.0,0.0,0.0,1.3,6.0,8.0,1.3,6.4,8.25
2425,2024-10-06,1. FC Heidenheim,RB Leipzig,0,1,A,15.0,12.0,4.0,2.0,3.0,2.0,2.0,2.0,0.0,0.0,4.5,4.33,1.67,4.77,4.18,1.7
2425,2024-10-06,Eintracht Frankfurt,Bayern Munich,3,3,D,5.0,22.0,4.0,13.0,0.0,11.0,1.0,1.0,0.0,0.0,5.5,4.5,1.53,5.72,4.85,1.52
2425,2024-10-18,Borussia Dortmund,FC St. Pauli,2,1,H,20.0,10.0,7.0,3.0,7.0,1.0,2.0,1.0,0.0,0.0,1.3,5.25,9.5,1.31,5.95,10.18
2425,2024-10-19,SC Freiburg,FC Augsburg,3,1,H,15.0,9.0,6.0,3.0,5.0,4.0,1.0,1.0,0.0,0.0,1.73,3.75,4.75,1.74,3.87,4.93
2425,2024-10-19,TSG Hoffenheim,VfL Bochum,3,1,H,12.0,13.0,7.0,4.0,4.0,2.0,1.0,1.0,0.0,0.0,1.7,4.5,4.2,1.7,4.47,4.45
2425,2024-10-19,Bayer Leverkusen,Eintracht Frankfurt,2,1,H,27.0,9.0,9.0,2.0,8.0,3.0,2.0,1.0,0.0,0.0,1.44,4.75,6.5,1.45,5.18,6.35
2425,2024-10-19,FSV Mainz 05,RB Leipzig,0,2,A,16.0,11.0,2.0,5.0,5.0,3.0,1.0,3.0,0.0,0.0,3.9,3.8,1.85,4.27,3.71,1.88
2425,2024-10-19,Borussia Monchengladbach,1. FC Heidenheim,3,2,H,20.0,19.0,10.0,6.0,6.0,3.0,3.0,3.0,0.0,0.0,1.85,3.7,4.1,1.83,3.77,4.44
2425,2024-10-19,Bayern Munich,VfB Stuttgart,4,0,H,22.0,4.0,10.0,1.0,7.0,3.0,0.0,2.0,0.0,0.0,1.36,5.25,7.5,1.36,5.88,7.55
2425,2024-10-20,Holstein Kiel,Union Berlin,0,2,A,12.0,14.0,5.0,4.0,7.0,3.0,2.0,1.0,0.0,0.0,3.5,3.3,2.15,3.48,3.43,2.2
2425,2024-10-20,VfL Wolfsburg,Werder Bremen,2,4,A,14.0,15.0,6.0,7.0,4.0,4.0,1.0,1.0,1.0,0.0,2.1,3.6,3.3,2.09,3.66,3.55
2425,2024-10-25,FSV Mainz 05,Borussia Monchengladbach,1,1,D,23.0,9.0,6.0,5.0,2.0,4.0,3.0,2.0,0.0,0.0,2.3,3.75,2.8,2.39,3.79,2.89
2425,2024-10-26,VfB Stuttgart,Holstein Kiel,2,1,H,16.0,9.0,6.0,3.0,9.0,5.0,3.0,6.0,1.0,1.0,1.22,7.5,9.5,1.23,7.21,11.08
2425,2024-10-26,FC Augsburg,Borussia Dortmund,2,1,H,12.0,11.0,4.0,4.0,3.0,5.0,3.0,3.0,0.0,1.0,3.6,4.0,1.9,3.83,3.92,1.93
2425,2024-10-26,RB Leipzig,SC Freiburg,3,1,H,12.0,15.0,9.0,5.0,3.0,3.0,3.0,2.0,0.0,0.0,1.73,4.1,4.5,1.75,4.11,4.55
2425,2024-10-26,FC St. Pauli,VfL Wolfsburg,0,0,D,14.0,10.0,5.0,4.0,7.0,6.0,0.0,3.0,0.0,0.0,2.55,3.5,2.63,2.66,3.47,2.71
2425,2024-10-26,Werder Bremen,Bayer Leverkusen,2,2,D,13.0,15.0,8.0,6.0,3.0,5.0,1.0,1.0,0.0,0.0,5.25,5.0,1.5,5.84,4.9,1.51
2425,2024-10-27,Union Berlin,Eintracht Frankfurt,1,1,D,13.0,17.0,4.0,5.0,4.0,5.0,5.0,3.0,0.0,1.0,2.55,3.3,2.75,2.63,3.32,2.84
2425,2024-10-27,VfL Bochum,Bayern Munich,0,5,A,6.0,17.0,2.0,9.0,2.0,5.0,1.0,1.0,0.0,0.0,12.0,9.5,1.17,14.33,9.86,1.15
2425,2024-10-27,1. FC Heidenheim,TSG Hoffenheim,0,0,D,17.0,12.0,3.0,4.0,7.0,3.0,1.0,2.0,0.0,0.0,2.25,3.5,3.1,2.32,3.68,3.03
2425,2024-11-01,Bayer Leverkusen,VfB Stuttgart,0,0,D,19.0,4.0,5.0,1.0,10.0,2.0,3.0,4.0,0.0,0.0,1.55,4.75,5.25,1.57,4.87,5.29
2425,2024-11-02,Bayern Munich,Union Berlin,3,0,H,16.0,8.0,7.0,1.0,7.0,4.0,0.0,2.0,0.0,0.0,1.18,7.5,13.0,1.17,8.24,15.58
2425,2024-11-02,Eintracht Frankfurt,VfL Bochum,7,2,H,18.0,11.0,9.0,8.0,5.0,2.0,1.0,2.0,0.0,0.0,1.33,5.75,7.5,1.34,6.0,7.96
2425,2024-11-02,TSG Hoffenheim,FC St. Pauli,0,2,A,12.0,7.0,6.0,3.0,7.0,2.0,0.0,2.0,0.0,0.0,1.83,3.8,4.0,1.88,3.9,4.02
2425,2024-11-02,Holstein Kiel,1. FC Heidenheim,1,0,H,11.0,17.0,6.0,4.0,5.0,6.0,4.0,5.0,0.0,0.0,2.7,3.5,2.45,2.82,3.52,2.54
2425,2024-11-02,VfL Wolfsburg,FC Augsburg,1,1,D,18.0,3.0,6.0,1.0,8.0,1.0,1.0,3.0,0.0,0.0,2.0,3.75,3.5,2.01,3.86,3.59
2425,2024-11-02,Borussia Dortmund,RB Leipzig,2,1,H,19.0,7.0,7.0,3.0,4.0,0.0,3.0,4.0,0.0,0.0,2.2,3.8,3.0,2.25,3.69,3.15
2425,2024-11-03,SC Freiburg,FSV Mainz 05,0,0,D,10.0,9.0,2.0,2.0,8.0,4.0,1.0,2.0,0.0,0.0,1.7,3.9,4.75,1.7,3.9,5.21
2425,2024-11-03,Borussia Monchengladbach,Werder Bremen,4,1,H,16.0,15.0,8.0,5.0,7.0,7.0,1.0,4.0,0.0,1.0,2.1,3.8,3.2,2.14,3.89,3.22
2425,2024-11-08,Union Berlin,SC Freiburg,0,0,D,12.0,14.0,6.0,4.0,4.0,1.0,2.0,0.0,0.0,0.0,2.45,3.25,2.9,2.55,3.19,3.11
2425,2024-11-09,RB Leipzig,Borussia Monchengladbach,0,0,D,11.0,14.0,4.0,4.0,8.0,4.0,2.0,2.0,0.0,0.0,1.57,4.33,5.25,1.6,4.67,5.11
2425,2024-11-09,Werder Bremen,Holstein Kiel,2,1,H,16.0,12.0,5.0,5.0,6.0,3.0,3.0,2.0,0.0,0.0,1.62,4.33,4.75,1.64,4.29,5.15
2425,2024-11-09,FSV Mainz 05,Borussia Dortmund,3,1,H,13.0,2.0,9.0,1.0,8.0,0.0,3.0,1.0,0.0,1.0,3.5,3.6,2.0,3.48,3.74,2.08
2425,2024-11-09,VfL Bochum,Bayer Leverkusen,1,1,D,15.0,11.0,3.0,3.0,6.0,4.0,0.0,1.0,0.0,0.0,9.5,6.5,1.27,10.94,6.8,1.24
2425,2024-11-09,FC St. Pauli,Bayern Munich,0,1,A,3.0,13.0,0.0,6.0,5.0,10.0,2.0,2.0,0.0,0.0,9.0,7.0,1.25,12.45,7.14,1.22
2425,2024-11-10,FC Augsburg,TSG Hoffenheim,0,0,D,16.0,11.0,4.0,2.0,10.0,6.0,2.0,3.0,0.0,0.0,2.05,3.75,3.25,2.11,3.85,3.33
2425,2024-11-10,VfB Stuttgart,Eintracht Frankfurt,2,3,A,22.0,8.0,11.0,5.0,8.0,3.0,2.0,3.0,0.0,0.0,1.9,4.0,3.7,1.93,4.05,3.72
2425,2024-11-10,1. FC Heidenheim,VfL Wolfsburg,1,3,A,19.0,13.0,4.0,6.0,5.0,5.0,1.0,6.0,0.0,0.0,2.75,3.4,2.45,2.91,3.27,2.61
2425,2024-11-22,Bayern Munich,FC Augsburg,3,0,H,33.0,2.0,14.0,1.0,8.0,0.0,0.0,2.0,0.0,1.0,1.13,10.0,15.0,1.12,11.15,21.63
2425,2024-11-23,VfL Wolfsburg,Union Berlin,1,0,H,10.0,11.0,5.0,4.0,8.0,5.0,1.0,2.0,0.0,0.0,2.3,3.3,3.2,2.37,3.28,3.27
2425,2024-11-23,Eintracht Frankfurt,Werder Bremen,1,0,H,15.0,8.0,5.0,1.0,5.0,6.0,2.0,2.0,0.0,0.0,1.7,4.1,4.5,1.71,4.24,4.59
2425,2024-11-23,VfB Stuttgart,VfL Bochum,2,0,H,15.0,9.0,5.0,2.0,7.0,4.0,2.0,3.0,0.0,0.0,1.29,6.0,9.0,1.33,6.24,7.44
2425,2024-11-23,TSG Hoffenheim,RB Leipzig,4,3,H,20.0,14.0,7.0,6.0,4.0,3.0,2.0,1.0,0.0,0.0,3.4,3.5,2.1,3.49,3.7,2.09
2425,2024-11-23,Borussia Dortmund,SC Freiburg,4,0,H,19.0,7.0,7.0,3.0,7.0,0.0,1.0,2.0,0.0,2.0,1.67,4.2,4.5,1.69,4.18,4.86
2425,2024-11-23,Bayer Leverkusen,1. FC Heidenheim,5,2,H,20.0,6.0,10.0,3.0,6.0,0.0,0.0,0.0,0.0,0.0,1.2,6.5,15.0,1.19,8.07,13.4
2425,2024-11-24,Holstein Kiel,FSV Mainz 05,0,3,A,7.0,18.0,2.0,7.0,2.0,6.0,1.0,0.0,0.0,0.0,3.1,3.4,2.3,3.15,3.49,2.33
2425,2024-11-24,Borussia Monchengladbach,FC St. Pauli,2,0,H,15.0,15.0,4.0,3.0,5.0,4.0,1.0,0.0,0.0,0.0,1.8,3.8,4.2,1.83,3.77,4.49
2425,2024-11-29,FC St. Pauli,Holstein Kiel,3,1,H,11.0,10.0,4.0,3.0,4.0,4.0,2.0,5.0,0.0,0.0,1.67,3.75,5.25,1.71,3.83,5.22
2425,2024-11-30,Union Berlin,Bayer Leverkusen,1,2,A,8.0,8.0,2.0,3.0,1.0,3.0,4.0,2.0,0.0,0.0,4.75,3.7,1.75,4.72,3.84,1.78
2425,2024-11-30,FC Augsburg,VfL Bochum,1,0,H,16.0,7.0,4.0,1.0,6.0,1.0,3.0,3.0,0.0,0.0,1.73,4.0,4.5,1.72,3.99,4.88
2425,2024-11-30,SC Freiburg,Borussia Monchengladbach,3,1,H,17.0,15.0,7.0,4.0,4.0,6.0,1.0,1.0,0.0,0.0,1.95,3.8,3.6,2.01,3.78,3.69
2425,2024-11-30,RB Leipzig,VfL Wolfsburg,1,5,A,9.0,13.0,4.0,8.0,7.0,3.0,2.0,1.0,0.0,0.0,1.7,4.0,4.75,1.7,4.17,4.8
2425,2024-11-30,Werder Bremen,VfB Stuttgart,2,2,D,20.0,10.0,6.0,4.0,11.0,2.0,1.0,1.0,0.0,0.0,3.0,3.75,2.2,3.02,3.75,2.3
2425,2024-11-30,Borussia Dortmund,Bayern Munich,1,1,D,7.0,14.0,2.0,5.0,2.0,3.0,2.0,2.0,0.0,0.0,4.75,4.1,1.67,4.67,4.38,1.68
2425,2024-12-01,FSV Mainz 05,TSG Hoffenheim,2,0,H,18.0,10.0,8.0,2.0,8.0,3.0,1.0,3.0,0.0,0.0,2.1,3.4,3.5,2.08,3.7,3.53
2425,2024-12-01,1. FC Heidenheim,Eintracht Frankfurt,0,4,A,8.0,14.0,1.0,8.0,6.0,5.0,0.0,2.0,0.0,0.0,3.7,3.7,1.95,3.85,3.73,1.97
2425,2024-12-06,VfB Stuttgart,Union Berlin,3,2,H,7.0,14.0,5.0,3.0,1.0,6.0,1.0,6.0,0.0,0.0,1.8,3.6,4.5,1.84,3.61,4.78
2425,2024-12-07,Bayer Leverkusen,FC St. Pauli,2,1,H,6.0,12.0,2.0,4.0,7.0,4.0,1.0,3.0,0.0,0.0,1.25,6.5,10.0,1.24,6.76,11.47
2425,2024-12-07,Borussia Monchengladbach,Borussia Dortmund,1,1,D,9.0,16.0,3.0,3.0,7.0,4.0,3.0,2.0,1.0,0.0,3.2,3.75,2.1,3.24,3.87,2.14
2425,2024-12-07,Holstein Kiel,RB Leipzig,0,2,A,17.0,9.0,5.0,5.0,6.0,1.0,4.0,3.0,0.0,0.0,5.75,4.2,1.57,5.49,4.42,1.59
2425,2024-12-07,Eintracht Frankfurt,FC Augsburg,2,2,D,16.0,8.0,4.0,3.0,4.0,0.0,2.0,2.0,0.0,0.0,1.53,4.1,6.25,1.56,4.43,5.91
2425,2024-12-07,VfL Bochum,Werder Bremen,0,1,A,12.0,9.0,2.0,1.0,9.0,5.0,1.0,1.0,0.0,0.0,3.2,3.5,2.2,3.21,3.59,2.25
2425,2024-12-07,Bayern Munich,1. FC Heidenheim,4,2,H,21.0,2.0,10.0,2.0,8.0,0.0,1.0,0.0,0.0,0.0,1.1,11.0,19.0,1.09,14.33,22.78
2425,2024-12-08,VfL Wolfsburg,FSV Mainz 05,4,3,H,10.0,12.0,5.0,5.0,3.0,5.0,3.0,4.0,0.0,0.0,2.15,3.3,3.5,2.15,3.34,3.5
2425,2024-12-08,TSG Hoffenheim,SC Freiburg,1,1,D,15.0,11.0,5.0,4.0,6.0,1.0,1.0,1.0,0.0,0.0,2.7,3.4,2.55,2.73,3.45,2.54
2425,2024-12-13,SC Freiburg,VfL Wolfsburg,3,2,H,18.0,20.0,9.0,5.0,5.0,6.0,4.0,1.0,0.0,0.0,2.2,3.3,3.3,2.26,3.45,3.38
2425,2024-12-14,FC Augsburg,Bayer Leverkusen,0,2,A,8.0,14.0,4.0,3.0,4.0,9.0,3.0,0.0,0.0,0.0,5.75,4.0,1.57,5.59,4.28,1.6
2425,2024-12-14,FSV Mainz 05,Bayern Munich,2,1,H,8.0,13.0,4.0,1.0,3.0,2.0,3.0,2.0,0.0,0.0,6.5,4.5,1.48,6.86,4.87,1.46
2425,2024-12-14,Borussia Monchengladbach,Holstein Kiel,4,1,H,15.0,11.0,6.0,3.0,5.0,2.0,1.0,1.0,0.0,0.0,1.44,4.75,6.5,1.46,4.89,6.75
2425,2024-12-14,Union Berlin,VfL Bochum,0,2,A,,,,,,,,,,,1.6,3.8,6.0,1.6,4.01,6.13
2425,2024-12-14,FC St. Pauli,Werder Bremen,0,2,A,15.0,8.0,4.0,4.0,4.0,5.0,2.0,3.0,0.0,0.0,2.63,3.4,2.63,2.69,3.36,2.75
2425,2024-12-15,1. FC Heidenheim,VfB Stuttgart,1,3,A,9.0,18.0,2.0,7.0,9.0,6.0,4.0,3.0,0.0,0.0,4.0,4.0,1.8,4.27,3.93,1.83
2425,2024-12-15,Borussia Dortmund,TSG Hoffenheim,1,1,D,6.0,12.0,2.0,1.0,3.0,9.0,5.0,2.0,0.0,0.0,1.44,5.0,6.0,1.45,5.13,6.46
2425,2024-12-15,RB Leipzig,Eintracht Frankfurt,2,1,H,19.0,16.0,9.0,3.0,6.0,7.0,1.0,3.0,0.0,0.0,2.05,4.0,3.2,2.11,3.92,3.29
2425,2024-12-20,Bayern Munich,RB Leipzig,5,1,H,22.0,4.0,9.0,1.0,8.0,1.0,5.0,2.0,0.0,0.0,1.2,7.5,11.0,1.21,7.48,13.15
2425,2024-12-21,Bayer Leverkusen,SC Freiburg,5,1,H,20.0,8.0,12.0,2.0,4.0,2.0,1.0,2.0,0.0,0.0,1.38,5.0,7.5,1.37,5.33,8.23
2425,2024-12-21,VfB Stuttgart,FC St. Pauli,0,1,A,25.0,11.0,5.0,5.0,9.0,1.0,2.0,2.0,0.0,0.0,1.45,4.75,6.5,1.47,4.73,6.93
2425,2024-12-21,Werder Bremen,Union Berlin,4,1,H,11.0,16.0,6.0,4.0,4.0,9.0,2.0,2.0,0.0,0.0,2.05,3.3,3.75,2.11,3.38,3.78
2425,2024-12-21,TSG Hoffenheim,Borussia Monchengladbach,1,2,A,18.0,5.0,8.0,3.0,8.0,4.0,0.0,0.0,0.0,0.0,2.3,3.6,2.9,2.4,3.66,2.91
2425,2024-12-21,Eintracht Frankfurt,FSV Mainz 05,1,3,A,34.0,9.0,9.0,3.0,17.0,2.0,1.0,1.0,0.0,1.0,1.83,4.0,3.9,1.85,4.02,4.05
2425,2024-12-21,Holstein Kiel,FC Augsburg,5,1,H,8.0,17.0,6.0,4.0,3.0,8.0,0.0,4.0,0.0,0.0,3.0,3.4,2.35,3.17,3.25,2.44
2425,2024-12-22,VfL Bochum,1. FC Heidenheim,2,0,H,14.0,10.0,4.0,2.0,5.0,2.0,2.0,7.0,0.0,0.0,2.3,3.5,3.0,2.35,3.55,3.07
2425,2024-12-22,VfL Wolfsburg,Borussia Dortmund,1,3,A,14.0,12.0,5.0,4.0,10.0,4.0,3.0,2.0,0.0,1.0,3.1,3.6,2.2,3.09,3.65,2.29
2425,2025-01-10,Borussia Dortmund,Bayer Leverkusen,2,3,A,12.0,7.0,5.0,5.0,6.0,1.0,1.0,2.0,0.0,0.0,2.7,3.6,2.45,2.92,3.6,2.43
2425,2025-01-11,Borussia Monchengladbach,Bayern Munich,0,1,A,5.0,23.0,0.0,10.0,4.0,10.0,3.0,1.0,0.0,0.0,7.0,5.0,1.4,7.2,5.47,1.4
2425,2025-01-11,FC St. Pauli,Eintracht Frankfurt,0,1,A,18.0,14.0,4.0,6.0,3.0,3.0,0.0,3.0,0.0,0.0,3.7,3.5,2.05,3.8,3.4,2.1
2425,2025-01-11,FSV Mainz 05,VfL Bochum,2,0,H,10.0,11.0,5.0,2.0,5.0,6.0,0.0,2.0,0.0,0.0,1.53,4.33,5.75,1.57,4.38,5.81
2425,2025-01-11,1. FC Heidenheim,Union Berlin,2,0,H,16.0,10.0,9.0,6.0,5.0,4.0,0.0,1.0,0.0,1.0,3.1,3.3,2.3,3.24,3.29,2.38
2425,2025-01-11,SC Freiburg,Holstein Kiel,3,2,H,14.0,14.0,5.0,7.0,7.0,1.0,2.0,3.0,0.0,0.0,1.4,4.75,7.5,1.4,5.21,7.67
2425,2025-01-11,TSG Hoffenheim,VfL Wolfsburg,0,1,A,15.0,12.0,2.0,3.0,4.0,8.0,1.0,2.0,0.0,0.0,2.35,3.6,2.88,2.44,3.45,3.0
2425,2025-01-12,RB Leipzig,Werder Bremen,4,2,H,18.0,7.0,7.0,2.0,4.0,1.0,1.0,1.0,0.0,0.0,1.75,4.0,4.2,1.76,4.18,4.34
2425,2025-01-12,FC Augsburg,VfB Stuttgart,0,1,A,8.0,13.0,2.0,5.0,3.0,9.0,5.0,1.0,0.0,0.0,3.6,3.6,2.0,3.76,3.71,2.0
2425,2025-01-14,Holstein Kiel,Borussia Dortmund,4,2,H,11.0,16.0,7.0,4.0,1.0,9.0,2.0,2.0,1.0,0.0,5.25,4.5,1.55,5.52,4.77,1.56
2425,2025-01-14,Eintracht Frankfurt,SC Freiburg,4,1,H,23.0,7.0,8.0,5.0,8.0,1.0,1.0,1.0,0.0,0.0,1.7,4.2,4.33,1.72,4.19,4.77
2425,2025-01-14,Bayer Leverkusen,FSV Mainz 05,1,0,H,20.0,7.0,9.0,4.0,8.0,4.0,2.0,3.0,0.0,0.0,1.36,5.25,7.5,1.38,5.26,8.51
2425,2025-01-14,VfL Wolfsburg,Borussia Monchengladbach,5,1,H,16.0,9.0,5.0,5.0,4.0,7.0,1.0,0.0,0.0,0.0,1.91,3.8,3.75,1.95,3.86,3.87
2425,2025-01-15,Werder Bremen,1. FC Heidenheim,3,3,D,12.0,14.0,5.0,5.0,4.0,2.0,5.0,3.0,0.0,0.0,1.6,4.2,4.75,1.64,4.42,4.97
2425,2025-01-15,Union Berlin,FC Augsburg,0,2,A,13.0,11.0,2.0,5.0,7.0,4.0,1.0,2.0,0.0,0.0,1.83,3.5,4.5,1.84,3.56,4.74
2425,2025-01-15,VfL Bochum,FC St. Pauli,1,0,H,13.0,12.0,5.0,1.0,6.0,7.0,1.0,3.0,0.0,1.0,2.6,3.25,2.75,2.64,3.28,2.87
2425,2025-01-15,Bayern Munich,TSG Hoffenheim,5,0,H,25.0,5.0,10.0,2.0,13.0,1.0,1.0,1.0,0.0,0.0,1.13,9.0,17.0,1.12,11.23,17.9
2425,2025-01-15,VfB Stuttgart,RB Leipzig,2,1,H,14.0,6.0,6.0,3.0,5.0,0.0,2.0,7.0,0.0,2.0,1.95,3.9,3.4,2.01,3.81,3.63
2425,2025-01-17,Eintracht Frankfurt,Borussia Dortmund,2,0,H,13.0,12.0,5.0,3.0,5.0,7.0,0.0,2.0,0.0,0.0,2.55,3.6,2.63,2.61,3.64,2.71
2425,2025-01-18,Bayern Munich,VfL Wolfsburg,3,2,H,25.0,7.0,10.0,3.0,6.0,2.0,2.0,3.0,0.0,0.0,1.17,7.5,15.0,1.17,8.66,14.14
2425,2025-01-18,VfL Bochum,RB Leipzig,3,3,D,14.0,11.0,3.0,3.0,6.0,3.0,4.0,0.0,0.0,0.0,3.7,3.6,2.0,3.71,3.75,2.01
2425,2025-01-18,1. FC Heidenheim,FC St. Pauli,0,2,A,8.0,7.0,1.0,4.0,4.0,4.0,1.0,2.0,0.0,0.0,2.38,3.5,2.8,2.43,3.5,2.97
2425,2025-01-18,Holstein Kiel,TSG Hoffenheim,1,3,A,12.0,11.0,3.0,6.0,4.0,3.0,2.0,1.0,0.0,0.0,3.0,3.4,2.35,2.94,3.63,2.39
2425,2025-01-18,VfB Stuttgart,SC Freiburg,4,0,H,12.0,4.0,7.0,0.0,4.0,1.0,5.0,3.0,0.0,0.0,1.65,4.5,4.5,1.67,4.39,4.78
2425,2025-01-18,Bayer Leverkusen,Borussia Monchengladbach,3,1,H,10.0,7.0,5.0,4.0,7.0,6.0,0.0,2.0,0.0,0.0,1.27,5.75,11.0,1.27,6.29,9.26
2425,2025-01-19,Werder Bremen,FC Augsburg,0,2,A,20.0,9.0,2.0,4.0,6.0,2.0,1.0,2.0,0.0,0.0,1.85,3.8,4.0,1.88,3.79,4.19
2425,2025-01-19,Union Berlin,FSV Mainz 05,2,1,H,12.0,9.0,4.0,1.0,2.0,2.0,2.0,2.0,0.0,0.0,2.55,3.2,2.88,2.63,3.2,2.94
2425,2025-01-24,VfL Wolfsburg,Holstein Kiel,2,2,D,22.0,5.0,5.0,2.0,10.0,3.0,2.0,4.0,0.0,0.0,1.42,5.0,7.0,1.44,5.08,7.11
2425,2025-01-25,FC Augsburg,1. FC Heidenheim,2,1,H,11.0,11.0,7.0,6.0,6.0,4.0,1.0,0.0,0.0,0.0,1.82,3.6,4.0,1.91,3.65,4.22
2425,2025-01-25,Borussia Dortmund,Werder Bremen,2,2,D,8.0,13.0,4.0,4.0,5.0,5.0,1.0,4.0,1.0,0.0,1.62,4.33,4.75,1.63,4.44,5.03
2425,2025-01-25,SC Freiburg,Bayern Munich,1,2,A,7.0,7.0,2.0,3.0,2.0,4.0,4.0,2.0,0.0,0.0,7.5,5.75,1.33,8.98,5.78,1.33
2425,2025-01-25,FSV Mainz 05,VfB Stuttgart,2,0,H,11.0,10.0,4.0,5.0,9.0,2.0,4.0,3.0,0.0,0.0,2.8,3.5,2.45,2.88,3.55,2.47
2425,2025-01-25,RB Leipzig,Bayer Leverkusen,2,2,D,8.0,13.0,4.0,7.0,7.0,3.0,0.0,0.0,0.0,0.0,3.7,3.9,1.9,3.79,4.03,1.92
2425,2025-01-25,Borussia Monchengladbach,VfL Bochum,3,0,H,16.0,10.0,6.0,4.0,8.0,7.0,1.0,3.0,0.0,0.0,1.73,4.0,4.5,1.72,4.12,4.66
2425,2025-01-26,FC St. Pauli,Union Berlin,3,0,H,16.0,14.0,5.0,2.0,5.0,7.0,0.0,3.0,0.0,0.0,2.55,3.1,3.0,2.53,3.15,3.12
2425,2025-01-26,TSG Hoffenheim,Eintracht Frankfurt,2,2,D,24.0,12.0,8.0,7.0,9.0,3.0,3.0,0.0,0.0,0.0,3.1,3.6,2.2,3.16,3.58,2.29
2425,2025-01-31,Werder Bremen,FSV Mainz 05,1,0,H,12.0,13.0,5.0,2.0,3.0,8.0,8.0,4.0,3.0,0.0,2.25,3.3,3.2,2.35,3.46,3.19
2425,2025-02-01,Bayern Munich,Holstein Kiel,4,3,H,29.0,10.0,12.0,6.0,12.0,1.0,1.0,1.0,0.0,0.0,1.05,17.0,26.0,1.05,17.7,41.8
2425,2025-02-01,VfL Bochum,SC Freiburg,0,1,A,22.0,13.0,4.0,5.0,9.0,7.0,3.0,2.0,0.0,0.0,2.8,3.4,2.5,2.88,3.42,2.54
2425,2025-02-01,1. FC Heidenheim,Borussia Dortmund,1,2,A,11.0,16.0,5.0,5.0,4.0,5.0,0.0,0.0,0.0,0.0,4.33,3.9,1.75,4.49,4.04,1.76
2425,2025-02-01,FC St. Pauli,FC Augsburg,1,1,D,5.0,2.0,1.0,1.0,3.0,1.0,1.0,3.0,0.0,0.0,2.35,3.3,3.1,2.38,3.2,3.32
2425,2025-02-01,VfB Stuttgart,Borussia Monchengladbach,1,2,A,10.0,12.0,3.0,6.0,2.0,0.0,2.0,2.0,0.0,0.0,1.57,4.5,5.0,1.58,4.65,5.2
2425,2025-02-01,Union Berlin,RB Leipzig,0,0,D,21.0,6.0,6.0,2.0,4.0,5.0,3.0,2.0,0.0,0.0,3.1,3.5,2.25,3.2,3.52,2.29
2425,2025-02-02,Bayer Leverkusen,TSG Hoffenheim,3,1,H,9.0,16.0,5.0,7.0,3.0,3.0,4.0,3.0,1.0,0.0,1.25,7.0,9.5,1.23,7.29,10.7
2425,2025-02-02,Eintracht Frankfurt,VfL Wolfsburg,1,1,D,16.0,11.0,4.0,2.0,9.0,1.0,1.0,3.0,0.0,0.0,1.95,3.8,3.6,1.99,3.8,3.72
2425,2025-02-07,Bayern Munich,Werder Bremen,3,0,H,21.0,2.0,12.0,0.0,5.0,2.0,1.0,3.0,0.0,0.0,1.1,11.0,17.0,1.09,12.89,20.27
2425,2025-02-08,Borussia Monchengladbach,Eintracht Frankfurt,1,1,D,8.0,15.0,3.0,7.0,6.0,1.0,3.0,3.0,0.0,0.0,2.63,3.5,2.55,2.62,3.7,2.63
2425,2025-02-08,Borussia Dortmund,VfB Stuttgart,1,2,A,16.0,4.0,5.0,2.0,9.0,4.0,5.0,2.0,1.0,0.0,1.85,3.8,3.9,1.88,3.93,3.98
2425,2025-02-08,SC Freiburg,1. FC Heidenheim,1,0,H,9.0,11.0,3.0,5.0,6.0,3.0,3.0,1.0,0.0,0.0,1.7,3.75,4.75,1.74,3.99,4.77
2425,2025-02-08,TSG Hoffenheim,Union Berlin,0,4,A,16.0,22.0,4.0,7.0,8.0,4.0,2.0,1.0,0.0,0.0,2.2,3.5,3.2,2.26,3.6,3.2
2425,2025-02-08,FSV Mainz 05,FC Augsburg,0,0,D,9.0,9.0,5.0,2.0,1.0,3.0,3.0,3.0,0.0,0.0,1.75,3.5,5.0,1.78,3.72,4.88
2425,2025-02-08,VfL Wolfsburg,Bayer Leverkusen,0,0,D,13.0,15.0,8.0,1.0,3.0,9.0,2.0,3.0,0.0,0.0,4.33,3.6,1.8,4.3,3.86,1.84
2425,2025-02-09,RB Leipzig,FC St. Pauli,2,0,H,11.0,7.0,6.0,4.0,5.0,4.0,2.0,2.0,1.0,0.0,1.57,4.2,5.25,1.57,4.39,5.81
2425,2025-02-09,Holstein Kiel,VfL Bochum,2,2,D,10.0,21.0,3.0,6.0,3.0,5.0,2.0,2.0,0.0,0.0,2.25,3.5,3.0,2.31,3.54,3.15
2425,2025-02-14,FC Augsburg,RB Leipzig,0,0,D,11.0,14.0,2.0,4.0,8.0,9.0,2.0,1.0,0.0,0.0,2.9,3.3,2.4,3.02,3.41,2.48
2425,2025-02-15,VfL Bochum,Borussia Dortmund,2,0,H,18.0,17.0,9.0,2.0,2.0,8.0,1.0,0.0,0.0,0.0,5.0,3.9,1.67,4.98,4.27,1.66
2425,2025-02-15,FC St. Pauli,SC Freiburg,0,1,A,5.0,6.0,1.0,4.0,2.0,6.0,1.0,0.0,0.0,0.0,2.5,3.25,2.88,2.6,3.25,2.94
2425,2025-02-15,VfB Stuttgart,VfL Wolfsburg,1,2,A,10.0,7.0,4.0,3.0,7.0,5.0,3.0,4.0,0.0,0.0,1.73,4.2,4.2,1.76,4.24,4.32
2425,2025-02-15,Union Berlin,Borussia Monchengladbach,1,2,A,18.0,9.0,3.0,5.0,4.0,5.0,0.0,1.0,0.0,0.0,2.2,3.5,3.1,2.28,3.57,3.18
2425,2025-02-15,Bayer Leverkusen,Bayern Munich,0,0,D,15.0,2.0,3.0,0.0,6.0,0.0,2.0,3.0,0.0,0.0,2.9,3.7,2.25,3.08,3.71,2.27
2425,2025-02-16,Werder Bremen,TSG Hoffenheim,1,3,A,14.0,16.0,1.0,7.0,6.0,4.0,2.0,3.0,0.0,0.0,1.85,3.8,3.9,1.9,4.04,3.8
2425,2025-02-16,Eintracht Frankfurt,Holstein Kiel,3,1,H,20.0,10.0,9.0,4.0,4.0,6.0,2.0,0.0,0.0,0.0,1.33,5.75,7.5,1.34,5.94,8.04
2425,2025-02-16,1. FC Heidenheim,FSV Mainz 05,0,2,A,12.0,6.0,3.0,5.0,8.0,4.0,1.0,3.0,0.0,0.0,3.6,3.5,2.05,3.69,3.53,2.08
2425,2025-02-21,SC Freiburg,Werder Bremen,5,0,H,13.0,9.0,8.0,3.0,3.0,7.0,3.0,0.0,0.0,0.0,2.0,3.5,3.75,2.09,3.45,3.84
2425,2025-02-22,Holstein Kiel,Bayer Leverkusen,0,2,A,4.0,18.0,3.0,8.0,5.0,11.0,4.0,1.0,0.0,0.0,11.0,6.0,1.25,10.87,6.67,1.25
2425,2025-02-22,FSV Mainz 05,FC St. Pauli,2,0,H,10.0,12.0,5.0,0.0,6.0,5.0,3.0,3.0,0.0,0.0,1.8,3.5,4.75,1.79,3.66,4.88
2425,2025-02-22,Borussia Monchengladbach,FC Augsburg,0,3,A,8.0,17.0,5.0,4.0,2.0,4.0,3.0,2.0,1.0,0.0,1.85,3.75,4.0,1.83,3.82,4.4
2425,2025-02-22,VfL Wolfsburg,VfL Bochum,1,1,D,13.0,11.0,6.0,5.0,3.0,5.0,2.0,3.0,0.0,0.0,1.53,4.2,6.0,1.56,4.53,5.71
2425,2025-02-22,Borussia Dortmund,Union Berlin,6,0,H,24.0,6.0,8.0,1.0,5.0,3.0,2.0,2.0,0.0,0.0,1.53,4.5,5.5,1.57,4.52,5.55
2425,2025-02-23,Bayern Munich,Eintracht Frankfurt,4,0,H,19.0,7.0,12.0,2.0,4.0,1.0,1.0,1.0,0.0,0.0,1.3,6.5,7.5,1.3,6.5,8.28
2425,2025-02-23,TSG Hoffenheim,VfB Stuttgart,1,1,D,9.0,14.0,2.0,7.0,4.0,8.0,0.0,0.0,0.0,0.0,3.5,3.9,1.95,3.63,3.96,1.97
2425,2025-02-23,RB Leipzig,1. FC Heidenheim,2,2,D,17.0,4.0,6.0,2.0,7.0,4.0,3.0,3.0,0.0,0.0,1.33,5.0,8.5,1.35,5.61,8.22
2425,2025-02-28,VfB Stuttgart,Bayern Munich,1,3,A,12.0,17.0,3.0,8.0,4.0,6.0,5.0,3.0,0.0,0.0,4.75,4.2,1.65,4.94,4.37,1.67
2425,2025-03-01,VfL Bochum,TSG Hoffenheim,0,1,A,12.0,10.0,3.0,2.0,8.0,5.0,0.0,1.0,0.0,0.0,2.4,3.6,2.8,2.47,3.56,2.88
2425,2025-03-01,1. FC Heidenheim,Borussia Monchengladbach,0,3,A,20.0,13.0,5.0,5.0,6.0,2.0,2.0,3.0,0.0,0.0,3.1,3.5,2.25,3.1,3.62,2.3
2425,2025-03-01,RB Leipzig,FSV Mainz 05,1,2,A,13.0,15.0,4.0,3.0,7.0,1.0,1.0,1.0,0.0,0.0,1.95,3.7,3.75,2.02,3.76,3.66
2425,2025-03-01,FC St. Pauli,Borussia Dortmund,0,2,A,7.0,14.0,1.0,3.0,7.0,1.0,1.0,2.0,0.0,0.0,4.1,3.8,1.83,4.31,3.73,1.87
2425,2025-03-01,Werder Bremen,VfL Wolfsburg,1,2,A,15.0,9.0,7.0,3.0,8.0,2.0,2.0,0.0,0.0,0.0,2.63,3.4,2.6,2.72,3.55,2.61
2425,2025-03-01,Eintracht Frankfurt,Bayer Leverkusen,1,4,A,7.0,20.0,3.0,9.0,2.0,6.0,1.0,1.0,0.0,0.0,4.75,3.75,1.73,4.72,3.92,1.76
2425,2025-03-02,FC Augsburg,SC Freiburg,0,0,D,13.0,7.0,5.0,3.0,5.0,2.0,1.0,1.0,0.0,0.0,2.63,3.25,2.7,2.71,3.13,2.91
2425,2025-03-02,Union Berlin,Holstein Kiel,0,1,A,14.0,10.0,3.0,3.0,11.0,3.0,4.0,0.0,0.0,0.0,1.57,4.33,5.25,1.62,4.25,5.45
2425,2025-03-07,Borussia Monchengladbach,FSV Mainz 05,1,3,A,12.0,16.0,4.0,8.0,4.0,3.0,0.0,1.0,0.0,0.0,2.6,3.3,2.7,2.65,3.43,2.74
2425,2025-03-08,Bayern Munich,VfL Bochum,2,3,A,14.0,8.0,5.0,5.0,9.0,3.0,0.0,6.0,1.0,0.0,1.11,9.5,19.0,1.11,12.4,17.74
2425,2025-03-08,Borussia Dortmund,FC Augsburg,0,1,A,14.0,6.0,1.0,1.0,12.0,3.0,1.0,4.0,0.0,0.0,1.53,4.33,5.75,1.55,4.42,6.05
2425,2025-03-08,Holstein Kiel,VfB Stuttgart,2,2,D,17.0,5.0,5.0,2.0,3.0,1.0,1.0,2.0,1.0,0.0,5.75,4.33,1.53,5.89,4.71,1.52
2425,2025-03-08,Bayer Leverkusen,Werder Bremen,0,2,A,18.0,11.0,4.0,7.0,10.0,3.0,4.0,4.0,0.0,0.0,1.27,5.75,11.0,1.27,6.39,10.17
2425,2025-03-08,VfL Wolfsburg,FC St. Pauli,1,1,D,16.0,14.0,4.0,4.0,6.0,6.0,1.0,0.0,0.0,0.0,1.75,3.5,5.0,1.78,3.75,4.85
2425,2025-03-08,SC Freiburg,RB Leipzig,0,0,D,10.0,18.0,2.0,3.0,2.0,6.0,0.0,3.0,0.0,0.0,2.55,3.3,2.7,2.66,3.32,2.81
2425,2025-03-09,Eintracht Frankfurt,Union Berlin,1,2,A,14.0,11.0,3.0,3.0,1.0,5.0,3.0,0.0,0.0,0.0,1.73,4.0,4.5,1.77,4.13,4.39
2425,2025-03-09,TSG Hoffenheim,1. FC Heidenheim,1,1,D,16.0,23.0,3.0,5.0,6.0,4.0,2.0,3.0,0.0,0.0,1.75,4.0,4.33,1.78,4.03,4.41
2425,2025-03-14,FC St. Pauli,TSG Hoffenheim,1,0,H,10.0,4.0,5.0,0.0,11.0,2.0,0.0,1.0,0.0,0.0,2.25,3.25,3.3,2.31,3.3,3.37
2425,2025-03-15,FC Augsburg,VfL Wolfsburg,1,0,H,9.0,13.0,2.0,2.0,1.0,4.0,1.0,2.0,0.0,0.0,2.55,3.3,2.75,2.63,3.29,2.87
2425,2025-03-15,FSV Mainz 05,SC Freiburg,2,2,D,9.0,24.0,4.0,8.0,1.0,4.0,1.0,2.0,1.0,0.0,1.95,3.3,4.1,2.02,3.45,4.0
2425,2025-03-15,Union Berlin,Bayern Munich,1,1,D,7.0,18.0,3.0,4.0,2.0,14.0,1.0,2.0,0.0,0.0,8.5,5.0,1.36,9.0,5.36,1.35
2425,2025-03-15,Werder Bremen,Borussia Monchengladbach,2,4,A,23.0,13.0,2.0,7.0,4.0,1.0,1.0,2.0,0.0,1.0,2.35,3.6,2.8,2.42,3.68,2.87
2425,2025-03-15,RB Leipzig,Borussia Dortmund,2,0,H,15.0,25.0,5.0,9.0,3.0,12.0,3.0,3.0,0.0,0.0,2.38,3.6,2.88,2.43,3.68,2.87
2425,2025-03-16,VfL Bochum,Eintracht Frankfurt,1,3,A,17.0,18.0,7.0,7.0,8.0,3.0,4.0,1.0,0.0,0.0,3.1,3.6,2.2,3.13,3.66,2.27
2425,2025-03-16,1. FC Heidenheim,Holstein Kiel,3,1,H,14.0,16.0,5.0,4.0,3.0,5.0,1.0,3.0,0.0,0.0,2.0,3.5,3.75,2.03,3.66,3.72
2425,2025-03-16,VfB Stuttgart,Bayer Leverkusen,3,4,A,11.0,16.0,6.0,4.0,1.0,10.0,3.0,2.0,0.0,0.0,3.1,3.4,2.3,3.09,3.6,2.32
2425,2025-03-28,Bayer Leverkusen,VfL Bochum,3,1,H,14.0,8.0,5.0,3.0,3.0,2.0,0.0,1.0,0.0,0.0,1.22,6.5,12.0,1.23,6.93,11.71
2425,2025-03-29,Eintracht Frankfurt,VfB Stuttgart,1,0,H,19.0,8.0,6.0,2.0,6.0,10.0,1.0,3.0,0.0,1.0,2.5,3.8,2.5,2.6,3.67,2.66
2425,2025-03-29,VfL Wolfsburg,1. FC Heidenheim,0,1,A,11.0,11.0,2.0,4.0,4.0,5.0,2.0,4.0,0.0,0.0,1.67,3.75,5.0,1.66,4.12,5.22
2425,2025-03-29,Borussia Monchengladbach,RB Leipzig,1,0,H,16.0,19.0,3.0,3.0,5.0,8.0,2.0,2.0,0.0,0.0,2.88,3.7,2.3,2.94,3.58,2.41
2425,2025-03-29,TSG Hoffenheim,FC Augsburg,1,1,D,13.0,11.0,4.0,4.0,2.0,2.0,1.0,2.0,0.0,0.0,2.35,3.3,3.1,2.43,3.29,3.15
2425,2025-03-29,Bayern Munich,FC St. Pauli,3,2,H,19.0,10.0,9.0,4.0,5.0,4.0,3.0,0.0,0.0,0.0,1.14,8.0,15.0,1.15,9.41,16.44
2425,2025-03-29,Holstein Kiel,Werder Bremen,0,3,A,11.0,14.0,0.0,7.0,3.0,4.0,4.0,1.0,0.0,0.0,3.2,3.9,2.05,3.42,3.85,2.08
2425,2025-03-30,SC Freiburg,Union Berlin,1,2,A,9.0,10.0,3.0,6.0,3.0,3.0,3.0,4.0,0.0,0.0,2.0,3.5,3.7,2.02,3.43,4.05
2425,2025-03-30,Borussia Dortmund,FSV Mainz 05,3,1,H,18.0,12.0,7.0,3.0,6.0,4.0,2.0,0.0,0.0,0.0,1.62,3.9,5.0,1.67,4.17,5.07
2425,2025-04-04,FC Augsburg,Bayern Munich,1,3,A,6.0,19.0,3.0,7.0,2.0,4.0,4.0,0.0,1.0,0.0,7.5,4.75,1.42,7.61,5.01,1.43
2425,2025-04-05,RB Leipzig,TSG Hoffenheim,3,1,H,16.0,9.0,5.0,5.0,8.0,2.0,0.0,3.0,0.0,1.0,1.55,4.2,5.5,1.58,4.55,5.43
2425,2025-04-05,Werder Bremen,Eintracht Frankfurt,2,0,H,12.0,9.0,4.0,0.0,5.0,6.0,3.0,3.0,0.0,0.0,2.63,3.5,2.5,2.65,3.73,2.58
2425,2025-04-05,FSV Mainz 05,Holstein Kiel,1,1,D,13.0,10.0,3.0,5.0,4.0,4.0,4.0,4.0,0.0,0.0,1.45,4.5,7.0,1.43,5.01,7.05
2425,2025-04-05,VfL Bochum,VfB Stuttgart,0,4,A,11.0,14.0,2.0,6.0,2.0,4.0,1.0,1.0,0.0,0.0,3.1,3.7,2.15,3.2,3.8,2.18
2425,2025-04-05,SC Freiburg,Borussia Dortmund,1,4,A,12.0,18.0,3.0,7.0,3.0,4.0,1.0,0.0,0.0,0.0,3.1,3.5,2.2,3.1,3.61,2.31
2425,2025-04-05,1. FC Heidenheim,Bayer Leverkusen,0,1,A,10.0,6.0,2.0,2.0,4.0,0.0,1.0,0.0,0.0,0.0,6.5,4.75,1.44,6.78,4.84,1.46
2425,2025-04-06,FC St. Pauli,Borussia Monchengladbach,1,1,D,26.0,5.0,9.0,3.0,11.0,2.0,0.0,2.0,0.0,0.0,2.5,3.3,2.75,2.52,3.45,2.89
2425,2025-04-06,Union Berlin,VfL Wolfsburg,1,0,H,13.0,12.0,3.0,3.0,6.0,4.0,0.0,1.0,0.0,0.0,2.45,3.3,2.88,2.49,3.32,3.02
2425,2025-04-11,VfL Wolfsburg,RB Leipzig,2,3,A,17.0,16.0,6.0,5.0,8.0,5.0,2.0,3.0,0.0,0.0,2.88,3.75,2.3,3.0,3.71,2.36
2425,2025-04-12,VfL Bochum,FC Augsburg,1,2,A,25.0,12.0,9.0,5.0,7.0,6.0,2.0,1.0,0.0,1.0,2.5,3.4,2.8,2.5,3.35,3.0
2425,2025-04-12,TSG Hoffenheim,FSV Mainz 05,2,0,H,8.0,14.0,5.0,1.0,4.0,7.0,4.0,2.0,0.0,1.0,2.7,3.5,2.55,2.69,3.5,2.66
2425,2025-04-12,Holstein Kiel,FC St. Pauli,1,2,A,6.0,14.0,2.0,6.0,3.0,3.0,3.0,4.0,0.0,0.0,3.25,3.3,2.25,3.28,3.42,2.29
2425,2025-04-12,Bayer Leverkusen,Union Berlin,0,0,D,16.0,7.0,3.0,3.0,7.0,3.0,2.0,1.0,0.0,0.0,1.33,4.75,9.5,1.34,5.61,8.99
2425,2025-04-12,Borussia Monchengladbach,SC Freiburg,1,2,A,10.0,19.0,1.0,7.0,4.0,6.0,0.0,1.0,0.0,0.0,2.15,3.6,3.25,2.19,3.71,3.26
2425,2025-04-12,Bayern Munich,Borussia Dortmund,2,2,D,28.0,11.0,11.0,3.0,6.0,5.0,0.0,0.0,0.0,0.0,1.44,5.25,6.0,1.43,5.36,6.51
2425,2025-04-13,VfB Stuttgart,Werder Bremen,1,2,A,12.0,14.0,4.0,5.0,3.0,4.0,3.0,2.0,1.0,0.0,1.65,4.33,4.5,1.67,4.62,4.53
2425,2025-04-13,Eintracht Frankfurt,1. FC Heidenheim,3,0,H,19.0,14.0,8.0,3.0,5.0,3.0,1.0,1.0,0.0,0.0,1.73,4.2,4.2,1.75,4.18,4.43
2425,2025-04-19,Werder Bremen,VfL Bochum,1,0,H,14.0,12.0,4.0,1.0,2.0,7.0,3.0,3.0,0.0,1.0,1.73,4.1,4.33,1.74,4.19,4.49
2425,2025-04-19,Union Berlin,VfB Stuttgart,4,4,D,12.0,13.0,5.0,6.0,3.0,5.0,0.0,2.0,0.0,0.0,2.8,3.4,2.45,2.87,3.43,2.54
2425,2025-04-19,RB Leipzig,Holstein Kiel,1,1,D,10.0,13.0,4.0,3.0,9.0,7.0,1.0,2.0,0.0,0.0,1.33,5.75,7.5,1.31,6.22,8.55
2425,2025-04-19,FSV Mainz 05,VfL Wolfsburg,2,2,D,18.0,16.0,7.0,4.0,7.0,5.0,2.0,3.0,0.0,0.0,2.0,3.6,3.6,2.05,3.72,3.6
2425,2025-04-19,1. FC Heidenheim,Bayern Munich,0,4,A,4.0,18.0,1.0,11.0,4.0,4.0,3.0,1.0,0.0,0.0,9.0,6.0,1.29,9.06,6.38,1.29
2425,2025-04-19,SC Freiburg,TSG Hoffenheim,3,2,H,12.0,19.0,6.0,6.0,2.0,6.0,3.0,2.0,0.0,0.0,1.91,3.7,3.75,1.96,3.75,3.85
2425,2025-04-20,FC Augsburg,Eintracht Frankfurt,0,0,D,13.0,8.0,2.0,5.0,3.0,9.0,2.0,1.0,0.0,0.0,2.55,3.3,2.75,2.63,3.44,2.77
2425,2025-04-20,Borussia Dortmund,Borussia Monchengladbach,3,2,H,14.0,6.0,6.0,3.0,6.0,2.0,1.0,2.0,0.0,0.0,1.42,5.25,6.5,1.43,5.46,6.47
2425,2025-04-20,FC St. Pauli,Bayer Leverkusen,1,1,D,10.0,6.0,5.0,4.0,4.0,4.0,1.0,4.0,0.0,0.0,5.25,3.8,1.67,5.42,3.93,1.67
2425,2025-04-25,VfB Stuttgart,1. FC Heidenheim,0,1,A,19.0,6.0,3.0,2.0,6.0,5.0,0.0,4.0,0.0,0.0,1.48,5.0,5.75,1.51,4.97,5.99
2425,2025-04-26,Eintracht Frankfurt,RB Leipzig,4,0,H,9.0,7.0,6.0,3.0,8.0,4.0,1.0,2.0,0.0,1.0,2.15,3.8,3.0,2.17,3.92,3.15
2425,2025-04-26,VfL Wolfsburg,SC Freiburg,0,1,A,8.0,15.0,1.0,2.0,3.0,2.0,3.0,1.0,1.0,0.0,2.35,3.5,2.88,2.4,3.67,2.91
2425,2025-04-26,Bayer Leverkusen,FC Augsburg,2,0,H,14.0,11.0,5.0,2.0,3.0,7.0,0.0,1.0,0.0,0.0,1.36,5.0,8.5,1.37,5.23,8.61
2425,2025-04-26,Holstein Kiel,Borussia Monchengladbach,4,3,H,22.0,16.0,11.0,7.0,7.0,8.0,2.0,1.0,0.0,0.0,3.1,3.8,2.15,3.18,3.9,2.16
2425,2025-04-26,TSG Hoffenheim,Borussia Dortmund,2,3,A,11.0,16.0,3.0,8.0,2.0,5.0,5.0,1.0,0.0,0.0,4.1,4.33,1.73,4.3,4.37,1.74
2425,2025-04-26,Bayern Munich,FSV Mainz 05,3,0,H,14.0,8.0,6.0,3.0,4.0,4.0,2.0,2.0,0.0,0.0,1.22,7.0,11.0,1.22,7.3,11.15
2425,2025-04-27,VfL Bochum,Union Berlin,1,1,D,10.0,5.0,4.0,1.0,10.0,4.0,3.0,2.0,0.0,0.0,2.25,3.4,3.1,2.36,3.5,3.09
2425,2025-04-27,Werder Bremen,FC St. Pauli,0,0,D,11.0,10.0,2.0,4.0,1.0,3.0,2.0,3.0,0.0,1.0,1.85,3.6,4.0,1.92,3.74,4.07
2425,2025-05-02,1. FC Heidenheim,VfL Bochum,0,0,D,11.0,14.0,3.0,3.0,6.0,4.0,0.0,1.0,0.0,0.0,2.25,3.6,3.1,2.32,3.59,3.13
2425,2025-05-03,Borussia Dortmund,VfL Wolfsburg,4,0,H,11.0,11.0,5.0,2.0,4.0,3.0,0.0,1.0,0.0,0.0,1.33,5.75,7.5,1.32,6.21,7.74
2425,2025-05-03,Union Berlin,Werder Bremen,2,2,D,17.0,13.0,7.0,6.0,5.0,5.0,2.0,3.0,0.0,0.0,2.7,3.4,2.55,2.78,3.45,2.61
2425,2025-05-03,FC St. Pauli,VfB Stuttgart,0,1,A,6.0,21.0,1.0,8.0,4.0,4.0,6.0,3.0,2.0,0.0,2.62,3.5,2.55,2.73,3.52,2.61
2425,2025-05-03,RB Leipzig,Bayern Munich,3,3,D,8.0,20.0,6.0,6.0,2.0,7.0,3.0,1.0,0.0,0.0,4.5,4.33,1.62,4.46,4.73,1.66
2425,2025-05-03,Borussia Monchengladbach,TSG Hoffenheim,4,4,D,12.0,26.0,7.0,8.0,4.0,7.0,0.0,0.0,0.0,0.0,2.1,4.0,3.0,2.13,4.03,3.16
2425,2025-05-04,FC Augsburg,Holstein Kiel,1,3,A,27.0,7.0,10.0,5.0,12.0,0.0,0.0,2.0,0.0,0.0,1.83,3.9,4.0,1.85,3.81,4.29
2425,2025-05-04,SC Freiburg,Bayer Leverkusen,2,2,D,8.0,5.0,4.0,2.0,4.0,1.0,1.0,2.0,0.0,0.0,3.2,3.4,2.25,3.14,3.51,2.33
2425,2025-05-04,FSV Mainz 05,Eintracht Frankfurt,1,1,D,12.0,8.0,3.0,2.0,8.0,1.0,1.0,0.0,0.0,0.0,2.35,3.5,2.9,2.41,3.67,2.89
2425,2025-05-09,VfL Wolfsburg,TSG Hoffenheim,2,2,D,14.0,17.0,5.0,7.0,5.0,6.0,0.0,2.0,0.0,0.0,2.2,3.6,2.9,2.3,3.77,2.99
2425,2025-05-10,Bayern Munich,Borussia Monchengladbach,2,0,H,24.0,16.0,9.0,6.0,4.0,9.0,1.0,1.0,0.0,0.0,1.17,9.5,11.0,1.16,10.06,12.25
2425,2025-05-10,Werder Bremen,RB Leipzig,0,0,D,21.0,16.0,6.0,4.0,11.0,4.0,1.0,3.0,0.0,0.0,2.35,3.7,2.8,2.38,3.7,2.92
2425,2025-05-10,Union Berlin,1. FC Heidenheim,0,3,A,10.0,8.0,1.0,4.0,1.0,2.0,2.0,0.0,0.0,0.0,2.25,3.3,3.3,2.21,3.55,3.33
2425,2025-05-10,Holstein Kiel,SC Freiburg,1,2,A,15.0,9.0,3.0,4.0,2.0,5.0,1.0,0.0,0.0,0.0,3.1,3.75,2.15,3.29,3.88,2.12
2425,2025-05-10,VfL Bochum,FSV Mainz 05,1,4,A,11.0,22.0,6.0,8.0,6.0,6.0,3.0,0.0,0.0,0.0,2.9,3.6,2.3,3.0,3.73,2.31
2425,2025-05-11,Bayer Leverkusen,Borussia Dortmund,2,4,A,19.0,9.0,10.0,5.0,12.0,0.0,0.0,2.0,0.0,0.0,2.7,3.9,2.35,2.66,4.08,2.43
2425,2025-05-11,Eintracht Frankfurt,FC St. Pauli,2,2,D,13.0,5.0,5.0,2.0,3.0,1.0,2.0,2.0,0.0,0.0,1.53,4.33,5.75,1.52,4.61,6.18
2425,2025-05-11,VfB Stuttgart,FC Augsburg,4,0,H,29.0,7.0,11.0,0.0,11.0,2.0,1.0,1.0,0.0,1.0,1.55,4.33,5.75,1.56,4.54,5.67
2425,2025-05-17,RB Leipzig,VfB Stuttgart,2,3,A,8.0,15.0,5.0,7.0,5.0,8.0,1.0,0.0,0.0,0.0,2.0,4.2,3.2,1.97,4.31,3.2
2425,2025-05-17,FC St. Pauli,VfL Bochum,0,2,A,10.0,9.0,2.0,6.0,7.0,4.0,0.0,0.0,0.0,0.0,1.67,4.2,4.5,1.66,4.19,4.65
2425,2025-05-17,FSV Mainz 05,Bayer Leverkusen,2,2,D,20.0,7.0,6.0,4.0,7.0,3.0,2.0,6.0,0.0,0.0,2.15,3.9,3.0,2.18,3.99,2.93
2425,2025-05-17,TSG Hoffenheim,Bayern Munich,0,4,A,6.0,14.0,2.0,5.0,1.0,4.0,0.0,0.0,0.0,0.0,5.0,5.25,1.5,5.05,5.25,1.5
2425,2025-05-17,Borussia Monchengladbach,VfL Wolfsburg,0,1,A,16.0,17.0,3.0,6.0,7.0,10.0,0.0,0.0,0.0,0.0,2.2,4.2,2.8,2.17,4.31,2.79
2425,2025-05-17,SC Freiburg,Eintracht Frankfurt,1,3,A,8.0,11.0,1.0,6.0,4.0,7.0,2.0,4.0,0.0,0.0,2.35,3.7,2.8,2.38,3.77,2.74
2425,2025-05-17,Borussia Dortmund,Holstein Kiel,3,0,H,19.0,4.0,6.0,2.0,7.0,1.0,3.0,1.0,0.0,1.0,1.09,12.0,19.0,1.07,13.97,18.89
2425,2025-05-17,FC Augsburg,Union Berlin,1,2,A,19.0,6.0,4.0,4.0,4.0,0.0,0.0,0.0,0.0,0.0,2.1,3.5,3.4,2.07,3.43,3.62
2425,2025-05-17,1. FC Heidenheim,Werder Bremen,1,4,A,21.0,13.0,8.0,7.0,6.0,4.0,2.0,2.0,0.0,0.0,2.3,3.8,2.75,2.31,3.91,2.76
2526,2025-08-22,Bayern Munich,RB Leipzig,6,0,H,19.0,12.0,10.0,1.0,5.0,5.0,4.0,1.0,0.0,0.0,1.22,7.0,9.0,1.23,7.43,10.85
2526,2025-08-23,Eintracht Frankfurt,Werder Bremen,4,1,H,18.0,10.0,5.0,5.0,7.0,1.0,1.0,3.0,0.0,0.0,1.7,4.1,4.5,1.7,4.26,4.68
2526,2025-08-23,SC Freiburg,FC Augsburg,1,3,A,16.0,14.0,4.0,5.0,5.0,5.0,4.0,5.0,0.0,0.0,1.85,3.6,4.33,1.87,3.71,4.33
2526,2025-08-23,1. FC Heidenheim,VfL Wolfsburg,1,3,A,7.0,15.0,2.0,5.0,2.0,5.0,2.0,3.0,0.0,0.0,3.2,3.5,2.2,3.19,3.59,2.26
2526,2025-08-23,Bayer Leverkusen,TSG Hoffenheim,1,2,A,7.0,10.0,2.0,5.0,6.0,4.0,0.0,4.0,0.0,0.0,1.53,4.75,5.25,1.56,4.74,5.46
2526,2025-08-23,Union Berlin,VfB Stuttgart,2,1,H,8.0,21.0,2.0,6.0,5.0,11.0,4.0,4.0,0.0,0.0,3.4,3.7,2.05,3.56,3.69,2.07
2526,2025-08-23,FC St. Pauli,Borussia Dortmund,3,3,D,11.0,8.0,7.0,7.0,5.0,2.0,2.0,3.0,0.0,1.0,4.5,3.9,1.75,4.82,3.79,1.77
2526,2025-08-24,FSV Mainz 05,1. FC Koln,0,1,A,19.0,12.0,2.0,2.0,8.0,3.0,0.0,2.0,1.0,0.0,1.9,3.7,4.0,1.93,3.7,4.07
2526,2025-08-24,Borussia Monchengladbach,Hamburger SV,0,0,D,17.0,7.0,4.0,2.0,7.0,6.0,2.0,1.0,0.0,0.0,1.85,3.9,3.9,1.86,4.06,3.96
2526,2025-08-29,Hamburger SV,FC St. Pauli,0,2,A,5.0,17.0,2.0,6.0,2.0,5.0,3.0,3.0,1.0,0.0,2.4,3.3,3.0,2.45,3.29,3.12
2526,2025-08-30,Werder Bremen,Bayer Leverkusen,3,3,D,12.0,10.0,5.0,4.0,3.0,7.0,4.0,3.0,1.0,0.0,3.7,3.8,1.91,3.82,3.87,1.94
2526,2025-08-30,VfB Stuttgart,Borussia Monchengladbach,1,0,H,13.0,15.0,5.0,6.0,6.0,10.0,2.0,1.0,0.0,0.0,1.6,4.5,4.75,1.62,4.59,4.97
2526,2025-08-30,FC Augsburg,Bayern Munich,2,3,A,10.0,20.0,3.0,10.0,7.0,5.0,3.0,4.0,0.0,0.0,9.0,6.5,1.27,9.88,6.53,1.27
2526,2025-08-30,TSG Hoffenheim,Eintracht Frankfurt,1,3,A,17.0,9.0,5.0,6.0,4.0,5.0,2.0,3.0,0.0,0.0,2.88,3.75,2.25,2.95,3.84,2.3
2526,2025-08-30,RB Leipzig,1. FC Heidenheim,2,0,H,19.0,5.0,5.0,3.0,4.0,3.0,2.0,5.0,0.0,0.0,1.44,5.0,6.25,1.45,5.17,6.4
2526,2025-08-31,VfL Wolfsburg,FSV Mainz 05,1,1,D,11.0,17.0,3.0,3.0,3.0,10.0,3.0,5.0,1.0,0.0,2.0,3.6,3.5,2.08,3.68,3.54
2526,2025-08-31,Borussia Dortmund,Union Berlin,3,0,H,11.0,12.0,6.0,3.0,4.0,6.0,0.0,0.0,0.0,0.0,1.4,5.25,6.5,1.4,5.3,7.28
2526,2025-08-31,1. FC Koln,SC Freiburg,4,1,H,18.0,12.0,6.0,2.0,3.0,5.0,2.0,1.0,0.0,0.0,2.55,3.3,2.8,2.66,3.38,2.77
2526,2025-09-12,Bayer Leverkusen,Eintracht Frankfurt,3,1,H,18.0,13.0,8.0,2.0,4.0,8.0,5.0,3.0,2.0,0.0,2.1,3.8,3.2,2.16,3.83,3.29
2526,2025-09-13,Bayern Munich,Hamburger SV,5,0,H,22.0,9.0,12.0,2.0,5.0,3.0,2.0,2.0,0.0,0.0,1.06,12.0,26.0,1.07,14.97,29.41
2526,2025-09-13,Union Berlin,TSG Hoffenheim,2,4,A,20.0,9.0,7.0,8.0,9.0,2.0,1.0,1.0,1.0,0.0,2.6,3.4,2.7,2.66,3.51,2.68
2526,2025-09-13,VfL Wolfsburg,1. FC Koln,3,3,D,14.0,14.0,6.0,8.0,7.0,4.0,2.0,3.0,0.0,0.0,1.95,3.5,3.9,2.01,3.61,3.85
2526,2025-09-13,1. FC Heidenheim,Borussia Dortmund,0,2,A,6.0,17.0,1.0,8.0,5.0,4.0,2.0,3.0,1.0,0.0,5.5,4.5,1.55,5.53,4.66,1.56
2526,2025-09-13,SC Freiburg,VfB Stuttgart,3,1,H,14.0,7.0,6.0,2.0,7.0,1.0,1.0,1.0,1.0,0.0,2.9,3.6,2.35,2.92,3.64,2.41
2526,2025-09-13,FSV Mainz 05,RB Leipzig,0,1,A,13.0,19.0,2.0,3.0,3.0,5.0,1.0,0.0,0.0,0.0,2.55,3.6,2.63,2.6,3.7,2.64
2526,2025-09-14,FC St. Pauli,FC Augsburg,2,1,H,13.0,10.0,7.0,5.0,3.0,1.0,1.0,4.0,0.0,0.0,2.2,3.4,3.3,2.23,3.39,3.46
2526,2025-09-14,Borussia Monchengladbach,Werder Bremen,0,4,A,19.0,12.0,3.0,7.0,9.0,4.0,1.0,0.0,0.0,0.0,1.95,3.9,3.4,2.0,4.11,3.44
2526,2025-09-19,VfB Stuttgart,FC St. Pauli,2,0,H,17.0,9.0,8.0,2.0,8.0,4.0,0.0,2.0,0.0,0.0,1.75,4.1,4.2,1.78,4.0,4.46
2526,2025-09-20,RB Leipzig,1. FC Koln,3,1,H,18.0,13.0,8.0,2.0,9.0,5.0,1.0,1.0,0.0,0.0,1.65,4.33,4.5,1.68,4.39,4.73
2526,2025-09-20,FC Augsburg,FSV Mainz 05,1,4,A,18.0,12.0,5.0,4.0,6.0,6.0,1.0,2.0,0.0,1.0,2.7,3.4,2.6,2.77,3.47,2.61
2526,2025-09-20,Hamburger SV,1. FC Heidenheim,2,1,H,22.0,20.0,9.0,8.0,1.0,12.0,5.0,1.0,0.0,0.0,2.05,3.6,3.5,2.1,3.53,3.66
2526,2025-09-20,TSG Hoffenheim,Bayern Munich,1,4,A,12.0,18.0,4.0,10.0,5.0,5.0,1.0,2.0,0.0,0.0,7.0,6.0,1.33,7.87,6.19,1.33
2526,2025-09-20,Werder Bremen,SC Freiburg,0,3,A,12.0,10.0,5.0,5.0,2.0,0.0,5.0,2.0,0.0,0.0,2.38,3.6,2.8,2.38,3.81,2.86
2526,2025-09-21,Borussia Dortmund,VfL Wolfsburg,1,0,H,12.0,10.0,4.0,1.0,9.0,3.0,1.0,0.0,0.0,0.0,1.5,5.0,5.5,1.52,5.13,5.42
2526,2025-09-21,Eintracht Frankfurt,Union Berlin,3,4,A,19.0,11.0,10.0,5.0,5.0,1.0,3.0,2.0,0.0,0.0,1.57,4.33,5.5,1.58,4.47,5.57
2526,2025-09-21,Bayer Leverkusen,Borussia Monchengladbach,1,1,D,13.0,13.0,9.0,7.0,3.0,4.0,5.0,5.0,0.0,0.0,1.57,5.0,4.5,1.56,4.77,5.33
2526,2025-09-26,Bayern Munich,Werder Bremen,4,0,H,26.0,9.0,13.0,3.0,7.0,6.0,2.0,0.0,0.0,0.0,1.09,11.0,21.0,1.09,12.5,26.0
2526,2025-09-27,1. FC Heidenheim,FC Augsburg,2,1,H,11.0,8.0,5.0,2.0,3.0,2.0,1.0,6.0,0.0,0.0,2.7,3.5,2.5,2.77,3.65,2.51
2526,2025-09-27,FSV Mainz 05,Borussia Dortmund,0,2,A,8.0,10.0,2.0,4.0,7.0,5.0,2.0,1.0,1.0,0.0,3.2,3.7,2.1,3.32,3.79,2.13
2526,2025-09-27,FC St. Pauli,Bayer Leverkusen,1,2,A,13.0,5.0,6.0,4.0,13.0,1.0,3.0,5.0,0.0,0.0,3.1,3.6,2.2,3.28,3.55,2.24
2526,2025-09-27,VfL Wolfsburg,RB Leipzig,0,1,A,22.0,20.0,4.0,6.0,6.0,11.0,2.0,2.0,0.0,0.0,2.55,3.6,2.6,2.6,3.75,2.61
2526,2025-09-27,Borussia Monchengladbach,Eintracht Frankfurt,4,6,A,11.0,21.0,8.0,7.0,4.0,6.0,1.0,2.0,0.0,0.0,3.1,3.6,2.2,3.2,3.59,2.26
2526,2025-09-28,Union Berlin,Hamburger SV,0,0,D,11.0,16.0,2.0,6.0,5.0,3.0,2.0,2.0,0.0,1.0,1.95,3.4,4.0,1.99,3.7,3.82
2526,2025-09-28,1. FC Koln,VfB Stuttgart,1,2,A,14.0,15.0,6.0,5.0,8.0,8.0,2.0,2.0,0.0,0.0,2.9,3.5,2.35,2.91,3.68,2.39
2526,2025-09-28,SC Freiburg,TSG Hoffenheim,1,1,D,6.0,15.0,1.0,4.0,6.0,8.0,3.0,1.0,0.0,0.0,2.25,3.4,3.1,2.27,3.66,3.13
2526,2025-10-03,TSG Hoffenheim,1. FC Koln,0,1,A,15.0,10.0,4.0,4.0,11.0,6.0,3.0,1.0,0.0,0.0,1.91,3.7,3.75,1.93,3.98,3.79
2526,2025-10-04,FC Augsburg,VfL Wolfsburg,3,1,H,10.0,14.0,5.0,4.0,10.0,5.0,2.0,1.0,0.0,0.0,2.75,3.5,2.45,2.86,3.58,2.48
2526,2025-10-04,Borussia Dortmund,RB Leipzig,1,1,D,15.0,13.0,3.0,3.0,7.0,7.0,1.0,3.0,0.0,0.0,1.7,4.5,4.2,1.7,4.67,4.25
2526,2025-10-04,Bayer Leverkusen,Union Berlin,2,0,H,20.0,10.0,3.0,3.0,4.0,4.0,1.0,3.0,0.0,0.0,1.7,4.0,4.75,1.7,4.1,4.88
2526,2025-10-04,Werder Bremen,FC St. Pauli,1,0,H,15.0,13.0,5.0,3.0,4.0,1.0,3.0,1.0,0.0,0.0,2.35,3.7,2.88,2.43,3.67,2.87
2526,2025-10-04,Eintracht Frankfurt,Bayern Munich,0,3,A,6.0,12.0,1.0,3.0,4.0,3.0,1.0,2.0,0.0,0.0,6.25,5.25,1.42,6.14,5.53,1.44
2526,2025-10-05,Borussia Monchengladbach,SC Freiburg,0,0,D,9.0,12.0,5.0,1.0,4.0,1.0,3.0,1.0,0.0,0.0,2.25,3.6,3.0,2.36,3.57,3.04
2526,2025-10-05,Hamburger SV,FSV Mainz 05,4,0,H,15.0,11.0,9.0,4.0,1.0,4.0,2.0,3.0,0.0,0.0,2.8,3.5,2.4,2.89,3.53,2.48
2526,2025-10-05,VfB Stuttgart,1. FC Heidenheim,1,0,H,18.0,5.0,6.0,1.0,1.0,1.0,1.0,1.0,0.0,0.0,1.42,4.75,7.0,1.44,5.16,6.75
2526,2025-10-17,Union Berlin,Borussia Monchengladbach,3,1,H,16.0,8.0,5.0,2.0,6.0,6.0,5.0,3.0,0.0,0.0,2.2,3.4,3.2,2.24,3.5,3.31
2526,2025-10-18,1. FC Koln,FC Augsburg,1,1,D,9.0,10.0,2.0,4.0,5.0,2.0,2.0,2.0,0.0,0.0,1.95,3.9,3.5,2.0,3.96,3.56
2526,2025-10-18,1. FC Heidenheim,Werder Bremen,2,2,D,31.0,11.0,11.0,4.0,12.0,2.0,1.0,3.0,0.0,0.0,2.88,3.5,2.35,2.97,3.61,2.39
2526,2025-10-18,FSV Mainz 05,Bayer Leverkusen,3,4,A,12.0,20.0,4.0,8.0,2.0,3.0,4.0,4.0,0.0,0.0,2.8,3.4,2.45,2.83,3.46,2.56
2526,2025-10-18,RB Leipzig,Hamburger SV,2,1,H,10.0,15.0,4.0,3.0,3.0,5.0,3.0,1.0,0.0,0.0,1.44,4.75,6.5,1.43,5.37,6.59
2526,2025-10-18,VfL Wolfsburg,VfB Stuttgart,0,3,A,11.0,15.0,3.0,7.0,3.0,8.0,1.0,1.0,0.0,0.0,2.63,3.6,2.5,2.72,3.62,2.57
2526,2025-10-18,Bayern Munich,Borussia Dortmund,2,1,H,15.0,8.0,7.0,1.0,4.0,3.0,1.0,3.0,0.0,0.0,1.33,5.5,7.5,1.38,5.55,7.5
2526,2025-10-19,FC St. Pauli,TSG Hoffenheim,0,3,A,10.0,14.0,2.0,5.0,9.0,7.0,1.0,3.0,0.0,0.0,2.5,3.4,2.8,2.51,3.64,2.78
2526,2025-10-19,SC Freiburg,Eintracht Frankfurt,2,2,D,12.0,8.0,5.0,3.0,3.0,1.0,2.0,3.0,0.0,0.0,2.5,3.5,2.7,2.54,3.68,2.72
2526,2025-10-24,Werder Bremen,Union Berlin,1,0,H,16.0,12.0,3.0,2.0,5.0,6.0,4.0,0.0,0.0,0.0,2.25,3.6,2.9,2.33,3.63,3.09
2526,2025-10-25,FC Augsburg,RB Leipzig,0,6,A,15.0,15.0,2.0,8.0,2.0,3.0,3.0,1.0,0.0,0.0,3.2,3.9,2.05,3.29,4.06,2.07
2526,2025-10-25,Eintracht Frankfurt,FC St. Pauli,2,0,H,10.0,9.0,6.0,1.0,1.0,3.0,0.0,1.0,0.0,0.0,1.67,4.2,4.5,1.74,4.19,4.49
2526,2025-10-25,Hamburger SV,VfL Wolfsburg,0,1,A,27.0,6.0,6.0,2.0,11.0,1.0,1.0,5.0,0.0,0.0,2.35,3.5,2.9,2.4,3.73,2.88
2526,2025-10-25,TSG Hoffenheim,1. FC Heidenheim,3,1,H,14.0,12.0,7.0,3.0,7.0,5.0,1.0,1.0,0.0,0.0,1.57,4.5,5.25,1.6,4.45,5.32
2526,2025-10-25,Borussia Monchengladbach,Bayern Munich,0,3,A,1.0,27.0,0.0,11.0,1.0,8.0,0.0,3.0,1.0,0.0,10.0,6.5,1.22,11.5,7.11,1.23
2526,2025-10-25,Borussia Dortmund,1. FC Koln,1,0,H,27.0,5.0,9.0,0.0,17.0,2.0,2.0,2.0,0.0,0.0,1.44,5.25,6.5,1.46,4.96,6.64
2526,2025-10-26,Bayer Leverkusen,SC Freiburg,2,0,H,19.0,10.0,4.0,3.0,2.0,3.0,1.0,2.0,0.0,1.0,1.83,3.9,4.0,1.84,3.92,4.2
2526,2025-10-26,VfB Stuttgart,FSV Mainz 05,2,1,H,19.0,13.0,8.0,2.0,7.0,5.0,4.0,3.0,0.0,0.0,1.75,4.0,4.33,1.79,4.13,4.24
2526,2025-10-31,FC Augsburg,Borussia Dortmund,0,1,A,9.0,5.0,1.0,1.0,4.0,3.0,4.0,1.0,0.0,0.0,5.0,4.5,1.57,5.3,4.42,1.61
2526,2025-11-01,1. FC Heidenheim,Eintracht Frankfurt,1,1,D,9.0,16.0,4.0,3.0,2.0,8.0,0.0,2.0,0.0,0.0,3.6,4.0,1.9,3.69,4.18,1.9
2526,2025-11-01,FSV Mainz 05,Werder Bremen,1,1,D,10.0,5.0,5.0,3.0,2.0,0.0,1.0,3.0,0.0,0.0,1.95,3.9,3.5,2.02,3.92,3.51
2526,2025-11-01,RB Leipzig,VfB Stuttgart,3,1,H,16.0,14.0,9.0,4.0,5.0,5.0,1.0,2.0,0.0,0.0,1.95,3.9,3.5,2.02,3.88,3.55
2526,2025-11-01,FC St. Pauli,Borussia Monchengladbach,0,4,A,16.0,15.0,4.0,11.0,8.0,1.0,4.0,0.0,0.0,0.0,2.15,3.5,3.3,2.2,3.51,3.4
2526,2025-11-01,Union Berlin,SC Freiburg,0,0,D,11.0,13.0,2.0,4.0,5.0,5.0,6.0,1.0,0.0,0.0,2.5,3.3,2.75,2.65,3.27,2.86
2526,2025-11-01,Bayern Munich,Bayer Leverkusen,3,0,H,18.0,7.0,4.0,1.0,10.0,4.0,1.0,1.0,0.0,0.0,1.22,7.0,9.5,1.23,7.43,10.66
2526,2025-11-02,1. FC Koln,Hamburger SV,4,1,H,23.0,11.0,10.0,5.0,2.0,3.0,1.0,6.0,0.0,2.0,2.1,3.7,3.2,2.18,3.67,3.29
2526,2025-11-02,VfL Wolfsburg,TSG Hoffenheim,2,3,A,12.0,10.0,6.0,4.0,2.0,2.0,0.0,2.0,0.0,0.0,2.75,3.9,2.3,2.77,3.78,2.45
2526,2025-11-07,Werder Bremen,VfL Wolfsburg,2,1,H,20.0,7.0,7.0,4.0,13.0,3.0,2.0,0.0,0.0,0.0,2.15,3.6,3.1,2.23,3.84,3.13
2526,2025-11-08,Borussia Monchengladbach,1. FC Koln,3,1,H,9.0,19.0,4.0,5.0,2.0,6.0,2.0,3.0,0.0,0.0,2.2,3.6,3.1,2.28,3.65,3.11
2526,2025-11-08,Union Berlin,Bayern Munich,2,2,D,12.0,12.0,4.0,4.0,6.0,5.0,2.0,4.0,0.0,0.0,13.0,7.0,1.2,12.56,7.33,1.21
2526,2025-11-08,TSG Hoffenheim,RB Leipzig,3,1,H,12.0,17.0,4.0,5.0,5.0,5.0,3.0,2.0,0.0,0.0,2.6,3.9,2.4,2.71,3.97,2.43
2526,2025-11-08,Hamburger SV,Borussia Dortmund,1,1,D,9.0,17.0,3.0,1.0,2.0,6.0,1.0,1.0,0.0,0.0,4.33,4.2,1.7,4.58,4.28,1.71
2526,2025-11-08,Bayer Leverkusen,1. FC Heidenheim,6,0,H,25.0,1.0,10.0,0.0,11.0,1.0,0.0,1.0,0.0,0.0,1.4,5.0,6.5,1.41,5.1,7.57
2526,2025-11-09,SC Freiburg,FC St. Pauli,2,1,H,8.0,7.0,4.0,2.0,9.0,3.0,2.0,2.0,0.0,0.0,1.83,3.5,4.5,1.87,3.61,4.48
2526,2025-11-09,VfB Stuttgart,FC Augsburg,3,2,H,17.0,17.0,6.0,6.0,4.0,4.0,2.0,3.0,0.0,0.0,1.55,4.33,5.75,1.54,4.63,5.84
2526,2025-11-09,Eintracht Frankfurt,FSV Mainz 05,1,0,H,14.0,3.0,4.0,0.0,4.0,3.0,0.0,5.0,0.0,0.0,1.83,4.0,3.9,1.87,4.11,3.9
2526,2025-11-21,FSV Mainz 05,TSG Hoffenheim,1,1,D,17.0,19.0,3.0,5.0,7.0,4.0,3.0,2.0,1.0,0.0,2.6,3.6,2.7,2.59,3.6,2.71
2526,2025-11-22,VfL Wolfsburg,Bayer Leverkusen,1,3,A,21.0,7.0,10.0,3.0,9.0,1.0,2.0,1.0,0.0,0.0,3.5,3.75,2.0,3.59,3.82,2.02
2526,2025-11-22,1. FC Koln,Eintracht Frankfurt,3,4,A,11.0,11.0,5.0,7.0,3.0,3.0,0.0,0.0,0.0,0.0,3.0,3.75,2.2,3.1,3.79,2.23
2526,2025-11-22,1. FC Heidenheim,Borussia Monchengladbach,0,3,A,7.0,16.0,2.0,4.0,4.0,5.0,2.0,0.0,0.0,0.0,3.2,3.6,2.15,3.18,3.72,2.22
2526,2025-11-22,Bayern Munich,SC Freiburg,6,2,H,22.0,8.0,8.0,2.0,3.0,5.0,1.0,0.0,0.0,0.0,1.17,8.0,13.0,1.19,7.45,14.94
2526,2025-11-22,FC Augsburg,Hamburger SV,1,0,H,13.0,15.0,6.0,6.0,4.0,3.0,2.0,3.0,1.0,0.0,2.35,3.5,2.9,2.39,3.67,2.92
2526,2025-11-22,Borussia Dortmund,VfB Stuttgart,3,3,D,14.0,16.0,6.0,6.0,2.0,4.0,1.0,1.0,0.0,0.0,1.75,4.0,4.33,1.79,4.11,4.25
2526,2025-11-23,RB Leipzig,Werder Bremen,2,0,H,22.0,15.0,13.0,6.0,13.0,7.0,1.0,2.0,0.0,0.0,1.45,5.0,6.0,1.45,5.25,6.38
2526,2025-11-23,FC St. Pauli,Union Berlin,0,1,A,12.0,8.0,3.0,3.0,8.0,2.0,1.0,1.0,0.0,0.0,2.45,3.3,2.9,2.54,3.29,2.98
2526,2025-11-28,Borussia Monchengladbach,RB Leipzig,0,0,D,8.0,20.0,1.0,4.0,5.0,6.0,0.0,3.0,0.0,0.0,2.88,3.7,2.3,2.92,3.91,2.32
2526,2025-11-29,Werder Bremen,1. FC Koln,1,1,D,17.0,10.0,4.0,2.0,4.0,0.0,2.0,4.0,1.0,0.0,2.25,3.8,2.9,2.28,3.9,2.96
2526,2025-11-29,Bayern Munich,FC St. Pauli,3,1,H,19.0,10.0,4.0,1.0,10.0,2.0,1.0,1.0,0.0,0.0,1.1,10.0,21.0,1.1,10.2,29.77
2526,2025-11-29,TSG Hoffenheim,FC Augsburg,3,0,H,17.0,14.0,3.0,4.0,7.0,2.0,1.0,0.0,0.0,0.0,1.67,4.33,4.5,1.68,4.5,4.6
2526,2025-11-29,Union Berlin,1. FC Heidenheim,1,2,A,9.0,10.0,2.0,2.0,5.0,5.0,3.0,2.0,0.0,0.0,1.67,4.0,5.0,1.66,4.05,5.34
2526,2025-11-29,Bayer Leverkusen,Borussia Dortmund,1,2,A,14.0,7.0,4.0,4.0,10.0,3.0,3.0,4.0,0.0,0.0,2.55,3.6,2.63,2.54,3.77,2.67
2526,2025-11-30,Hamburger SV,VfB Stuttgart,2,1,H,9.0,14.0,2.0,3.0,4.0,6.0,2.0,4.0,1.0,0.0,3.0,3.75,2.2,3.17,3.76,2.21
2526,2025-11-30,Eintracht Frankfurt,VfL Wolfsburg,1,1,D,15.0,10.0,3.0,3.0,14.0,1.0,1.0,4.0,0.0,0.0,1.73,4.2,4.2,1.75,4.28,4.33
2526,2025-11-30,SC Freiburg,FSV Mainz 05,4,0,H,23.0,1.0,10.0,1.0,6.0,2.0,0.0,2.0,0.0,1.0,1.91,3.4,4.2,1.93,3.55,4.27
2526,2025-12-05,FSV Mainz 05,Borussia Monchengladbach,0,1,A,8.0,14.0,2.0,5.0,8.0,6.0,2.0,1.0,0.0,0.0,2.55,3.4,2.63,2.68,3.55,2.69
2526,2025-12-06,VfL Wolfsburg,Union Berlin,3,1,H,4.0,21.0,3.0,6.0,0.0,11.0,4.0,1.0,0.0,0.0,2.15,3.4,3.5,2.17,3.44,3.53
2526,2025-12-06,RB Leipzig,Eintracht Frankfurt,6,0,H,16.0,8.0,7.0,2.0,4.0,0.0,1.0,2.0,0.0,0.0,1.73,4.2,4.2,1.79,4.24,4.13
2526,2025-12-06,VfB Stuttgart,Bayern Munich,0,5,A,13.0,19.0,1.0,11.0,3.0,4.0,2.0,4.0,1.0,0.0,5.75,5.0,1.45,5.4,5.21,1.51
2526,2025-12-06,1. FC Heidenheim,SC Freiburg,2,1,H,16.0,16.0,3.0,2.0,8.0,6.0,2.0,1.0,0.0,0.0,3.9,3.6,1.91,4.03,3.65,1.95
2526,2025-12-06,1. FC Koln,FC St. Pauli,1,1,D,11.0,5.0,8.0,1.0,5.0,4.0,0.0,1.0,0.0,0.0,1.95,3.6,3.8,1.99,3.69,3.82
2526,2025-12-06,FC Augsburg,Bayer Leverkusen,2,0,H,13.0,20.0,6.0,2.0,5.0,7.0,4.0,3.0,0.0,0.0,3.7,4.0,1.9,3.82,3.94,1.93
2526,2025-12-07,Hamburger SV,Werder Bremen,3,2,H,12.0,10.0,6.0,3.0,5.0,3.0,1.0,6.0,0.0,0.0,2.25,3.5,3.0,2.36,3.62,3.0
2526,2025-12-07,Borussia Dortmund,TSG Hoffenheim,2,0,H,8.0,11.0,4.0,3.0,7.0,5.0,0.0,2.0,0.0,0.0,1.62,4.5,4.75,1.63,4.55,4.89
2526,2025-12-12,Union Berlin,RB Leipzig,3,1,H,12.0,9.0,6.0,3.0,4.0,6.0,2.0,2.0,0.0,0.0,3.2,3.5,2.2,3.27,3.47,2.31
2526,2025-12-13,Eintracht Frankfurt,FC Augsburg,1,0,H,11.0,12.0,4.0,1.0,2.0,6.0,2.0,3.0,0.0,0.0,1.7,4.2,4.33,1.72,4.27,4.51
2526,2025-12-13,TSG Hoffenheim,Hamburger SV,4,1,H,10.0,14.0,6.0,5.0,3.0,3.0,1.0,3.0,0.0,0.0,1.7,4.33,4.2,1.72,4.33,4.47
2526,2025-12-13,Borussia Monchengladbach,VfL Wolfsburg,1,3,A,14.0,11.0,4.0,6.0,6.0,3.0,0.0,1.0,0.0,0.0,1.95,3.8,3.6,1.98,3.85,3.69
2526,2025-12-13,FC St. Pauli,1. FC Heidenheim,2,1,H,8.0,20.0,5.0,7.0,4.0,11.0,2.0,3.0,1.0,0.0,1.95,3.4,4.0,1.98,3.45,4.18
2526,2025-12-13,Bayer Leverkusen,1. FC Koln,2,0,H,17.0,6.0,6.0,4.0,8.0,3.0,2.0,1.0,0.0,0.0,1.55,4.33,5.25,1.57,4.68,5.33
2526,2025-12-14,SC Freiburg,Borussia Dortmund,1,1,D,21.0,9.0,6.0,4.0,6.0,0.0,3.0,2.0,0.0,1.0,3.25,3.5,2.15,3.32,3.59,2.2
2526,2025-12-14,Bayern Munich,FSV Mainz 05,2,2,D,24.0,5.0,11.0,2.0,7.0,0.0,2.0,2.0,0.0,0.0,1.09,11.0,21.0,1.09,12.74,21.79
2526,2025-12-14,Werder Bremen,VfB Stuttgart,0,4,A,9.0,24.0,3.0,12.0,0.0,9.0,2.0,0.0,1.0,0.0,2.9,3.8,2.25,2.91,3.92,2.3
2526,2025-12-19,Borussia Dortmund,Borussia Monchengladbach,2,0,H,10.0,6.0,4.0,1.0,6.0,4.0,2.0,1.0,0.0,0.0,1.55,4.5,5.5,1.56,4.56,5.68
2526,2025-12-20,RB Leipzig,Bayer Leverkusen,1,3,A,19.0,15.0,7.0,8.0,2.0,8.0,1.0,2.0,0.0,0.0,2.1,3.8,3.2,2.15,3.8,3.28
2526,2025-12-20,VfB Stuttgart,TSG Hoffenheim,0,0,D,10.0,4.0,3.0,1.0,4.0,2.0,3.0,2.0,0.0,0.0,2.0,3.8,3.4,2.07,3.86,3.42
2526,2025-12-20,VfL Wolfsburg,SC Freiburg,3,4,A,13.0,15.0,6.0,8.0,2.0,6.0,1.0,1.0,0.0,0.0,2.5,3.6,2.75,2.57,3.55,2.76
2526,2025-12-20,1. FC Koln,Union Berlin,0,1,A,13.0,11.0,2.0,3.0,3.0,6.0,2.0,5.0,1.0,0.0,2.3,3.3,3.1,2.37,3.4,3.15
2526,2025-12-20,Hamburger SV,Eintracht Frankfurt,1,1,D,9.0,9.0,3.0,3.0,5.0,5.0,0.0,0.0,0.0,0.0,2.6,3.6,2.55,2.71,3.55,2.51
2526,2025-12-20,FC Augsburg,Werder Bremen,0,0,D,14.0,9.0,6.0,0.0,6.0,11.0,3.0,4.0,0.0,0.0,2.25,3.5,3.1,2.28,3.56,3.19
2526,2025-12-21,FSV Mainz 05,FC St. Pauli,0,0,D,13.0,5.0,1.0,1.0,9.0,5.0,1.0,1.0,0.0,0.0,1.95,3.4,4.1,1.98,3.5,4.11
2526,2025-12-21,1. FC Heidenheim,Bayern Munich,0,4,A,8.0,23.0,1.0,11.0,0.0,6.0,0.0,0.0,0.0,0.0,13.0,9.5,1.14,17.17,10.24,1.13
2526,2026-01-09,Eintracht Frankfurt,Borussia Dortmund,3,3,D,12.0,16.0,6.0,6.0,2.0,5.0,3.0,3.0,0.0,0.0,3.6,3.8,1.95,3.62,3.85,2.03
2526,2026-01-10,Union Berlin,FSV Mainz 05,2,2,D,17.0,9.0,5.0,6.0,2.0,1.0,2.0,0.0,0.0,0.0,2.15,3.25,3.7,2.14,3.2,3.92
2526,2026-01-10,Bayer Leverkusen,VfB Stuttgart,1,4,A,16.0,10.0,4.0,7.0,5.0,3.0,4.0,2.0,0.0,0.0,1.95,4.1,3.4,1.95,4.05,3.63
2526,2026-01-10,SC Freiburg,Hamburger SV,2,1,H,20.0,10.0,7.0,5.0,0.0,3.0,3.0,5.0,0.0,1.0,1.8,3.6,4.5,1.81,3.56,4.95
2526,2026-01-10,1. FC Heidenheim,1. FC Koln,2,2,D,14.0,21.0,6.0,9.0,5.0,4.0,2.0,1.0,0.0,0.0,2.9,3.5,2.38,2.95,3.58,2.41
2526,2026-01-11,Borussia Monchengladbach,FC Augsburg,4,0,H,12.0,17.0,7.0,2.0,2.0,2.0,0.0,1.0,0.0,0.0,1.85,3.8,4.0,1.93,3.73,4.04
2526,2026-01-11,Bayern Munich,VfL Wolfsburg,8,1,H,16.0,8.0,10.0,3.0,6.0,2.0,0.0,1.0,0.0,0.0,1.11,11.0,17.0,1.1,12.15,18.99
2526,2026-01-13,VfB Stuttgart,Eintracht Frankfurt,3,2,H,20.0,12.0,11.0,5.0,10.0,2.0,2.0,2.0,0.0,0.0,1.73,4.2,4.2,1.81,4.01,4.25
2526,2026-01-13,Borussia Dortmund,Werder Bremen,3,0,H,18.0,6.0,8.0,3.0,3.0,3.0,2.0,0.0,0.0,0.0,1.4,5.0,7.0,1.36,5.64,7.94
2526,2026-01-13,FSV Mainz 05,1. FC Heidenheim,2,1,H,13.0,15.0,6.0,4.0,4.0,1.0,2.0,2.0,0.0,0.0,1.75,3.8,4.33,1.67,3.85,5.58
2526,2026-01-14,RB Leipzig,SC Freiburg,2,0,H,21.0,3.0,7.0,1.0,7.0,2.0,0.0,4.0,0.0,0.0,1.7,4.0,4.5,1.72,4.16,4.63
2526,2026-01-14,VfL Wolfsburg,FC St. Pauli,2,1,H,13.0,9.0,5.0,4.0,7.0,4.0,1.0,2.0,0.0,0.0,1.91,3.7,3.8,1.9,3.75,4.14
2526,2026-01-14,1. FC Koln,Bayern Munich,1,3,A,8.0,19.0,3.0,8.0,4.0,6.0,0.0,0.0,0.0,0.0,10.5,7.5,1.22,9.41,6.82,1.26
2526,2026-01-14,TSG Hoffenheim,Borussia Monchengladbach,5,1,H,18.0,7.0,10.0,5.0,6.0,2.0,1.0,1.0,0.0,0.0,1.85,3.9,3.8,1.85,4.05,4.05
2526,2026-01-15,FC Augsburg,Union Berlin,1,1,D,9.0,16.0,5.0,3.0,3.0,3.0,1.0,0.0,0.0,1.0,2.6,3.2,2.8,2.63,3.26,2.89
2526,2026-01-16,Werder Bremen,Eintracht Frankfurt,3,3,D,13.0,8.0,4.0,4.0,4.0,1.0,1.0,4.0,0.0,0.0,2.7,3.5,2.5,,,
2526,2026-01-17,Borussia Dortmund,FC St. Pauli,3,2,H,10.0,9.0,6.0,5.0,5.0,5.0,3.0,1.0,0.0,0.0,1.33,5.25,10.0,,,
2526,2026-01-17,1. FC Koln,FSV Mainz 05,2,1,H,20.0,11.0,6.0,7.0,9.0,5.0,4.0,4.0,0.0,0.0,2.15,3.5,3.25,,,
2526,2026-01-17,Hamburger SV,Borussia Monchengladbach,0,0,D,25.0,6.0,12.0,0.0,2.0,5.0,1.0,2.0,0.0,0.0,2.45,3.5,2.8,,,
2526,2026-01-17,TSG Hoffenheim,Bayer Leverkusen,1,0,H,19.0,8.0,8.0,2.0,3.0,5.0,2.0,1.0,0.0,0.0,2.4,3.8,2.7,,,
2526,2026-01-17,VfL Wolfsburg,1. FC Heidenheim,1,1,D,13.0,13.0,4.0,3.0,9.0,6.0,4.0,3.0,0.0,0.0,1.67,4.0,5.0,,,
2526,2026-01-17,RB Leipzig,Bayern Munich,1,5,A,17.0,19.0,4.0,12.0,5.0,9.0,1.0,0.0,0.0,0.0,5.0,4.75,1.55,,,
2526,2026-01-18,VfB Stuttgart,Union Berlin,1,1,D,13.0,20.0,4.0,3.0,3.0,8.0,1.0,1.0,0.0,0.0,1.65,3.9,5.25,,,
2526,2026-01-18,FC Augsburg,SC Freiburg,2,2,D,13.0,12.0,5.0,5.0,9.0,6.0,3.0,2.0,0.0,0.0,2.9,3.3,2.45,,,
2526,2026-01-23,FC St. Pauli,Hamburger SV,0,0,D,8.0,5.0,3.0,2.0,5.0,4.0,1.0,1.0,0.0,0.0,2.88,2.9,2.75,,,
2526,2026-01-24,Union Berlin,Borussia Dortmund,0,3,A,10.0,15.0,3.0,5.0,7.0,2.0,0.0,1.0,0.0,0.0,3.6,3.5,2.05,,,
2526,2026-01-24,FSV Mainz 05,VfL Wolfsburg,3,1,H,20.0,7.0,9.0,2.0,15.0,1.0,3.0,2.0,0.0,0.0,2.3,3.5,3.0,,,
2526,2026-01-24,Bayer Leverkusen,Werder Bremen,1,0,H,13.0,17.0,4.0,3.0,5.0,5.0,2.0,3.0,0.0,0.0,1.62,4.2,5.25,,,
2526,2026-01-24,1. FC Heidenheim,RB Leipzig,0,3,A,7.0,11.0,2.0,8.0,4.0,0.0,1.0,0.0,0.0,0.0,5.0,4.5,1.57,,,
2526,2026-01-24,Eintracht Frankfurt,TSG Hoffenheim,1,3,A,9.0,10.0,3.0,5.0,6.0,6.0,0.0,4.0,0.0,0.0,2.8,3.75,2.3,,,
2526,2026-01-24,Bayern Munich,FC Augsburg,1,2,A,15.0,16.0,6.0,6.0,9.0,3.0,1.0,1.0,0.0,0.0,1.1,12.0,17.0,,,
2526,2026-01-25,Borussia Monchengladbach,VfB Stuttgart,0,3,A,12.0,17.0,3.0,8.0,1.0,4.0,1.0,1.0,0.0,0.0,3.0,3.75,2.2,,,
2526,2026-01-25,SC Freiburg,1. FC Koln,2,1,H,13.0,19.0,5.0,4.0,5.0,5.0,1.0,2.0,0.0,0.0,1.9,3.75,3.8,,,
2526,2026-01-27,FC St. Pauli,RB Leipzig,1,1,D,7.0,12.0,2.0,5.0,4.0,3.0,0.0,1.0,0.0,0.0,4.5,3.5,1.8,,,
2526,2026-01-27,Werder Bremen,TSG Hoffenheim,0,2,A,26.0,12.0,3.0,3.0,6.0,7.0,2.0,2.0,0.0,1.0,3.7,3.6,2.0,,,
2526,2026-01-30,1. FC Koln,VfL Wolfsburg,1,0,H,15.0,14.0,3.0,3.0,3.0,4.0,1.0,4.0,0.0,0.0,1.95,3.8,3.5,,,
2526,2026-01-31,Hamburger SV,Bayern Munich,2,2,D,14.0,13.0,4.0,7.0,3.0,9.0,6.0,4.0,0.0,0.0,8.0,6.5,1.29,,,
2526,2026-01-31,Werder Bremen,Borussia Monchengladbach,1,1,D,18.0,7.0,6.0,2.0,7.0,3.0,0.0,1.0,0.0,0.0,2.45,3.6,2.75,,,
2526,2026-01-31,RB Leipzig,FSV Mainz 05,1,2,A,15.0,11.0,4.0,4.0,5.0,4.0,0.0,4.0,0.0,0.0,1.55,4.5,5.5,,,
2526,2026-01-31,FC Augsburg,FC St. Pauli,2,1,H,12.0,17.0,6.0,5.0,5.0,5.0,3.0,1.0,0.0,0.0,2.0,3.3,4.1,,,
2526,2026-01-31,Eintracht Frankfurt,Bayer Leverkusen,1,3,A,11.0,11.0,4.0,4.0,8.0,3.0,3.0,1.0,1.0,0.0,3.0,3.8,2.2,,,
2526,2026-01-31,TSG Hoffenheim,Union Berlin,3,1,H,9.0,16.0,4.0,3.0,3.0,10.0,2.0,2.0,0.0,0.0,1.8,3.8,4.33,,,
2526,2026-02-01,VfB Stuttgart,SC Freiburg,1,0,H,18.0,11.0,7.0,2.0,6.0,2.0,3.0,1.0,0.0,0.0,1.67,4.1,4.75,,,
2526,2026-02-01,Borussia Dortmund,1. FC Heidenheim,3,2,H,19.0,12.0,5.0,3.0,12.0,3.0,2.0,2.0,0.0,0.0,1.22,6.5,12.0,,,
2526,2026-02-06,Union Berlin,Eintracht Frankfurt,1,1,D,11.0,3.0,3.0,1.0,5.0,2.0,4.0,3.0,0.0,1.0,2.0,3.5,3.6,,,
2526,2026-02-07,Borussia Monchengladbach,Bayer Leverkusen,1,1,D,9.0,10.0,6.0,2.0,2.0,2.0,2.0,3.0,0.0,0.0,3.5,3.75,2.0,,,
2526,2026-02-07,VfL Wolfsburg,Borussia Dortmund,1,2,A,12.0,21.0,2.0,4.0,4.0,8.0,1.0,1.0,0.0,0.0,4.2,4.2,1.73,,,
2526,2026-02-07,FC St. Pauli,VfB Stuttgart,2,1,H,15.0,7.0,7.0,3.0,5.0,5.0,0.0,2.0,0.0,0.0,4.33,3.75,1.8,,,
2526,2026-02-07,1. FC Heidenheim,Hamburger SV,0,2,A,20.0,14.0,4.0,5.0,10.0,8.0,0.0,2.0,0.0,0.0,2.88,3.5,2.45,,,
2526,2026-02-07,SC Freiburg,Werder Bremen,1,0,H,7.0,17.0,2.0,5.0,4.0,8.0,0.0,1.0,1.0,0.0,1.83,3.75,4.2,,,
2526,2026-02-07,FSV Mainz 05,FC Augsburg,2,0,H,10.0,14.0,6.0,6.0,6.0,4.0,2.0,2.0,0.0,0.0,2.05,3.6,3.5,,,
2526,2026-02-08,1. FC Koln,RB Leipzig,1,2,A,10.0,19.0,3.0,4.0,4.0,3.0,1.0,4.0,0.0,0.0,3.25,3.8,2.1,,,
2526,2026-02-08,Bayern Munich,TSG Hoffenheim,5,1,H,27.0,9.0,14.0,4.0,8.0,3.0,2.0,2.0,0.0,1.0,1.29,7.0,7.5,,,
2526,2026-02-13,Borussia Dortmund,FSV Mainz 05,4,0,H,14.0,10.0,8.0,5.0,7.0,2.0,3.0,2.0,0.0,0.0,1.53,4.5,5.5,,,
2526,2026-02-14,Werder Bremen,Bayern Munich,0,3,A,14.0,11.0,3.0,8.0,2.0,4.0,3.0,1.0,0.0,0.0,8.0,6.0,1.3,,,
2526,2026-02-14,VfB Stuttgart,1. FC Koln,3,1,H,13.0,10.0,4.0,3.0,2.0,5.0,4.0,1.0,0.0,0.0,1.45,4.75,6.5,,,
2526,2026-02-14,Bayer Leverkusen,FC St. Pauli,4,0,H,12.0,11.0,7.0,1.0,8.0,3.0,0.0,1.0,0.0,0.0,1.45,3.75,6.5,,,
2526,2026-02-14,Eintracht Frankfurt,Borussia Monchengladbach,3,0,H,12.0,20.0,9.0,3.0,2.0,8.0,3.0,2.0,0.0,0.0,1.95,3.5,4.0,,,
2526,2026-02-14,Hamburger SV,Union Berlin,3,2,H,13.0,12.0,4.0,5.0,6.0,3.0,3.0,0.0,0.0,0.0,2.5,3.25,2.9,,,
2526,2026-02-14,TSG Hoffenheim,SC Freiburg,3,0,H,25.0,13.0,7.0,3.0,6.0,6.0,3.0,1.0,0.0,0.0,1.73,3.9,4.5,,,
2526,2026-02-15,FC Augsburg,1. FC Heidenheim,1,0,H,12.0,16.0,4.0,2.0,4.0,5.0,1.0,2.0,0.0,0.0,1.85,3.6,4.2,,,
2526,2026-02-15,RB Leipzig,VfL Wolfsburg,2,2,D,20.0,10.0,10.0,3.0,6.0,2.0,1.0,2.0,0.0,0.0,1.44,4.75,6.5,,,
2526,2026-02-20,FSV Mainz 05,Hamburger SV,1,1,D,17.0,14.0,3.0,5.0,7.0,2.0,3.0,2.0,0.0,0.0,2.1,3.4,3.5,,,
2526,2026-02-21,Bayern Munich,Eintracht Frankfurt,3,2,H,24.0,9.0,11.0,3.0,8.0,2.0,0.0,3.0,0.0,0.0,1.14,9.5,13.0,,,
2526,2026-02-21,1. FC Koln,TSG Hoffenheim,2,2,D,9.0,18.0,4.0,6.0,3.0,10.0,1.0,3.0,0.0,0.0,3.3,3.8,2.05,,,
2526,2026-02-21,Union Berlin,Bayer Leverkusen,1,0,H,8.0,16.0,4.0,1.0,4.0,5.0,5.0,2.0,0.0,0.0,3.0,3.3,2.38,,,
2526,2026-02-21,VfL Wolfsburg,FC Augsburg,2,3,A,10.0,15.0,4.0,6.0,4.0,10.0,3.0,4.0,0.0,0.0,2.05,3.4,3.75,,,
2526,2026-02-21,RB Leipzig,Borussia Dortmund,2,2,D,13.0,11.0,3.0,5.0,6.0,2.0,3.0,4.0,0.0,0.0,2.15,3.8,3.1,,,
2526,2026-02-22,SC Freiburg,Borussia Monchengladbach,2,1,H,10.0,12.0,6.0,2.0,3.0,3.0,1.0,2.0,0.0,0.0,1.95,3.25,4.33,,,
2526,2026-02-22,FC St. Pauli,Werder Bremen,2,1,H,5.0,13.0,4.0,4.0,1.0,5.0,2.0,6.0,0.0,0.0,2.75,3.1,2.75,,,
2526,2026-02-22,1. FC Heidenheim,VfB Stuttgart,3,3,D,10.0,12.0,6.0,8.0,3.0,4.0,1.0,2.0,0.0,0.0,4.5,4.0,1.7,,,
2526,2026-02-27,FC Augsburg,1. FC Koln,2,0,H,14.0,10.0,4.0,3.0,6.0,9.0,4.0,1.0,0.0,0.0,2.2,3.5,3.25,,,
2526,2026-02-28,Borussia Dortmund,Bayern Munich,2,3,A,10.0,14.0,2.0,6.0,5.0,2.0,1.0,0.0,0.0,0.0,4.5,4.75,1.6,,,
2526,2026-02-28,Borussia Monchengladbach,Union Berlin,1,0,H,21.0,6.0,7.0,2.0,6.0,2.0,4.0,5.0,0.0,0.0,2.38,3.3,3.0,,,
2526,2026-02-28,Werder Bremen,1. FC Heidenheim,2,0,H,17.0,9.0,6.0,0.0,3.0,2.0,1.0,0.0,0.0,0.0,1.75,4.0,4.33,,,
2526,2026-02-28,TSG Hoffenheim,FC St. Pauli,0,1,A,20.0,11.0,11.0,3.0,10.0,3.0,1.0,2.0,0.0,0.0,1.48,4.75,6.0,,,
2526,2026-02-28,Bayer Leverkusen,FSV Mainz 05,1,1,D,12.0,8.0,5.0,4.0,6.0,2.0,1.0,2.0,0.0,0.0,1.7,4.0,4.5,,,
2526,2026-03-01,VfB Stuttgart,VfL Wolfsburg,4,0,H,24.0,10.0,11.0,3.0,7.0,3.0,1.0,0.0,0.0,0.0,1.5,4.75,5.25,,,
2526,2026-03-01,Eintracht Frankfurt,SC Freiburg,2,0,H,15.0,4.0,7.0,2.0,5.0,6.0,1.0,2.0,0.0,0.0,2.2,3.5,3.2,,,
2526,2026-03-01,Hamburger SV,RB Leipzig,1,2,A,7.0,13.0,3.0,5.0,4.0,9.0,3.0,2.0,0.0,0.0,3.3,3.5,2.15,,,
2526,2026-03-04,Hamburger SV,Bayer Leverkusen,0,1,A,10.0,14.0,3.0,4.0,2.0,7.0,0.0,2.0,0.0,0.0,3.5,3.6,2.05,,,
2526,2026-03-06,Bayern Munich,Borussia Monchengladbach,4,1,H,18.0,10.0,9.0,5.0,7.0,1.0,1.0,0.0,0.0,1.0,1.2,8.5,9.5,,,
2526,2026-03-07,1. FC Koln,Borussia Dortmund,1,2,A,14.0,13.0,4.0,5.0,9.0,4.0,1.0,1.0,1.0,0.0,4.1,4.0,1.75,,,
2526,2026-03-07,VfL Wolfsburg,Hamburger SV,1,2,A,14.0,10.0,4.0,7.0,7.0,3.0,3.0,3.0,1.0,0.0,2.3,3.5,3.0,,,
2526,2026-03-07,RB Leipzig,FC Augsburg,2,1,H,17.0,16.0,8.0,5.0,6.0,8.0,0.0,2.0,0.0,0.0,1.42,5.0,6.5,,,
2526,2026-03-07,1. FC Heidenheim,TSG Hoffenheim,2,4,A,8.0,16.0,2.0,7.0,4.0,3.0,0.0,0.0,0.0,0.0,5.0,4.5,1.57,,,
2526,2026-03-07,SC Freiburg,Bayer Leverkusen,3,3,D,21.0,17.0,9.0,5.0,5.0,2.0,3.0,3.0,0.0,0.0,2.9,3.3,2.4,,,
2526,2026-03-07,FSV Mainz 05,VfB Stuttgart,2,2,D,18.0,11.0,6.0,4.0,5.0,6.0,0.0,2.0,0.0,0.0,3.2,3.6,2.15,,,
2526,2026-03-08,FC St. Pauli,Eintracht Frankfurt,0,0,D,11.0,8.0,2.0,2.0,6.0,5.0,2.0,1.0,0.0,0.0,2.63,3.4,2.6,,,
2526,2026-03-08,Union Berlin,Werder Bremen,1,4,A,9.0,15.0,2.0,5.0,1.0,3.0,1.0,3.0,1.0,0.0,2.25,3.4,3.25,,,
2526,2026-03-13,Borussia Monchengladbach,FC St. Pauli,2,0,H,10.0,8.0,4.0,1.0,2.0,2.0,1.0,2.0,0.0,0.0,1.91,3.4,4.2,,,
2526,2026-03-14,Hamburger SV,1. FC Koln,1,1,D,5.0,10.0,1.0,2.0,1.0,8.0,2.0,4.0,0.0,0.0,2.1,3.6,3.25,,,
2526,2026-03-14,Bayer Leverkusen,Bayern Munich,1,1,D,21.0,11.0,7.0,5.0,4.0,1.0,3.0,4.0,0.0,2.0,5.25,4.33,1.55,,,
2526,2026-03-14,TSG Hoffenheim,VfL Wolfsburg,1,1,D,21.0,4.0,6.0,2.0,16.0,4.0,0.0,3.0,0.0,0.0,1.44,4.75,6.5,,,
2526,2026-03-14,Eintracht Frankfurt,1. FC Heidenheim,1,0,H,12.0,3.0,4.0,1.0,5.0,4.0,3.0,2.0,1.0,0.0,1.53,4.5,5.5,,,
2526,2026-03-14,Borussia Dortmund,FC Augsburg,2,0,H,16.0,7.0,5.0,3.0,12.0,2.0,0.0,0.0,0.0,0.0,1.42,4.75,7.0,,,
2526,2026-03-15,Werder Bremen,FSV Mainz 05,0,2,A,16.0,11.0,3.0,2.0,9.0,4.0,2.0,1.0,0.0,0.0,2.2,3.5,3.2,,,
2526,2026-03-15,SC Freiburg,Union Berlin,0,1,A,19.0,9.0,6.0,4.0,6.0,2.0,0.0,2.0,0.0,0.0,2.15,3.3,3.5,,,
2526,2026-03-15,VfB Stuttgart,RB Leipzig,1,0,H,13.0,9.0,4.0,4.0,5.0,6.0,1.0,2.0,0.0,0.0,2.3,3.9,2.7,,,
2526,2026-03-20,RB Leipzig,TSG Hoffenheim,5,0,H,14.0,8.0,9.0,2.0,1.0,3.0,1.0,1.0,0.0,0.0,1.91,4.0,3.5,,,
2526,2026-03-21,Borussia Dortmund,Hamburger SV,3,2,H,24.0,4.0,8.0,4.0,11.0,3.0,2.0,3.0,0.0,0.0,1.4,5.0,7.0,,,
2526,2026-03-21,VfL Wolfsburg,Werder Bremen,0,1,A,11.0,8.0,4.0,3.0,8.0,4.0,3.0,0.0,1.0,0.0,2.35,3.6,2.8,,,
2526,2026-03-21,1. FC Heidenheim,Bayer Leverkusen,3,3,D,9.0,14.0,5.0,5.0,2.0,5.0,4.0,4.0,0.0,0.0,5.25,4.5,1.57,,,
2526,2026-03-21,1. FC Koln,Borussia Monchengladbach,3,3,D,12.0,9.0,5.0,3.0,5.0,3.0,8.0,2.0,1.0,0.0,2.25,3.5,3.1,,,
2526,2026-03-21,Bayern Munich,Union Berlin,4,0,H,31.0,5.0,9.0,1.0,12.0,1.0,1.0,2.0,0.0,0.0,1.17,8.0,13.0,,,
2526,2026-03-22,FSV Mainz 05,Eintracht Frankfurt,2,1,H,8.0,12.0,5.0,4.0,5.0,3.0,2.0,1.0,0.0,0.0,2.1,3.7,3.25,,,
2526,2026-03-22,FC St. Pauli,SC Freiburg,1,2,A,12.0,15.0,5.0,6.0,3.0,2.0,1.0,1.0,0.0,0.0,2.7,3.1,2.8,,,
2526,2026-03-22,FC Augsburg,VfB Stuttgart,2,5,A,13.0,13.0,7.0,8.0,2.0,5.0,1.0,3.0,0.0,0.0,3.5,3.8,2.0,,,
2526,2026-04-04,VfB Stuttgart,Borussia Dortmund,0,2,A,13.0,5.0,3.0,3.0,5.0,2.0,2.0,4.0,0.0,0.0,2.3,3.9,2.8,,,
2526,2026-04-04,Borussia Monchengladbach,1. FC Heidenheim,2,2,D,15.0,15.0,7.0,7.0,2.0,3.0,4.0,0.0,0.0,0.0,1.57,4.33,5.25,,,
2526,2026-04-04,Bayer Leverkusen,VfL Wolfsburg,6,3,H,25.0,11.0,11.0,5.0,12.0,2.0,1.0,3.0,0.0,0.0,1.4,5.0,7.0,,,
2526,2026-04-04,Werder Bremen,RB Leipzig,1,2,A,13.0,7.0,5.0,2.0,1.0,0.0,2.0,1.0,0.0,0.0,3.6,4.0,1.91,,,
2526,2026-04-04,Hamburger SV,FC Augsburg,1,1,D,18.0,18.0,4.0,3.0,9.0,2.0,2.0,3.0,1.0,0.0,2.25,3.5,3.2,,,
2526,2026-04-04,TSG Hoffenheim,FSV Mainz 05,1,2,A,16.0,9.0,5.0,5.0,7.0,3.0,4.0,1.0,0.0,0.0,1.7,4.0,4.75,,,
2526,2026-04-04,SC Freiburg,Bayern Munich,2,3,A,13.0,21.0,4.0,9.0,5.0,8.0,3.0,3.0,0.0,0.0,6.5,5.5,1.4,,,
2526,2026-04-05,Union Berlin,FC St. Pauli,1,1,D,16.0,9.0,8.0,2.0,7.0,2.0,0.0,2.0,0.0,1.0,2.1,3.25,3.75,,,
2526,2026-04-05,Eintracht Frankfurt,1. FC Koln,2,2,D,20.0,14.0,7.0,9.0,8.0,0.0,1.0,2.0,0.0,0.0,2.0,3.5,3.6,,,
2526,2026-04-10,FC Augsburg,TSG Hoffenheim,2,2,D,17.0,13.0,8.0,4.0,4.0,4.0,5.0,3.0,0.0,0.0,3.5,3.75,2.0,,,
2526,2026-04-11,VfL Wolfsburg,Eintracht Frankfurt,1,2,A,22.0,10.0,7.0,4.0,7.0,7.0,2.0,1.0,0.0,0.0,2.55,3.6,2.55,,,
2526,2026-04-11,RB Leipzig,Borussia Monchengladbach,1,0,H,24.0,15.0,11.0,3.0,11.0,4.0,4.0,1.0,0.0,0.0,1.53,4.75,5.5,,,
2526,2026-04-11,FC St. Pauli,Bayern Munich,0,5,A,6.0,20.0,3.0,8.0,3.0,4.0,1.0,2.0,0.0,0.0,8.0,5.0,1.36,,,
2526,2026-04-11,Borussia Dortmund,Bayer Leverkusen,0,1,A,14.0,11.0,1.0,4.0,5.0,5.0,3.0,0.0,0.0,0.0,1.95,3.8,3.6,,,
2526,2026-04-11,1. FC Heidenheim,Union Berlin,3,1,H,7.0,10.0,3.0,3.0,3.0,5.0,0.0,2.0,0.0,0.0,2.9,3.6,2.3,,,
2526,2026-04-12,1. FC Koln,Werder Bremen,3,1,H,25.0,6.0,8.0,2.0,8.0,5.0,3.0,2.0,0.0,1.0,2.2,3.5,3.2,,,
2526,2026-04-12,VfB Stuttgart,Hamburger SV,4,0,H,23.0,9.0,11.0,5.0,8.0,2.0,2.0,1.0,0.0,0.0,1.4,4.75,7.0,,,
2526,2026-04-12,FSV Mainz 05,SC Freiburg,0,1,A,10.0,8.0,3.0,3.0,6.0,4.0,1.0,3.0,0.0,0.0,2.25,3.1,3.5,,,
2526,2026-04-17,FC St. Pauli,1. FC Koln,1,1,D,14.0,10.0,6.0,1.0,8.0,5.0,4.0,1.0,0.0,0.0,2.88,3.3,2.45,,,
2526,2026-04-18,Eintracht Frankfurt,RB Leipzig,1,3,A,16.0,19.0,5.0,8.0,4.0,6.0,0.0,1.0,0.0,0.0,3.4,4.0,2.0,,,
2526,2026-04-18,TSG Hoffenheim,Borussia Dortmund,2,1,H,13.0,8.0,4.0,3.0,4.0,3.0,2.0,3.0,0.0,0.0,2.5,4.0,2.5,,,
2526,2026-04-18,Bayer Leverkusen,FC Augsburg,1,2,A,35.0,11.0,10.0,5.0,11.0,4.0,2.0,1.0,0.0,0.0,1.4,5.0,7.0,,,
2526,2026-04-18,Union Berlin,VfL Wolfsburg,1,2,A,25.0,5.0,7.0,4.0,11.0,4.0,1.0,1.0,0.0,0.0,2.15,3.6,3.25,,,
2526,2026-04-18,Werder Bremen,Hamburger SV,3,1,H,18.0,11.0,10.0,3.0,7.0,3.0,4.0,3.0,0.0,1.0,1.95,3.6,3.75,,,
2526,2026-04-19,Borussia Monchengladbach,FSV Mainz 05,1,1,D,9.0,17.0,4.0,7.0,0.0,6.0,5.0,2.0,0.0,0.0,2.35,3.5,2.9,,,
2526,2026-04-19,SC Freiburg,1. FC Heidenheim,2,1,H,17.0,13.0,4.0,2.0,5.0,4.0,1.0,0.0,0.0,0.0,1.67,4.1,4.75,,,
2526,2026-04-19,Bayern Munich,VfB Stuttgart,4,2,H,28.0,11.0,9.0,7.0,11.0,3.0,0.0,0.0,0.0,0.0,1.4,5.5,6.5,,,
2526,2026-04-24,RB Leipzig,Union Berlin,3,1,H,20.0,5.0,10.0,1.0,10.0,4.0,1.0,1.0,0.0,0.0,1.48,4.75,6.0,,,
2526,2026-04-25,FC Augsburg,Eintracht Frankfurt,1,1,D,17.0,19.0,3.0,7.0,9.0,7.0,1.0,2.0,0.0,0.0,2.5,3.8,2.5,,,
2526,2026-04-25,1. FC Koln,Bayer Leverkusen,1,2,A,25.0,8.0,10.0,3.0,2.0,5.0,1.0,2.0,0.0,0.0,3.8,4.0,1.85,,,
2526,2026-04-25,1. FC Heidenheim,FC St. Pauli,2,0,H,12.0,11.0,5.0,2.0,6.0,6.0,0.0,1.0,0.0,0.0,2.3,3.5,3.0,,,
2526,2026-04-25,FSV Mainz 05,Bayern Munich,3,4,A,21.0,11.0,8.0,6.0,4.0,4.0,1.0,2.0,0.0,0.0,4.33,4.5,1.67,,,
2526,2026-04-25,VfL Wolfsburg,Borussia Monchengladbach,0,0,D,12.0,10.0,4.0,2.0,8.0,5.0,1.0,3.0,0.0,1.0,2.2,3.75,3.0,,,
2526,2026-04-25,Hamburger SV,TSG Hoffenheim,1,2,A,12.0,15.0,4.0,6.0,4.0,9.0,2.0,4.0,0.0,0.0,4.0,4.0,1.75,,,
2526,2026-04-26,VfB Stuttgart,Werder Bremen,1,1,D,20.0,9.0,4.0,3.0,14.0,2.0,0.0,1.0,0.0,0.0,1.53,4.33,5.5,,,
2526,2026-04-26,Borussia Dortmund,SC Freiburg,4,0,H,17.0,7.0,5.0,4.0,5.0,0.0,1.0,0.0,0.0,0.0,1.36,5.25,7.5,,,
2526,2026-05-02,Werder Bremen,FC Augsburg,1,3,A,15.0,14.0,4.0,7.0,8.0,2.0,1.0,1.0,0.0,0.0,1.95,3.8,3.6,,,
2526,2026-05-02,Union Berlin,1. FC Koln,2,2,D,13.0,8.0,3.0,4.0,2.0,5.0,2.0,3.0,0.0,0.0,2.45,3.3,2.9,,,
2526,2026-05-02,Bayer Leverkusen,RB Leipzig,4,1,H,23.0,14.0,8.0,5.0,7.0,3.0,1.0,3.0,0.0,0.0,2.1,4.2,2.88,,,
2526,2026-05-02,Eintracht Frankfurt,Hamburger SV,1,2,A,8.0,9.0,5.0,4.0,9.0,4.0,6.0,1.0,1.0,0.0,1.73,4.1,4.33,,,
2526,2026-05-02,Bayern Munich,1. FC Heidenheim,3,3,D,23.0,12.0,7.0,5.0,13.0,5.0,3.0,2.0,0.0,0.0,1.25,7.0,9.5,,,
2526,2026-05-02,TSG Hoffenheim,VfB Stuttgart,3,3,D,22.0,14.0,9.0,5.0,4.0,5.0,3.0,1.0,0.0,1.0,2.3,4.2,2.6,,,
2526,2026-05-03,Borussia Monchengladbach,Borussia Dortmund,1,0,H,12.0,6.0,4.0,1.0,1.0,1.0,3.0,1.0,0.0,0.0,3.75,3.8,1.91,,,
2526,2026-05-03,SC Freiburg,VfL Wolfsburg,1,1,D,11.0,13.0,3.0,4.0,1.0,7.0,1.0,1.0,0.0,0.0,2.55,3.5,2.7,,,
2526,2026-05-03,FC St. Pauli,FSV Mainz 05,1,2,A,10.0,17.0,3.0,6.0,7.0,7.0,3.0,1.0,0.0,0.0,2.63,3.3,2.6,,,
2526,2026-05-08,Borussia Dortmund,Eintracht Frankfurt,3,2,H,13.0,9.0,8.0,4.0,6.0,2.0,3.0,0.0,0.0,0.0,1.67,4.33,4.5,,,
2526,2026-05-09,FC Augsburg,Borussia Monchengladbach,3,1,H,15.0,16.0,10.0,4.0,2.0,2.0,2.0,2.0,0.0,0.0,2.05,3.75,3.3,,,
2526,2026-05-09,TSG Hoffenheim,Werder Bremen,1,0,H,15.0,11.0,4.0,2.0,8.0,3.0,1.0,2.0,0.0,1.0,1.45,5.0,5.75,,,
2526,2026-05-09,RB Leipzig,FC St. Pauli,2,1,H,13.0,7.0,5.0,3.0,3.0,5.0,2.0,0.0,0.0,0.0,1.3,5.5,9.5,,,
2526,2026-05-09,VfB Stuttgart,Bayer Leverkusen,3,1,H,20.0,6.0,9.0,5.0,7.0,6.0,2.0,1.0,0.0,0.0,2.15,4.0,2.8,,,
2526,2026-05-09,VfL Wolfsburg,Bayern Munich,0,1,A,17.0,16.0,5.0,9.0,6.0,3.0,1.0,0.0,0.0,0.0,4.5,4.33,1.65,,,
2526,2026-05-10,Hamburger SV,SC Freiburg,3,2,H,14.0,5.0,5.0,3.0,2.0,4.0,2.0,2.0,0.0,0.0,2.75,3.6,2.4,,,
2526,2026-05-10,1. FC Koln,1. FC Heidenheim,1,3,A,18.0,11.0,7.0,5.0,6.0,4.0,2.0,2.0,0.0,0.0,1.91,4.1,3.4,,,
2526,2026-05-10,FSV Mainz 05,Union Berlin,1,3,A,14.0,16.0,3.0,9.0,7.0,8.0,2.0,1.0,0.0,0.0,1.75,4.0,4.33,,,
2526,2026-05-16,Borussia Monchengladbach,TSG Hoffenheim,4,0,H,9.0,11.0,6.0,3.0,2.0,9.0,4.0,6.0,0.0,1.0,4.33,4.5,1.67,,,
2526,2026-05-16,FC St. Pauli,VfL Wolfsburg,1,3,A,11.0,19.0,2.0,10.0,8.0,9.0,2.0,3.0,0.0,0.0,2.8,3.75,2.35,,,
2526,2026-05-16,Bayer Leverkusen,Hamburger SV,1,1,D,26.0,19.0,9.0,6.0,8.0,3.0,1.0,2.0,0.0,0.0,1.25,6.75,9.5,,,
2526,2026-05-16,Union Berlin,FC Augsburg,4,0,H,17.0,11.0,9.0,1.0,4.0,9.0,3.0,1.0,0.0,0.0,2.6,3.9,2.4,,,
2526,2026-05-16,SC Freiburg,RB Leipzig,4,1,H,11.0,14.0,5.0,6.0,1.0,2.0,0.0,1.0,0.0,0.0,2.7,4.0,2.3,,,
2526,2026-05-16,Eintracht Frankfurt,VfB Stuttgart,2,2,D,16.0,13.0,7.0,7.0,6.0,6.0,2.0,3.0,0.0,0.0,3.4,4.33,1.85,,,
2526,2026-05-16,Bayern Munich,1. FC Koln,5,1,H,19.0,9.0,7.0,2.0,5.0,5.0,1.0,1.0,0.0,0.0,1.14,9.5,14.0,,,
2526,2026-05-16,1. FC Heidenheim,FSV Mainz 05,0,2,A,15.0,15.0,5.0,9.0,6.0,3.0,1.0,1.0,0.0,0.0,1.91,4.33,3.4,,,
2526,2026-05-16,Werder Bremen,Borussia Dortmund,0,2,A,9.0,17.0,3.0,9.0,4.0,5.0,0.0,0.0,0.0,0.0,3.5,4.0,1.95,,,
